{"type":"FeatureCollection","features":[{"type":"Feature","id":1,"geometry":{"type":"MultiPolygon","coordinates":[[[[-75.539416271999983,6.2814086860000202],[-75.539513959999965,6.2814494490000357],[-75.539530368999976,6.2814220810000734],[-75.539549305999969,6.2813265700000329],[-75.539550313999939,6.2813188510000373],[-75.539524420999953,6.281290456000022],[-75.539491925999982,6.2812604180000449],[-75.539342925999961,6.2811735210000279],[-75.539243216999978,6.281168540000067],[-75.53921140999995,6.2812797510000564],[-75.539332156999933,6.2813766270000428],[-75.539330076999988,6.281389435000051],[-75.539329350999935,6.2814046100000382],[-75.539399419999938,6.28143525400003],[-75.539416271999983,6.2814086860000202]]],[[[-75.538364478999938,6.2806638620000399],[-75.53832059299998,6.2806119950000721],[-75.538222896999969,6.2805953770000542],[-75.538206459999969,6.2805741150000358],[-75.538161669999965,6.2804921540000578],[-75.538114195999981,6.2804672130000654],[-75.538209778999942,6.2808800890000498],[-75.53826518599999,6.2809094000000414],[-75.538257634999979,6.2809220440000217],[-75.538257542999986,6.2809380000000488],[-75.538219992999984,6.2810045070000342],[-75.538210126999957,6.2810219090000601],[-75.53813514899997,6.2811478720000764],[-75.538134843999956,6.2811491970000475],[-75.538134554999942,6.2811504270000569],[-75.538081855999962,6.2812391290000278],[-75.538037211999949,6.2813149780000685],[-75.538014422999936,6.2813347230000431],[-75.538002108999933,6.2813543640000375],[-75.537989807999963,6.2813733650000358],[-75.537968819999946,6.2814057840000714],[-75.537994623999964,6.2814314690000401],[-75.538013946999968,6.2814507010000398],[-75.538017689999947,6.2814544600000204],[-75.538040905999935,6.2814777780000668],[-75.538119274999985,6.2815565260000312],[-75.538139822999938,6.2815704050000249],[-75.538209995999978,6.2814275350000344],[-75.538141907999943,6.2813890940000761],[-75.538193346999947,6.2813144940000711],[-75.538235045999954,6.2813058840000622],[-75.538372325999944,6.2810549300000389],[-75.538486281999951,6.2809641350000334],[-75.538557408999964,6.2809264040000699],[-75.538611406999962,6.2809312810000506],[-75.538703207999959,6.2807282660000396],[-75.538770208999949,6.2807709190000764],[-75.538667665999981,6.2809264860000553],[-75.53874695899998,6.2809617170000251],[-75.538841054999978,6.281069829000046],[-75.539069058999985,6.2811857210000426],[-75.539137646999961,6.2810777970000231],[-75.538971916999969,6.281006489000049],[-75.539015192999955,6.2809790030000272],[-75.539063164999959,6.2808477010000274],[-75.539146519999974,6.2809099410000613],[-75.53924763599997,6.2809712620000369],[-75.539286360999938,6.2809139890000552],[-75.539346353999974,6.2807645490000255],[-75.539356080999937,6.2810472450000248],[-75.539543666999975,6.2810759010000652],[-75.539469355999984,6.2808307450000598],[-75.539465800999949,6.2808287020000648],[-75.539466155999946,6.2808201880000638],[-75.53939745699995,6.2805935470000236],[-75.539340175999939,6.2805761210000242],[-75.539269364999939,6.2808122810000668],[-75.539233576999948,6.2807778830000416],[-75.539111598999966,6.2807635170000253],[-75.539138535999939,6.2806764240000348],[-75.538978938999946,6.2806187300000715],[-75.538984597999956,6.2805703620000486],[-75.539017886999943,6.2804002350000587],[-75.539146555999935,6.2804116960000442],[-75.539204190999953,6.2803970560000266],[-75.539198973999987,6.2805156880000368],[-75.539277426999945,6.2805264840000632],[-75.539289642999961,6.2803990530000533],[-75.539264898999988,6.2802277940000408],[-75.539179881999985,6.2802676690000681],[-75.539109828999983,6.2802673530000561],[-75.53911747899997,6.2802285850000317],[-75.539218159999962,6.2801865940000425],[-75.53924086699999,6.2801712520000592],[-75.539245919999985,6.2801609170000461],[-75.539249192999989,6.2801566500000376],[-75.539227628999981,6.2800825000000486],[-75.53919523999997,6.2799963660000344],[-75.539181486999951,6.2799334090000229],[-75.53910190199997,6.2797688800000628],[-75.539045887999976,6.2796935080000367],[-75.539062655999942,6.279687746000036],[-75.53903476399995,6.2796300840000754],[-75.538981999999976,6.2795714160000671],[-75.538978562999944,6.2795668790000718],[-75.538967748999937,6.2795555690000242],[-75.53891437599998,6.2794962310000528],[-75.53890776999998,6.2794718620000367],[-75.538796109999964,6.2795367180000312],[-75.538874473999954,6.2796599660000538],[-75.538951693999934,6.2796437570000307],[-75.538935213999935,6.2797461610000482],[-75.538856434999957,6.2797522170000661],[-75.538816833999988,6.2796910180000509],[-75.538744516999941,6.2796869470000729],[-75.538634946999935,6.2797620610000422],[-75.538492363999978,6.279665633000036],[-75.538398047999976,6.2797286150000673],[-75.538300355999979,6.2798352610000734],[-75.538300478999986,6.2799017040000535],[-75.538267223999981,6.2799561790000666],[-75.538194987999987,6.279997374000061],[-75.538283039999953,6.2801177310000753],[-75.53821996399995,6.2801353360000576],[-75.538151284999969,6.2801777000000243],[-75.538103495999962,6.2802216930000441],[-75.538001566999981,6.2802867030000584],[-75.538123569999982,6.2804208610000387],[-75.538160565999988,6.2803878790000454],[-75.538218564999966,6.2804435300000705],[-75.538372545999948,6.2804060510000568],[-75.538412364999942,6.2805465000000709],[-75.53832737099998,6.2805642870000611],[-75.538364478999938,6.2806638620000399],[-75.538435469999968,6.280656423000039],[-75.538419466999983,6.2805788970000549],[-75.538514111999973,6.2805653630000506],[-75.538476336999963,6.2804173550000542],[-75.538488619999953,6.2803935830000341],[-75.538475242999937,6.2803484870000261],[-75.538465883999947,6.2803476470000419],[-75.538467541999978,6.2803225240000415],[-75.538493418999963,6.2803824540000619],[-75.538552720999974,6.2804051720000302],[-75.538704590999942,6.2803197750000663],[-75.538659416999963,6.2800374640000314],[-75.538559610999982,6.2799107520000348],[-75.538653541999963,6.2798634880000463],[-75.538654596999947,6.279795105000062],[-75.53870696599995,6.2797695240000735],[-75.538745399999982,6.2798674960000653],[-75.538832136999986,6.2798456870000336],[-75.538940367999942,6.2798536110000214],[-75.53898658199995,6.2798623490000409],[-75.538849391999975,6.2799096420000637],[-75.538789383999983,6.2799703470000736],[-75.538788275999934,6.2800296260000437],[-75.538789318999989,6.2800598070000433],[-75.538801087999957,6.2801784270000667],[-75.538907369999947,6.2801373300000591],[-75.538910591999979,6.2802081220000332],[-75.538845090999985,6.2802031500000339],[-75.538844506999965,6.2803105660000256],[-75.538915203999977,6.2803102230000718],[-75.538958674999947,6.2802843970000595],[-75.538969924999947,6.2803403650000291],[-75.538923103999934,6.2803405920000728],[-75.538897019999979,6.2804947400000515],[-75.538927998999952,6.2805450870000641],[-75.538891149999984,6.2805245280000577],[-75.538799476999941,6.2805205510000519],[-75.538774642999954,6.2806211150000308],[-75.538885122999943,6.2806522500000597],[-75.538959926999951,6.2806651380000744],[-75.53894287199995,6.2807214870000507],[-75.538883285999987,6.2807597350000606],[-75.538860875999944,6.2807212320000758],[-75.538811689999989,6.2807230100000311],[-75.538688519999937,6.2806878570000322],[-75.538616175999948,6.2806697350000604],[-75.538608766999971,6.280735896000067],[-75.53856548899995,6.2807355500000313],[-75.538514447999944,6.2807178700000463],[-75.53840678499995,6.2807138630000736],[-75.538364478999938,6.2806638620000399]],[[-75.538393515999985,6.2800729600000409],[-75.538499946999934,6.2799985410000545],[-75.53852186499995,6.2802132170000391],[-75.538441173999956,6.2802336290000653],[-75.538393515999985,6.2800729600000409]]],[[[-75.538976587999969,6.281800659000055],[-75.539105697999958,6.2818394370000306],[-75.539147138999965,6.2817767790000403],[-75.539082790999942,6.2817474290000632],[-75.539107959999967,6.2816797600000314],[-75.539161970999942,6.281692969000062],[-75.539162054999963,6.2816923690000408],[-75.539174503999959,6.2816637380000202],[-75.539196853999954,6.2816123370000696],[-75.539145988999962,6.2815894610000669],[-75.539136747999976,6.2815853030000426],[-75.539139147999947,6.2815786910000497],[-75.539129446999937,6.2815739850000227],[-75.539070635999963,6.281665169000064],[-75.539010816999962,6.2816460440000697],[-75.538976587999969,6.281800659000055]]],[[[-75.539133824999965,6.2815671980000616],[-75.539139619999958,6.2815722470000424],[-75.539215572999979,6.2816068680000399],[-75.539178818999972,6.2816937180000423],[-75.539178229999948,6.2816969460000678],[-75.53919691699997,6.2817015160000551],[-75.539165347999983,6.2818536820000759],[-75.539167291999945,6.2818985610000482],[-75.539309055999979,6.2818947870000557],[-75.539315815999942,6.2817392190000305],[-75.539353118999941,6.281672813000057],[-75.53938982699998,6.2816299200000572],[-75.539345705999949,6.2816167620000556],[-75.539254053999969,6.2815481530000739],[-75.539247838999984,6.2815305640000361],[-75.539230678999957,6.2814858780000691],[-75.539199517999975,6.2814653450000719],[-75.539133824999965,6.2815671980000616]]]]},"properties":{"OBJECTID":1,"Año":2005,"Tipo":"Poligono Contrucciones 2005","Aream2":15519.323285556306,"lenght":2107.0451614375525,"Ubicacion":null}},{"type":"Feature","id":2,"geometry":{"type":"MultiPolygon","coordinates":[[[[-75.53919523999997,6.2799963660000344],[-75.539227628999981,6.2800825000000486],[-75.539249192999989,6.2801566500000376],[-75.539260484999943,6.2801453230000561],[-75.539267582999969,6.2801447630000666],[-75.539267628999937,6.2801447590000521],[-75.53926998999998,6.2801445730000296],[-75.539274950999982,6.2801438550000626],[-75.539275983999971,6.2801437070000361],[-75.539280969999936,6.2801429850000545],[-75.53928273799994,6.2801427290000333],[-75.539181486999951,6.2799334090000229],[-75.53919523999997,6.2799963660000344]]],[[[-75.538393515999985,6.2800729600000409],[-75.538441173999956,6.2802336290000653],[-75.53852186499995,6.2802132170000391],[-75.538499946999934,6.2799985410000545],[-75.538393515999985,6.2800729600000409]]],[[[-75.538118220999934,6.2804845990000331],[-75.538114195999981,6.2804672130000654],[-75.538161669999965,6.2804921540000578],[-75.538206459999969,6.2805741150000358],[-75.538222896999969,6.2805953770000542],[-75.53832059299998,6.2806119950000721],[-75.538364478999938,6.2806638620000399],[-75.53832737099998,6.2805642870000611],[-75.538412364999942,6.2805465000000709],[-75.538372545999948,6.2804060510000568],[-75.538218564999966,6.2804435300000705],[-75.538160565999988,6.2803878790000454],[-75.538123569999982,6.2804208610000387],[-75.538001566999981,6.2802867030000584],[-75.538103495999962,6.2802216930000441],[-75.538151284999969,6.2801777000000243],[-75.53821996399995,6.2801353360000576],[-75.538283039999953,6.2801177310000753],[-75.538194987999987,6.279997374000061],[-75.538267223999981,6.2799561790000666],[-75.538300478999986,6.2799017040000535],[-75.538300355999979,6.2798352610000734],[-75.538398047999976,6.2797286150000673],[-75.538492363999978,6.279665633000036],[-75.538634946999935,6.2797620610000422],[-75.538744516999941,6.2796869470000729],[-75.538816833999988,6.2796910180000509],[-75.538856434999957,6.2797522170000661],[-75.538935213999935,6.2797461610000482],[-75.538951693999934,6.2796437570000307],[-75.538874473999954,6.2796599660000538],[-75.538796109999964,6.2795367180000312],[-75.538906403999988,6.2794726550000632],[-75.53891437599998,6.2794962310000528],[-75.53890776999998,6.2794718620000367],[-75.538902709999945,6.2794617310000262],[-75.538871480999944,6.2793693700000404],[-75.538871425999957,6.2793691720000311],[-75.538852549999945,6.2792790680000508],[-75.538812329999985,6.2792807630000311],[-75.537708812999938,6.2801251280000656],[-75.537723435999965,6.2801736750000714],[-75.538082279999969,6.2804119490000403],[-75.538096430999985,6.2804763640000374],[-75.538118220999934,6.2804845990000331]]],[[[-75.538364478999938,6.2806638620000399],[-75.53840678499995,6.2807138630000736],[-75.538514447999944,6.2807178700000463],[-75.53856548899995,6.2807355500000313],[-75.538608766999971,6.280735896000067],[-75.538616175999948,6.2806697350000604],[-75.538688519999937,6.2806878570000322],[-75.538811689999989,6.2807230100000311],[-75.538860875999944,6.2807212320000758],[-75.538883285999987,6.2807597350000606],[-75.53894287199995,6.2807214870000507],[-75.538959926999951,6.2806651380000744],[-75.538885122999943,6.2806522500000597],[-75.538774642999954,6.2806211150000308],[-75.538799476999941,6.2805205510000519],[-75.538891149999984,6.2805245280000577],[-75.538927998999952,6.2805450870000641],[-75.538897019999979,6.2804947400000515],[-75.538923103999934,6.2803405920000728],[-75.538969924999947,6.2803403650000291],[-75.538958674999947,6.2802843970000595],[-75.538915203999977,6.2803102230000718],[-75.538844506999965,6.2803105660000256],[-75.538845090999985,6.2802031500000339],[-75.538910591999979,6.2802081220000332],[-75.538907369999947,6.2801373300000591],[-75.538801087999957,6.2801784270000667],[-75.538789318999989,6.2800598070000433],[-75.538788275999934,6.2800296260000437],[-75.538789383999983,6.2799703470000736],[-75.538849391999975,6.2799096420000637],[-75.53898658199995,6.2798623490000409],[-75.538940367999942,6.2798536110000214],[-75.538832136999986,6.2798456870000336],[-75.538745399999982,6.2798674960000653],[-75.53870696599995,6.2797695240000735],[-75.538654596999947,6.279795105000062],[-75.538653541999963,6.2798634880000463],[-75.538559610999982,6.2799107520000348],[-75.538659416999963,6.2800374640000314],[-75.538704590999942,6.2803197750000663],[-75.538552720999974,6.2804051720000302],[-75.538493418999963,6.2803824540000619],[-75.538467541999978,6.2803225240000415],[-75.538465883999947,6.2803476470000419],[-75.538475242999937,6.2803484870000261],[-75.538488619999953,6.2803935830000341],[-75.538476336999963,6.2804173550000542],[-75.538514111999973,6.2805653630000506],[-75.538419466999983,6.2805788970000549],[-75.538435469999968,6.280656423000039],[-75.538364478999938,6.2806638620000399]]],[[[-75.538978938999946,6.2806187300000715],[-75.539138535999939,6.2806764240000348],[-75.539111598999966,6.2807635170000253],[-75.539233576999948,6.2807778830000416],[-75.539269364999939,6.2808122810000668],[-75.539340175999939,6.2805761210000242],[-75.53939745699995,6.2805935470000236],[-75.539275792999945,6.2802034880000406],[-75.539223862999961,6.2802339220000363],[-75.539223978999985,6.2802323790000401],[-75.539240867999979,6.2801712520000592],[-75.539218159999962,6.2801865940000425],[-75.539116612999976,6.2802289460000225],[-75.539109828999983,6.2802673530000561],[-75.539179881999985,6.2802676690000681],[-75.539264898999988,6.2802277940000408],[-75.539265226999987,6.2802270630000407],[-75.539289008999958,6.2803946650000739],[-75.539277426999945,6.2805264840000632],[-75.539198973999987,6.2805156880000368],[-75.539204190999953,6.2803970560000266],[-75.539146555999935,6.2804116960000442],[-75.539017886999943,6.2804002350000587],[-75.538984597999956,6.2805703620000486],[-75.538978938999946,6.2806187300000715]]],[[[-75.538118220999934,6.2804845990000331],[-75.538209778999942,6.2808800890000498],[-75.538122201999954,6.2804985920000718],[-75.53811908299997,6.280484925000053],[-75.538118220999934,6.2804845990000331]]],[[[-75.538210999999933,6.2808854140000676],[-75.538218210999958,6.2809176170000569],[-75.538227361999986,6.2809183170000438],[-75.538257641999962,6.2809208480000507],[-75.538257634999979,6.2809220440000217],[-75.53826518599999,6.2809094000000414],[-75.538209785999982,6.2808801220000419],[-75.538210999999933,6.2808854140000676]]],[[[-75.538867244999949,6.2819105040000522],[-75.539061267999955,6.2819978470000706],[-75.539061390999962,6.281997878000027],[-75.539371427999981,6.2820871060000627],[-75.539371551999977,6.2820871310000257],[-75.539372773999958,6.2820872830000667],[-75.539364132999935,6.2820616740000332],[-75.539313135999976,6.2819105520000562],[-75.539309055999979,6.2818947870000557],[-75.539167291999945,6.2818985610000482],[-75.539165347999983,6.2818536820000759],[-75.53919691699997,6.2817015160000551],[-75.539178229999948,6.2816969460000678],[-75.539178818999972,6.2816937180000423],[-75.539215572999979,6.2816068680000399],[-75.539139619999958,6.2815722470000424],[-75.539133824999965,6.2815671980000616],[-75.539199517999975,6.2814653450000719],[-75.539230678999957,6.2814858780000691],[-75.539247838999984,6.2815305640000361],[-75.53925415599997,6.281548214000054],[-75.539345705999949,6.2816167620000556],[-75.539389928999981,6.2816299810000373],[-75.539433841999937,6.2815784880000365],[-75.53944256699998,6.2815675290000286],[-75.539513959999965,6.2814494490000357],[-75.539416271999983,6.2814086860000202],[-75.539399419999938,6.28143525400003],[-75.539329350999935,6.2814046100000382],[-75.539332156999933,6.2813766270000428],[-75.53921140999995,6.2812797510000564],[-75.539243216999978,6.281168540000067],[-75.539342925999961,6.2811735210000279],[-75.539491925999982,6.2812604180000449],[-75.539524420999953,6.281290456000022],[-75.539550313999939,6.2813188510000373],[-75.539564807999966,6.2812079030000518],[-75.539554062999969,6.281110199000068],[-75.539543666999975,6.2810759010000652],[-75.539356080999937,6.2810472450000248],[-75.539346353999974,6.2807645490000255],[-75.539286360999938,6.2809139890000552],[-75.53924763599997,6.2809712620000369],[-75.539146519999974,6.2809099410000613],[-75.539063164999959,6.2808477010000274],[-75.539015192999955,6.2809790030000272],[-75.538971916999969,6.281006489000049],[-75.539137646999961,6.2810777970000231],[-75.539069058999985,6.2811857210000426],[-75.538841054999978,6.281069829000046],[-75.53874695899998,6.2809617170000251],[-75.538667665999981,6.2809264860000553],[-75.538770208999949,6.2807709190000764],[-75.538703207999959,6.2807282660000396],[-75.538611406999962,6.2809312810000506],[-75.538557408999964,6.2809264040000699],[-75.538486281999951,6.2809641350000334],[-75.538372325999944,6.2810549300000389],[-75.538235045999954,6.2813058840000622],[-75.538193346999947,6.2813144940000711],[-75.538141907999943,6.2813890940000761],[-75.538209995999978,6.2814275350000344],[-75.538139822999938,6.2815704050000249],[-75.538119274999985,6.2815565260000312],[-75.538122358999942,6.2815596250000567],[-75.538154117999966,6.2815812750000646],[-75.538163391999944,6.2815875990000336],[-75.538277452999978,6.28166000300007],[-75.538285132999988,6.2816636990000347],[-75.538317972999948,6.2816791580000313],[-75.538333866999949,6.2816859770000519],[-75.538335305999965,6.2816865950000533],[-75.538398833999963,6.281713858000046],[-75.538413394999964,6.2817201080000586],[-75.53841482699994,6.2817207220000455],[-75.538541987999963,6.2817776020000338],[-75.538542590999953,6.2817778720000206],[-75.538547064999989,6.2817761760000508],[-75.53861802199998,6.2817350940000551],[-75.538639976999946,6.2817518340000333],[-75.538653253999939,6.2817624890000729],[-75.538656755999966,6.2817646280000758],[-75.538659054999982,6.2817660320000641],[-75.538658905999966,6.2817662670000232],[-75.538658357999964,6.2817671310000378],[-75.538656484999933,6.2817700760000434],[-75.538651524999977,6.2817721200000278],[-75.538671749999935,6.2817805810000209],[-75.538698575999945,6.281796049000036],[-75.538867244999949,6.2819105040000522]],[[-75.539082790999942,6.2817474290000632],[-75.539147138999965,6.2817767790000403],[-75.539105697999958,6.2818394370000306],[-75.538976587999969,6.281800659000055],[-75.539010816999962,6.2816460440000697],[-75.539070635999963,6.281665169000064],[-75.539129446999937,6.2815739850000227],[-75.539139147999947,6.2815786910000497],[-75.539136747999976,6.2815853030000426],[-75.539145988999962,6.2815894610000669],[-75.539196853999954,6.2816123370000696],[-75.539174503999959,6.2816637380000202],[-75.539162054999963,6.2816923690000408],[-75.539161970999942,6.281692969000062],[-75.539107959999967,6.2816797600000314],[-75.539082790999942,6.2817474290000632]]]]},"properties":{"OBJECTID":2,"Año":2005,"Tipo":"Zonas verdes","Aream2":20889.102215634943,"lenght":2476.6143945935473,"Ubicacion":null}},{"type":"Feature","id":3,"geometry":{"type":"Polygon","coordinates":[[[-75.539417321999963,6.2813995770000588],[-75.539475664999941,6.2814238240000577],[-75.539536454999961,6.2813208070000428],[-75.539484233999985,6.2812949960000424],[-75.539417321999963,6.2813995770000588]]]},"properties":{"OBJECTID":3,"Año":2005,"Tipo":"Vivienda","Aream2":89.807607894555687,"lenght":40.405459770172605,"Ubicacion":"Poligono general construccion"}},{"type":"Feature","id":4,"geometry":{"type":"Polygon","coordinates":[[[-75.539333036999949,6.2813969200000201],[-75.539396012999987,6.2814288110000689],[-75.539476527999966,6.2812858350000624],[-75.539418110999975,6.2812462560000313],[-75.539333036999949,6.2813969200000201]]]},"properties":{"OBJECTID":4,"Año":2005,"Tipo":"Vivienda","Aream2":145.30770258251781,"lenght":52.912103641224775,"Ubicacion":"Poligono general construccion"}},{"type":"Feature","id":5,"geometry":{"type":"Polygon","coordinates":[[[-75.53928678799997,6.2813388840000357],[-75.53934207399999,6.2813646790000348],[-75.53941042799994,6.281241694000073],[-75.53935510499997,6.28120823200004],[-75.53928678799997,6.2813388840000357]]]},"properties":{"OBJECTID":5,"Año":2005,"Tipo":"Vivienda","Aream2":110.64220119673561,"lenght":45.780530320287966,"Ubicacion":"Poligono general construccion"}},{"type":"Feature","id":6,"geometry":{"type":"Polygon","coordinates":[[[-75.539246705999972,6.2812884830000257],[-75.539294307999967,6.281309717000056],[-75.53934288499994,6.2812159580000753],[-75.539306067999973,6.2812069370000359],[-75.539246705999972,6.2812884830000257]]]},"properties":{"OBJECTID":6,"Año":2005,"Tipo":"Vivienda","Aream2":55.284812745971486,"lenght":32.80313348108664,"Ubicacion":"Poligono general construccion"}},{"type":"Feature","id":7,"geometry":{"type":"Polygon","coordinates":[[[-75.53921754199996,6.2812778930000377],[-75.53923601799994,6.2812962010000319],[-75.539306015999955,6.281196206000061],[-75.539278354999965,6.2811794750000445],[-75.53921754199996,6.2812778930000377]]]},"properties":{"OBJECTID":7,"Año":2005,"Tipo":"Vivienda","Aream2":42.04229973458191,"lenght":32.756944413833253,"Ubicacion":"Poligono general construccion"}},{"type":"Feature","id":8,"geometry":{"type":"Polygon","coordinates":[[[-75.539148182999952,6.2815741760000492],[-75.539209545999938,6.2816012050000722],[-75.53921722399997,6.281578765000063],[-75.539180207999948,6.2815570580000326],[-75.539168336999978,6.2815500960000463],[-75.539164118999963,6.2815476230000513],[-75.539148182999952,6.2815741760000492]]]},"properties":{"OBJECTID":8,"Año":2005,"Tipo":"Vivienda","Aream2":21.366834530283704,"lenght":20.28194817123515,"Ubicacion":"Poligono general construccion"}},{"type":"Feature","id":9,"geometry":{"type":"Polygon","coordinates":[[[-75.539010335999933,6.2815836940000622],[-75.539068262999933,6.2815981310000666],[-75.539091482999936,6.2815332570000351],[-75.539024702999939,6.2815129760000445],[-75.539010335999933,6.2815836940000622]]]},"properties":{"OBJECTID":9,"Año":2005,"Tipo":"Vivienda","Aream2":55.742131324261067,"lenght":29.934494352714019,"Ubicacion":"Zonas Verdes"}},{"type":"Feature","id":10,"geometry":{"type":"Polygon","coordinates":[[[-75.538831731999949,6.281557087000067],[-75.53889748499995,6.2815675610000312],[-75.538920462999954,6.2814526450000585],[-75.538847755999939,6.2814235620000431],[-75.538831731999949,6.281557087000067]]]},"properties":{"OBJECTID":10,"Año":2005,"Tipo":"Vivienda","Aream2":109.99540575812073,"lenght":43.872207020525813,"Ubicacion":"Zonas Verdes"}},{"type":"Feature","id":11,"geometry":{"type":"Polygon","coordinates":[[[-75.538723085999948,6.2813966920000439],[-75.538783992999981,6.2814189640000677],[-75.538803261999988,6.2813482230000659],[-75.538746272999958,6.2813249490000658],[-75.538723085999948,6.2813966920000439]]]},"properties":{"OBJECTID":11,"Año":2005,"Tipo":"Vivienda","Aream2":57.326714041163036,"lenght":30.439087304993087,"Ubicacion":"Zonas Verdes"}},{"type":"Feature","id":12,"geometry":{"type":"Polygon","coordinates":[[[-75.538692215999959,6.2815018330000498],[-75.538762894999934,6.281517190000045],[-75.53878315999998,6.2814493870000661],[-75.538722280999934,6.2814330020000284],[-75.538692215999959,6.2815018330000498]]]},"properties":{"OBJECTID":12,"Año":2005,"Tipo":"Vivienda","Aream2":59.900086457578233,"lenght":31.118243984894718,"Ubicacion":"Zonas Verdes"}},{"type":"Feature","id":13,"geometry":{"type":"Polygon","coordinates":[[[-75.538992660999952,6.2817810070000633],[-75.539064387999986,6.281810096000072],[-75.539083790999939,6.2817668270000695],[-75.539063102999989,6.2817473030000315],[-75.539069576999964,6.2816668110000364],[-75.539027353999984,6.2816552410000668],[-75.538992660999952,6.2817810070000633]]]},"properties":{"OBJECTID":13,"Año":2005,"Tipo":"Vivienda","Aream2":103.46462838703475,"lenght":45.166223981238879,"Ubicacion":"Poligono general construccion"}},{"type":"Feature","id":14,"geometry":{"type":"Polygon","coordinates":[[[-75.539065410999967,6.2818189220000704],[-75.539102720999949,6.2818285520000359],[-75.53912607999996,6.2817921340000566],[-75.53908970699996,6.2817736670000386],[-75.539065410999967,6.2818189220000704]]]},"properties":{"OBJECTID":14,"Año":2005,"Tipo":"Vivienda","Aream2":22.514703001894887,"lenght":19.246994225721387,"Ubicacion":"Poligono general construccion"}},{"type":"Feature","id":15,"geometry":{"type":"Polygon","coordinates":[[[-75.539256795999961,6.2816502020000371],[-75.53929220699996,6.281672598000057],[-75.539330231999941,6.281627277000041],[-75.539287912999953,6.2815960830000677],[-75.539256795999961,6.2816502020000371]]]},"properties":{"OBJECTID":15,"Año":2005,"Tipo":"Vivienda","Aream2":34.994628773321665,"lenght":23.904763383086319,"Ubicacion":"Poligono general construccion"}},{"type":"Feature","id":16,"geometry":{"type":"Polygon","coordinates":[[[-75.539213948999986,6.2817122280000603],[-75.539255247999961,6.2817355770000631],[-75.539282405999984,6.281673627000032],[-75.539247965999948,6.2816492640000661],[-75.539213948999986,6.2817122280000603]]]},"properties":{"OBJECTID":16,"Año":2005,"Tipo":"Vivienda","Aream2":37.886214037384931,"lenght":25.317028900470511,"Ubicacion":"Poligono general construccion"}},{"type":"Feature","id":17,"geometry":{"type":"Polygon","coordinates":[[[-75.539196573999959,6.2817692230000262],[-75.539242728999966,6.2817827360000251],[-75.53926215599995,6.2817443740000272],[-75.539212020999969,6.2817191060000255],[-75.539196573999959,6.2817692230000262]]]},"properties":{"OBJECTID":17,"Año":2005,"Tipo":"Vivienda","Aream2":30.212189027488087,"lenght":22.092899891477298,"Ubicacion":"Poligono general construccion"}},{"type":"Feature","id":18,"geometry":{"type":"Polygon","coordinates":[[[-75.539181221999968,6.2818389660000662],[-75.539236197999969,6.2818514550000373],[-75.539243732999978,6.2817876380000257],[-75.539188757999966,6.2817751490000546],[-75.539181221999968,6.2818389660000662]]]},"properties":{"OBJECTID":18,"Año":2005,"Tipo":"Vivienda","Aream2":44.099616862873809,"lenght":26.693940786146985,"Ubicacion":"Poligono general construccion"}},{"type":"Feature","id":19,"geometry":{"type":"Polygon","coordinates":[[[-75.53917658499995,6.2818939370000635],[-75.539226600999939,6.2818946750000464],[-75.539227395999944,6.2818564040000524],[-75.539180288999944,6.2818487820000541],[-75.53917658499995,6.2818939370000635]]]},"properties":{"OBJECTID":19,"Año":2005,"Tipo":"Vivienda","Aream2":24.911949730790639,"lenght":20.062637965881841,"Ubicacion":"Poligono general construccion"}},{"type":"Feature","id":20,"geometry":{"type":"Polygon","coordinates":[[[-75.539101407999965,6.2816586840000355],[-75.539162799999986,6.2816798500000459],[-75.539179370999989,6.2816215090000469],[-75.539125639999952,6.2816003050000404],[-75.539101407999965,6.2816586840000355]]]},"properties":{"OBJECTID":20,"Año":2005,"Tipo":"Vivienda","Aream2":46.413415429942987,"lenght":27.279458217455709,"Ubicacion":"Poligono general construccion"}},{"type":"Feature","id":21,"geometry":{"type":"Polygon","coordinates":[[[-75.539185559999964,6.2815200450000361],[-75.539223959999958,6.2815522380000743],[-75.539245446999985,6.2815344720000326],[-75.539213815999972,6.2814826200000766],[-75.539185559999964,6.2815200450000361]]]},"properties":{"OBJECTID":21,"Año":2005,"Tipo":"Vivienda","Aream2":24.622873142376374,"lenght":20.536531525945307,"Ubicacion":"Poligono general construccion"}},{"type":"Feature","id":22,"geometry":{"type":"Polygon","coordinates":[[[-75.539168336999978,6.2815500960000463],[-75.539168055999937,6.2815505480000411],[-75.539180207999948,6.2815570580000326],[-75.539215248999938,6.2815758300000653],[-75.53922100799997,6.2815502910000305],[-75.539184596999974,6.2815239740000379],[-75.539168336999978,6.2815500960000463]]]},"properties":{"OBJECTID":22,"Año":2005,"Tipo":"Vivienda","Aream2":16.855051391002871,"lenght":17.254270262573765,"Ubicacion":"Poligono general construccion"}},{"type":"Feature","id":23,"geometry":{"type":"Polygon","coordinates":[[[-75.53862473199996,6.2816272680000225],[-75.538678365999942,6.2816285410000319],[-75.538699444999963,6.2815517800000293],[-75.538644233999946,6.2815413150000268],[-75.53862473199996,6.2816272680000225]]]},"properties":{"OBJECTID":23,"Año":2005,"Tipo":"Vivienda","Aream2":55.658633075512881,"lenght":30.710698396465581,"Ubicacion":"Zonas Verdes"}},{"type":"Feature","id":24,"geometry":{"type":"Polygon","coordinates":[[[-75.538661021999985,6.2815402530000597],[-75.538718943999982,6.2815537090000362],[-75.538720767999962,6.2815252440000222],[-75.538671693999959,6.2815166510000608],[-75.538661021999985,6.2815402530000597]]]},"properties":{"OBJECTID":24,"Año":2005,"Tipo":"Vivienda","Aream2":17.892362607643808,"lenght":18.115041297869922,"Ubicacion":"Zonas Verdes"}},{"type":"Feature","id":25,"geometry":{"type":"Polygon","coordinates":[[[-75.538683061999961,6.2816363060000526],[-75.538735033999956,6.281636054000046],[-75.538750346999961,6.2815584630000671],[-75.538706209999987,6.2815567140000326],[-75.538683061999961,6.2816363060000526]]]},"properties":{"OBJECTID":25,"Año":2005,"Tipo":"Vivienda","Aream2":46.408178118846635,"lenght":28.55725709240204,"Ubicacion":"Zonas Verdes"}},{"type":"Feature","id":26,"geometry":{"type":"Polygon","coordinates":[[[-75.538626627999975,6.2817278350000265],[-75.53866888999994,6.2817472550000275],[-75.538698803999978,6.2816470230000618],[-75.538656560999982,6.2816315290000375],[-75.538626627999975,6.2817278350000265]]]},"properties":{"OBJECTID":26,"Año":2005,"Tipo":"Vivienda","Aream2":57.222457208194562,"lenght":32.851971331496209,"Ubicacion":"Zonas Verdes"}},{"type":"Feature","id":27,"geometry":{"type":"Polygon","coordinates":[[[-75.538428360999944,6.2816905290000591],[-75.538489305999974,6.2817206520000468],[-75.538538764999942,6.2816065890000345],[-75.538471959999981,6.2815814010000395],[-75.538428360999944,6.2816905290000591]]]},"properties":{"OBJECTID":27,"Año":2005,"Tipo":"Vivienda","Aream2":103.01107055273825,"lenght":42.175825272735878,"Ubicacion":"Zonas Verdes"}},{"type":"Feature","id":28,"geometry":{"type":"Polygon","coordinates":[[[-75.538373446999969,6.2816907960000208],[-75.538399018999939,6.2817063710000411],[-75.538462177999975,6.2815863550000586],[-75.538432669999963,6.281567854000059],[-75.538373446999969,6.2816907960000208]]]},"properties":{"OBJECTID":28,"Año":2005,"Tipo":"Vivienda","Aream2":53.716718410913835,"lenght":37.265279655077613,"Ubicacion":"Zonas Verdes"}},{"type":"Feature","id":29,"geometry":{"type":"Polygon","coordinates":[[[-75.538335056999983,6.2816605640000489],[-75.538371390999941,6.2816711810000356],[-75.538425794999966,6.2815659250000522],[-75.538391378999961,6.2815464670000551],[-75.538335056999983,6.2816605640000489]]]},"properties":{"OBJECTID":29,"Año":2005,"Tipo":"Vivienda","Aream2":57.685679105603313,"lenght":35.746591401185796,"Ubicacion":"Zonas Verdes"}},{"type":"Feature","id":30,"geometry":{"type":"Polygon","coordinates":[[[-75.538323655999989,6.2814708130000554],[-75.538374329999954,6.2814935640000726],[-75.538422742999956,6.2813660760000403],[-75.538369011999976,6.2813448720000338],[-75.538323655999989,6.2814708130000554]]]},"properties":{"OBJECTID":30,"Año":2005,"Tipo":"Vivienda","Aream2":93.588519705711064,"lenght":42.431058386944954,"Ubicacion":"Zonas Verdes"}},{"type":"Feature","id":31,"geometry":{"type":"Polygon","coordinates":[[[-75.538453802999982,6.2814517820000333],[-75.538515135999944,6.2814606840000238],[-75.538531543999966,6.28136861400003],[-75.538470099999984,6.2813367160000553],[-75.538453802999982,6.2814517820000333]]]},"properties":{"OBJECTID":31,"Año":2005,"Tipo":"Vivienda","Aream2":81.913348154727913,"lenght":37.718677960387289,"Ubicacion":"Zonas Verdes"}},{"type":"Feature","id":32,"geometry":{"type":"Polygon","coordinates":[[[-75.538163518999966,6.2812708670000461],[-75.538230337999948,6.281298998000068],[-75.538281771999948,6.281187869000064],[-75.538218846999939,6.2811538320000295],[-75.538163518999966,6.2812708670000461]]]},"properties":{"OBJECTID":32,"Año":2005,"Tipo":"Vivienda","Aream2":110.90778884613087,"lenght":43.80574186103636,"Ubicacion":"Poligono general construccion"}},{"type":"Feature","id":33,"geometry":{"type":"Polygon","coordinates":[[[-75.538086883999938,6.2812408200000505],[-75.538154696999982,6.281271891000074],[-75.538210011999979,6.2811519120000412],[-75.538148114999956,6.281127682000033],[-75.538086883999938,6.2812408200000505]]]},"properties":{"OBJECTID":33,"Año":2005,"Tipo":"Vivienda","Aream2":112.26237949730078,"lenght":44.456214754691707,"Ubicacion":"Poligono general construccion"}},{"type":"Feature","id":34,"geometry":{"type":"Polygon","coordinates":[[[-75.538033345999963,6.2813225230000285],[-75.538118894999968,6.2813711690000673],[-75.538168515999985,6.2812904670000762],[-75.538081990999956,6.2812428070000692],[-75.538033345999963,6.2813225230000285]]]},"properties":{"OBJECTID":34,"Año":2005,"Tipo":"Vivienda","Aream2":113.43953419792304,"lenght":42.632652357069858,"Ubicacion":"Poligono general construccion"}},{"type":"Feature","id":35,"geometry":{"type":"Polygon","coordinates":[[[-75.537976869999966,6.2814052200000674],[-75.538080294999986,6.2814998970000602],[-75.53813663699998,6.2813897260000431],[-75.538029474999973,6.2813333340000668],[-75.537976869999966,6.2814052200000674]]]},"properties":{"OBJECTID":35,"Año":2005,"Tipo":"Vivienda","Aream2":167.6996289089372,"lenght":52.457577645902603,"Ubicacion":"Poligono general construccion"}},{"type":"Feature","id":36,"geometry":{"type":"Polygon","coordinates":[[[-75.538082288999988,6.2815067560000557],[-75.53813446099997,6.2815477150000447],[-75.538204493999956,6.281429628000069],[-75.538144543999977,6.2814024440000367],[-75.538082288999988,6.2815067560000557]]]},"properties":{"OBJECTID":36,"Año":2005,"Tipo":"Vivienda","Aream2":103.90021025512945,"lenght":43.250028455084049,"Ubicacion":"Poligono general construccion"}},{"type":"Feature","id":37,"geometry":{"type":"Polygon","coordinates":[[[-75.538888246999988,6.2810779720000482],[-75.538931564999984,6.2811130860000617],[-75.538981261999936,6.2810480830000301],[-75.538949739999964,6.2810187990000372],[-75.538888246999988,6.2810779720000482]]]},"properties":{"OBJECTID":37,"Año":2005,"Tipo":"Vivienda","Aream2":50.354485574388413,"lenght":29.425056664237463,"Ubicacion":"Poligono general construccion"}},{"type":"Feature","id":38,"geometry":{"type":"Polygon","coordinates":[[[-75.538821223999946,6.2810076490000597],[-75.538886123999987,6.2810446200000456],[-75.538930879999953,6.2809717920000594],[-75.538879735999956,6.2809406410000292],[-75.538821223999946,6.2810076490000597]]]},"properties":{"OBJECTID":38,"Año":2005,"Tipo":"Vivienda","Aream2":71.190092470269889,"lenght":34.190402107218567,"Ubicacion":"Poligono general construccion"}},{"type":"Feature","id":39,"geometry":{"type":"Polygon","coordinates":[[[-75.538986443999988,6.2811357600000406],[-75.539068062999945,6.2811808790000327],[-75.53910590299995,6.2810848720000649],[-75.539022018999958,6.2810661140000548],[-75.538986443999988,6.2811357600000406]]]},"properties":{"OBJECTID":39,"Año":2005,"Tipo":"Vivienda","Aream2":98.254894385586084,"lenght":39.899215454044452,"Ubicacion":"Poligono general construccion"}},{"type":"Feature","id":40,"geometry":{"type":"Polygon","coordinates":[[[-75.538934282999946,6.2809404370000266],[-75.539010764999944,6.2809768620000455],[-75.53903612199997,6.2808976270000585],[-75.538968921999981,6.2808795550000696],[-75.538934282999946,6.2809404370000266]]]},"properties":{"OBJECTID":40,"Año":2005,"Tipo":"Vivienda","Aream2":71.61838569150062,"lenght":34.026966184599402,"Ubicacion":"Poligono general construccion"}},{"type":"Feature","id":41,"geometry":{"type":"Polygon","coordinates":[[[-75.539026303999947,6.2807688880000683],[-75.539091633999988,6.2807805300000723],[-75.539129780999986,6.2806846750000318],[-75.539068070999974,6.2806610570000316],[-75.539026303999947,6.2807688880000683]]]},"properties":{"OBJECTID":41,"Año":2005,"Tipo":"Vivienda","Aream2":87.814335080630556,"lenght":38.859787832986484,"Ubicacion":"Poligono general construccion"}},{"type":"Feature","id":42,"geometry":{"type":"Polygon","coordinates":[[[-75.538896087999944,6.2806471730000339],[-75.538961425999958,6.2806606550000765],[-75.538980226999968,6.2805566140000337],[-75.538909395999951,6.2805477600000472],[-75.538896087999944,6.2806471730000339]]]},"properties":{"OBJECTID":42,"Año":2005,"Tipo":"Vivienda","Aream2":86.979704104768203,"lenght":38.071907222982666,"Ubicacion":"Poligono general construccion"}},{"type":"Feature","id":43,"geometry":{"type":"Polygon","coordinates":[[[-75.538990057999968,6.2808776130000297],[-75.539035180999974,6.2808930330000408],[-75.539063424999938,6.2808404610000252],[-75.539021952999974,6.2808195040000214],[-75.538990057999968,6.2808776130000297]]]},"properties":{"OBJECTID":43,"Año":2005,"Tipo":"Vivienda","Aream2":36.026947991919684,"lenght":24.353880778230657,"Ubicacion":"Poligono general construccion"}},{"type":"Feature","id":44,"geometry":{"type":"Polygon","coordinates":[[[-75.538830096999959,6.2808783890000655],[-75.538922179999986,6.2809092200000691],[-75.538976803999958,6.2807985650000546],[-75.538889317999974,6.2807677140000351],[-75.538830096999959,6.2808783890000655]]]},"properties":{"OBJECTID":44,"Año":2005,"Tipo":"Vivienda","Aream2":143.12173102250239,"lenght":48.549509754343816,"Ubicacion":"Poligono general construccion"}},{"type":"Feature","id":45,"geometry":{"type":"Polygon","coordinates":[[[-75.538953249999963,6.2808704330000751],[-75.538983630999951,6.2808794840000246],[-75.539017306999938,6.2808094070000493],[-75.538982350999959,6.2808049780000488],[-75.538953249999963,6.2808704330000751]]]},"properties":{"OBJECTID":45,"Año":2005,"Tipo":"Vivienda","Aream2":29.690121013309899,"lenght":23.932377678548264,"Ubicacion":"Poligono general construccion"}},{"type":"Feature","id":46,"geometry":{"type":"Polygon","coordinates":[[[-75.538755591999973,6.2808704720000605],[-75.538802543999964,6.2808840430000714],[-75.538830587999939,6.2807900770000629],[-75.538779940999973,6.2807728440000687],[-75.538755591999973,6.2808704720000605]]]},"properties":{"OBJECTID":46,"Año":2005,"Tipo":"Vivienda","Aream2":62.166139684164968,"lenght":33.305849746006352,"Ubicacion":"Poligono general construccion"}},{"type":"Feature","id":47,"geometry":{"type":"Polygon","coordinates":[[[-75.538685947999966,6.2809168050000608],[-75.538786366999943,6.2809604730000501],[-75.538808273999962,6.2809281700000383],[-75.538799923999989,6.2809125720000338],[-75.53880901499997,6.2808913710000525],[-75.538750094999955,6.2808741780000332],[-75.538741886999958,6.2808880160000626],[-75.538708755999949,6.280880818000071],[-75.538685947999966,6.2809168050000608]]]},"properties":{"OBJECTID":47,"Año":2005,"Tipo":"Vivienda","Aream2":78.496385364510544,"lenght":37.982918961883421,"Ubicacion":"Poligono general construccion"}},{"type":"Feature","id":48,"geometry":{"type":"Polygon","coordinates":[[[-75.53860526699998,6.2807727720000344],[-75.538663307999968,6.2807982480000533],[-75.538683078999952,6.2807043220000764],[-75.538619529999949,6.2806807130000379],[-75.53860526699998,6.2807727720000344]]]},"properties":{"OBJECTID":48,"Año":2005,"Tipo":"Vivienda","Aream2":74.319397440446522,"lenght":35.437816637101491,"Ubicacion":"Poligono general construccion"}},{"type":"Feature","id":49,"geometry":{"type":"Polygon","coordinates":[[[-75.538781774999961,6.2807719160000488],[-75.538836103999984,6.2807900500000642],[-75.538851517999944,6.2807458190000602],[-75.538795377999975,6.2807332130000759],[-75.538781774999961,6.2807719160000488]]]},"properties":{"OBJECTID":49,"Año":2005,"Tipo":"Vivienda","Aream2":30.767766081793901,"lenght":22.425438120472336,"Ubicacion":"Poligono general construccion"}},{"type":"Feature","id":50,"geometry":{"type":"Polygon","coordinates":[[[-75.538545889999966,6.2808512520000477],[-75.538628744999983,6.2808747670000571],[-75.538648656999953,6.2808102770000573],[-75.538567605999958,6.2807793940000352],[-75.538545889999966,6.2808512520000477]]]},"properties":{"OBJECTID":50,"Año":2005,"Tipo":"Vivienda","Aream2":75.323975733180902,"lenght":34.899591722520604,"Ubicacion":"Poligono general construccion"}},{"type":"Feature","id":51,"geometry":{"type":"Polygon","coordinates":[[[-75.53853690699998,6.2808945310000581],[-75.538616984999976,6.2809143800000697],[-75.538623259999952,6.2808812340000486],[-75.538546844999985,6.2808586070000274],[-75.53853690699998,6.2808945310000581]]]},"properties":{"OBJECTID":51,"Año":2005,"Tipo":"Vivienda","Aream2":35.186965209281468,"lenght":25.804560746033303,"Ubicacion":"Poligono general construccion"}},{"type":"Feature","id":52,"geometry":{"type":"Polygon","coordinates":[[[-75.538473313999987,6.2808617230000436],[-75.538538566999989,6.2808577270000683],[-75.53855938199996,6.2807895530000337],[-75.53854649699997,6.2807868560000202],[-75.538546322999935,6.2807509800000503],[-75.538483693999979,6.2807273670000541],[-75.538473313999987,6.2808617230000436]]]},"properties":{"OBJECTID":52,"Año":2005,"Tipo":"Vivienda","Aream2":102.98523647915493,"lenght":42.857352065458102,"Ubicacion":"Poligono general construccion"}},{"type":"Feature","id":53,"geometry":{"type":"Polygon","coordinates":[[[-75.538394903999972,6.2808069090000345],[-75.538446393999948,6.2808084990000452],[-75.538437741999985,6.2807303500000558],[-75.538394453999956,6.2807140010000353],[-75.538394903999972,6.2808069090000345]]]},"properties":{"OBJECTID":53,"Año":2005,"Tipo":"Vivienda","Aream2":49.116293126875171,"lenght":29.79531091225077,"Ubicacion":"Poligono general construccion"}},{"type":"Feature","id":54,"geometry":{"type":"Polygon","coordinates":[[[-75.538451923999958,6.280811232000076],[-75.538471237999943,6.2808129790000748],[-75.538470872999937,6.2807375480000474],[-75.538444203999973,6.2807358370000657],[-75.538451923999958,6.280811232000076]]]},"properties":{"OBJECTID":54,"Año":2005,"Tipo":"Vivienda","Aream2":21.139395924514346,"lenght":21.830129186592899,"Ubicacion":"Poligono general construccion"}},{"type":"Feature","id":55,"geometry":{"type":"Polygon","coordinates":[[[-75.538395086999969,6.2808446250000429],[-75.538463159999935,6.2808534930000519],[-75.538468524999985,6.2808221900000376],[-75.538398607999966,6.2808124110000563],[-75.538395086999969,6.2808446250000429]]]},"properties":{"OBJECTID":55,"Año":2005,"Tipo":"Vivienda","Aream2":27.330309168793594,"lenght":22.508105597391499,"Ubicacion":"Poligono general construccion"}},{"type":"Feature","id":56,"geometry":{"type":"Polygon","coordinates":[[[-75.538371514999938,6.2809128110000643],[-75.53847092999996,6.2809390070000291],[-75.538478833999989,6.2808626160000358],[-75.538388669999961,6.2808483350000301],[-75.538371514999938,6.2809128110000643]]]},"properties":{"OBJECTID":56,"Año":2005,"Tipo":"Vivienda","Aream2":84.83251020231117,"lenght":37.355511793968184,"Ubicacion":"Poligono general construccion"}},{"type":"Feature","id":57,"geometry":{"type":"Polygon","coordinates":[[[-75.538305944999934,6.2808514970000715],[-75.538308023999946,6.2809011610000312],[-75.538367792999964,6.2809036310000579],[-75.538371135999967,6.2808346220000431],[-75.538305944999934,6.2808514970000715]]]},"properties":{"OBJECTID":57,"Año":2005,"Tipo":"Vivienda","Aream2":45.327578406717194,"lenght":27.212979056312761,"Ubicacion":"Poligono general construccion"}},{"type":"Feature","id":58,"geometry":{"type":"Polygon","coordinates":[[[-75.538209552999945,6.2808724430000211],[-75.538210454999955,6.2808792080000444],[-75.538251895999963,6.2808913150000762],[-75.538250731999938,6.2808407250000755],[-75.538316944999963,6.2808450030000245],[-75.538326052999935,6.2808274810000739],[-75.538274491999971,6.2808111740000641],[-75.538270987999965,6.2807915800000274],[-75.538270711999985,6.2807900340000629],[-75.538262264999958,6.2807889640000667],[-75.53823575499996,6.2807856040000729],[-75.538212861999966,6.2808041130000447],[-75.538209552999945,6.2808724430000211]]]},"properties":{"OBJECTID":58,"Año":2005,"Tipo":"Vivienda","Aream2":74.80910995279919,"lenght":43.741877331784373,"Ubicacion":"Poligono general construccion"}},{"type":"Feature","id":59,"geometry":{"type":"Polygon","coordinates":[[[-75.538259785999969,6.2810016640000299],[-75.538334334999945,6.2810187810000571],[-75.538346678999972,6.2809101730000521],[-75.538283211999953,6.2809031210000512],[-75.538259785999969,6.2810016640000299]]]},"properties":{"OBJECTID":59,"Año":2005,"Tipo":"Vivienda","Aream2":90.142028326608539,"lenght":38.826466226766343,"Ubicacion":"Poligono general construccion"}},{"type":"Feature","id":60,"geometry":{"type":"Polygon","coordinates":[[[-75.53833984299996,6.2810169140000767],[-75.538400561999936,6.2810258190000354],[-75.538439646999961,6.2809336390000681],[-75.538357769999948,6.2809220770000707],[-75.53833984299996,6.2810169140000767]]]},"properties":{"OBJECTID":60,"Año":2005,"Tipo":"Vivienda","Aream2":85.184440938680112,"lenght":37.694508719001668,"Ubicacion":"Poligono general construccion"}},{"type":"Feature","id":61,"geometry":{"type":"Polygon","coordinates":[[[-75.538228968999988,6.2811399150000398],[-75.538297986999964,6.2811539540000467],[-75.538317560999985,6.2810431830000653],[-75.538262906999989,6.2810290740000596],[-75.538228968999988,6.2811399150000398]]]},"properties":{"OBJECTID":61,"Año":2005,"Tipo":"Vivienda","Aream2":88.485664066521764,"lenght":39.306093780469325,"Ubicacion":"Poligono general construccion"}},{"type":"Feature","id":62,"geometry":{"type":"Polygon","coordinates":[[[-75.538235732999965,6.2807810050000512],[-75.538262264999958,6.2807889640000667],[-75.538270987999965,6.2807915800000274],[-75.538290052999969,6.280797299000028],[-75.538294060999988,6.2806758530000479],[-75.538239780999959,6.2806678370000668],[-75.538235732999965,6.2807810050000512]]]},"properties":{"OBJECTID":62,"Año":2005,"Tipo":"Vivienda","Aream2":78.574676098215519,"lenght":38.314025475165394,"Ubicacion":"Poligono general construccion"}},{"type":"Feature","id":63,"geometry":{"type":"Polygon","coordinates":[[[-75.538291957999945,6.280811088000064],[-75.538348112999984,6.2808264540000209],[-75.53835210799997,6.2807022480000683],[-75.538298719999943,6.28068870900006],[-75.538291957999945,6.280811088000064]]]},"properties":{"OBJECTID":63,"Año":2005,"Tipo":"Vivienda","Aream2":83.617104055630364,"lenght":39.84053180821504,"Ubicacion":"Poligono general construccion"}},{"type":"Feature","id":64,"geometry":{"type":"Polygon","coordinates":[[[-75.538351802999955,6.2808291960000702],[-75.538392234999947,6.2808253200000763],[-75.538390806999985,6.2807204580000757],[-75.538355864999971,6.2807187880000583],[-75.538351802999955,6.2808291960000702]]]},"properties":{"OBJECTID":64,"Año":2005,"Tipo":"Vivienda","Aream2":49.638971003081437,"lenght":32.186660388523478,"Ubicacion":"Poligono general construccion"}},{"type":"Feature","id":65,"geometry":{"type":"Polygon","coordinates":[[[-75.538172035999935,6.2807029040000657],[-75.538193501999956,6.2807931680000593],[-75.53822932099996,6.2807856360000756],[-75.538217868999936,6.2806992200000309],[-75.538172035999935,6.2807029040000657]]]},"properties":{"OBJECTID":65,"Año":2005,"Tipo":"Vivienda","Aream2":45.279573898145159,"lenght":29.044278099031807,"Ubicacion":"Poligono general construccion"}},{"type":"Feature","id":66,"geometry":{"type":"Polygon","coordinates":[[[-75.538198531999967,6.2806928740000671],[-75.538231644999939,6.2806963930000279],[-75.538235809999946,6.2806071430000543],[-75.538191637999944,6.2805981580000321],[-75.538198531999967,6.2806928740000671]]]},"properties":{"OBJECTID":66,"Año":2005,"Tipo":"Vivienda","Aream2":43.407267599820258,"lenght":29.060574824595115,"Ubicacion":"Poligono general construccion"}},{"type":"Feature","id":67,"geometry":{"type":"Polygon","coordinates":[[[-75.538149371999964,6.2806029630000353],[-75.538171889999944,6.2806966830000306],[-75.538192079999988,6.2806892260000495],[-75.538187036999943,6.2805972600000359],[-75.538149371999964,6.2806029630000353]]]},"properties":{"OBJECTID":67,"Año":2005,"Tipo":"Vivienda","Aream2":33.987086905450369,"lenght":27.446785302485914,"Ubicacion":"Poligono general construccion"}},{"type":"Feature","id":68,"geometry":{"type":"Polygon","coordinates":[[[-75.538142802999971,6.2805753970000637],[-75.538189598999963,6.2805567720000681],[-75.538158971999962,6.2804971270000465],[-75.538119320999954,6.2804724820000501],[-75.538142802999971,6.2805753970000637]]]},"properties":{"OBJECTID":68,"Año":2005,"Tipo":"Vivienda","Aream2":42.009908646801371,"lenght":29.83296610157797,"Ubicacion":"Poligono general construccion"}},{"type":"Feature","id":69,"geometry":{"type":"Polygon","coordinates":[[[-75.53815018399996,6.2805808810000485],[-75.538153017999946,6.2805965060000517],[-75.538205369999957,6.2805861320000531],[-75.538188705999971,6.2805622950000384],[-75.53815018399996,6.2805808810000485]]]},"properties":{"OBJECTID":69,"Año":2005,"Tipo":"Vivienda","Aream2":12.702756085888934,"lenght":15.613805771650668,"Ubicacion":"Poligono general construccion"}},{"type":"Feature","id":70,"geometry":{"type":"Polygon","coordinates":[[[-75.538243440999963,6.2806641390000664],[-75.538294948999976,6.2806694090000406],[-75.538295604999973,6.2806151310000473],[-75.538244101999965,6.280610781000064],[-75.538243440999963,6.2806641390000664]]]},"properties":{"OBJECTID":70,"Año":2005,"Tipo":"Vivienda","Aream2":33.971162955544507,"lenght":23.356953704255989,"Ubicacion":"Poligono general construccion"}},{"type":"Feature","id":71,"geometry":{"type":"Polygon","coordinates":[[[-75.538872082999944,6.2806261320000658],[-75.538895073999981,6.2806278600000383],[-75.538906659999952,6.2805523720000451],[-75.538882726999987,6.2805460490000655],[-75.538872082999944,6.2806261320000658]]]},"properties":{"OBJECTID":71,"Año":2005,"Tipo":"Vivienda","Aream2":22.888458572557433,"lenght":22.674406629039499,"Ubicacion":"Poligono general construccion"}},{"type":"Feature","id":72,"geometry":{"type":"Polygon","coordinates":[[[-75.538794838999934,6.2806219080000574],[-75.538840798999956,6.2806207650000374],[-75.538847787999941,6.2805452980000496],[-75.538806343999966,6.2805298610000477],[-75.538794838999934,6.2806219080000574]]]},"properties":{"OBJECTID":72,"Año":2005,"Tipo":"Vivienda","Aream2":45.617076777274171,"lenght":28.625839652877474,"Ubicacion":"Poligono general construccion"}},{"type":"Feature","id":73,"geometry":{"type":"Polygon","coordinates":[[[-75.538849010999968,6.2806078460000663],[-75.538870181999982,6.2806132630000207],[-75.538879062999968,6.2805488260000288],[-75.538856954999972,6.2805397350000476],[-75.538849010999968,6.2806078460000663]]]},"properties":{"OBJECTID":73,"Año":2005,"Tipo":"Vivienda","Aream2":18.302969061328231,"lenght":19.843202028115169,"Ubicacion":"Poligono general construccion"}},{"type":"Feature","id":74,"geometry":{"type":"Polygon","coordinates":[[[-75.538747953999973,6.2804326350000679],[-75.538750153999956,6.2805071360000397],[-75.53883927399994,6.2804956650000463],[-75.538826996999944,6.2804285720000621],[-75.538747953999973,6.2804326350000679]]]},"properties":{"OBJECTID":74,"Año":2005,"Tipo":"Vivienda","Aream2":73.558285151045482,"lenght":34.492564029933988,"Ubicacion":"Zonas Verdes"}},{"type":"Feature","id":75,"geometry":{"type":"Polygon","coordinates":[[[-75.538908208999942,6.2804925710000248],[-75.538979959999949,6.2805014210000536],[-75.538992174999976,6.2803661360000547],[-75.538924975999976,6.2803480640000657],[-75.538908208999942,6.2804925710000248]]]},"properties":{"OBJECTID":75,"Año":2005,"Tipo":"Vivienda","Aream2":121.36616501347895,"lenght":46.817666922096251,"Ubicacion":"Poligono general construccion"}},{"type":"Feature","id":76,"geometry":{"type":"Polygon","coordinates":[[[-75.539017616999956,6.2803043800000751],[-75.539007882999954,6.2803826180000328],[-75.539077804999977,6.2803933180000513],[-75.539082798999971,6.2802856650000649],[-75.539017616999956,6.2803043800000751]]]},"properties":{"OBJECTID":76,"Año":2005,"Tipo":"Vivienda","Aream2":76.49878167649365,"lenght":35.974260993979442,"Ubicacion":"Poligono general construccion"}},{"type":"Feature","id":77,"geometry":{"type":"Polygon","coordinates":[[[-75.53909619999996,6.2803950680000753],[-75.539134859999933,6.2804049990000408],[-75.539145566999935,6.2803377950000367],[-75.539157499999988,6.2803340570000614],[-75.53916555099994,6.2802880230000255],[-75.539109436999979,6.2802809360000538],[-75.53909619999996,6.2803950680000753]]]},"properties":{"OBJECTID":77,"Año":2005,"Tipo":"Vivienda","Aream2":67.538912318918463,"lenght":37.465768065510893,"Ubicacion":"Poligono general construccion"}},{"type":"Feature","id":78,"geometry":{"type":"Polygon","coordinates":[[[-75.539137746999984,6.2803937620000738],[-75.53916092299994,6.2803953060000595],[-75.539174952999986,6.2803312130000677],[-75.53916114499998,6.2803274160000342],[-75.539157906999947,6.2803423350000571],[-75.539147421999985,6.2803412820000517],[-75.539137746999984,6.2803937620000738]]]},"properties":{"OBJECTID":78,"Año":2005,"Tipo":"Vivienda","Aream2":17.984110034389641,"lenght":20.170233898529982,"Ubicacion":"Poligono general construccion"}},{"type":"Feature","id":79,"geometry":{"type":"Polygon","coordinates":[[[-75.539258834999941,6.2803390840000475],[-75.539260068999965,6.2803661230000216],[-75.539220378999971,6.2803712840000685],[-75.539221599999962,6.2803955640000595],[-75.539280062999978,6.2803941760000725],[-75.539274273999979,6.2803379050000672],[-75.539258834999941,6.2803390840000475]]]},"properties":{"OBJECTID":79,"Año":2005,"Tipo":"Vivienda","Aream2":24.601608660349328,"lenght":24.55518985873827,"Ubicacion":"Poligono general construccion"}},{"type":"Feature","id":80,"geometry":{"type":"Polygon","coordinates":[[[-75.539214404999939,6.2802554750000468],[-75.539220980999971,6.2803675550000548],[-75.539256279999961,6.2803596220000486],[-75.53925873999998,6.2803337380000244],[-75.539271667999969,6.2803336750000653],[-75.539260836999972,6.2802328260000309],[-75.539214404999939,6.2802554750000468]]]},"properties":{"OBJECTID":80,"Año":2005,"Tipo":"Vivienda","Aream2":69.1098262848883,"lenght":37.664765372715863,"Ubicacion":"Poligono general construccion"}},{"type":"Feature","id":81,"geometry":{"type":"Polygon","coordinates":[[[-75.539202192999937,6.2805142560000604],[-75.539273591999972,6.2805193000000372],[-75.539282488999959,6.2804101080000692],[-75.539224536999939,6.2804009570000403],[-75.539202192999937,6.2805142560000604]]]},"properties":{"OBJECTID":81,"Año":2005,"Tipo":"Vivienda","Aream2":89.432915334997304,"lenght":39.305842673557464,"Ubicacion":"Poligono general construccion"}},{"type":"Feature","id":82,"geometry":{"type":"Polygon","coordinates":[[[-75.538849696999989,6.280305755000029],[-75.538914336999937,6.2803054410000527],[-75.538921978999952,6.2802151210000261],[-75.538849226999957,6.2802087360000201],[-75.538849696999989,6.280305755000029]]]},"properties":{"OBJECTID":82,"Año":2005,"Tipo":"Vivienda","Aream2":78.903762086441986,"lenght":35.993795190505082,"Ubicacion":"Poligono general construccion"}},{"type":"Feature","id":83,"geometry":{"type":"Polygon","coordinates":[[[-75.538938085999973,6.2802042630000301],[-75.53897090199996,6.280306514000074],[-75.539021931999969,6.2802766210000414],[-75.538991854999949,6.2801837890000343],[-75.538938085999973,6.2802042630000301]]]},"properties":{"OBJECTID":83,"Año":2005,"Tipo":"Vivienda","Aream2":72.26220189091157,"lenght":35.584173111818842,"Ubicacion":"Poligono general construccion"}},{"type":"Feature","id":84,"geometry":{"type":"Polygon","coordinates":[[[-75.538903740999956,6.2800642880000623],[-75.538924540999972,6.280188158000044],[-75.538990422999973,6.2801662780000242],[-75.53895892099996,6.2800572820000298],[-75.538903740999956,6.2800642880000623]]]},"properties":{"OBJECTID":84,"Año":2005,"Tipo":"Vivienda","Aream2":90.899217003380727,"lenght":40.2813862433918,"Ubicacion":"Poligono general construccion"}},{"type":"Feature","id":85,"geometry":{"type":"Polygon","coordinates":[[[-75.538851292999937,6.2800793650000628],[-75.538860967999938,6.2801305240000715],[-75.538905328999988,6.2801141380000445],[-75.538895693999962,6.2800710640000261],[-75.538851292999937,6.2800793650000628]]]},"properties":{"OBJECTID":85,"Año":2005,"Tipo":"Vivienda","Aream2":27.056791370981131,"lenght":20.873794083986247,"Ubicacion":"Poligono general construccion"}},{"type":"Feature","id":86,"geometry":{"type":"Polygon","coordinates":[[[-75.538794811999935,6.2800958090000449],[-75.538808506999942,6.2801429050000479],[-75.53885158099996,6.2801386530000514],[-75.538837858999955,6.2800861670000359],[-75.538794811999935,6.2800958090000449]]]},"properties":{"OBJECTID":86,"Año":2005,"Tipo":"Vivienda","Aream2":27.411845325495392,"lenght":21.098389731176216,"Ubicacion":"Poligono general construccion"}},{"type":"Feature","id":87,"geometry":{"type":"Polygon","coordinates":[[[-75.538969660999953,6.2800504920000435],[-75.538995633999946,6.280129870000053],[-75.539069606999988,6.2801106450000361],[-75.539058403999945,6.2800217640000255],[-75.538969660999953,6.2800504920000435]]]},"properties":{"OBJECTID":87,"Año":2005,"Tipo":"Vivienda","Aream2":89.243918958156129,"lenght":37.928640467670597,"Ubicacion":"Poligono general construccion"}},{"type":"Feature","id":88,"geometry":{"type":"Polygon","coordinates":[[[-75.539067802999966,6.2800163280000447],[-75.539077608999946,6.2800944370000593],[-75.539143535999983,6.2800819890000525],[-75.539132357999961,6.2799984970000651],[-75.539067802999966,6.2800163280000447]]]},"properties":{"OBJECTID":88,"Año":2005,"Tipo":"Vivienda","Aream2":66.475569883290746,"lenght":32.86175102248103,"Ubicacion":"Poligono general construccion"}},{"type":"Feature","id":89,"geometry":{"type":"Polygon","coordinates":[[[-75.539153904999978,6.279998393000028],[-75.539182614999959,6.280087189000028],[-75.539218862999974,6.280064105000065],[-75.539182104999952,6.2799820850000287],[-75.539153904999978,6.279998393000028]]]},"properties":{"OBJECTID":89,"Año":2005,"Tipo":"Vivienda","Aream2":41.583326468934004,"lenght":28.625232396283607,"Ubicacion":"Poligono general construccion"}},{"type":"Feature","id":90,"geometry":{"type":"Polygon","coordinates":[[[-75.539089734999948,6.2800957250000238],[-75.53910213599994,6.2801536080000346],[-75.539180157999965,6.2801357120000603],[-75.53917447699996,6.2800751010000226],[-75.539089734999948,6.2800957250000238]]]},"properties":{"OBJECTID":90,"Año":2005,"Tipo":"Vivienda","Aream2":61.155657367993307,"lenght":31.792533715223648,"Ubicacion":"Poligono general construccion"}},{"type":"Feature","id":91,"geometry":{"type":"Polygon","coordinates":[[[-75.539145209999958,6.2801493560000381],[-75.539162917999988,6.2801910430000589],[-75.539181765999956,6.2801896050000323],[-75.539174796999987,6.2801411280000252],[-75.539145209999958,6.2801493560000381]]]},"properties":{"OBJECTID":91,"Año":2005,"Tipo":"Vivienda","Aream2":14.094916074047514,"lenght":15.917931725340623,"Ubicacion":"Poligono general construccion"}},{"type":"Feature","id":92,"geometry":{"type":"Polygon","coordinates":[[[-75.53909415399994,6.2801738590000582],[-75.539110568999945,6.2802263330000301],[-75.539157610999951,6.280207239000049],[-75.539143895999985,6.2801561000000561],[-75.53909415399994,6.2801738590000582]]]},"properties":{"OBJECTID":92,"Año":2005,"Tipo":"Vivienda","Aream2":34.087836433145199,"lenght":23.401736844246511,"Ubicacion":"Poligono general construccion"}},{"type":"Feature","id":93,"geometry":{"type":"Polygon","coordinates":[[[-75.539032031999966,6.2801377780000394],[-75.539054172999954,6.2802602950000619],[-75.539106587999981,6.2802384800000368],[-75.539076418999969,6.2801267820000248],[-75.539032031999966,6.2801377780000394]]]},"properties":{"OBJECTID":93,"Año":2005,"Tipo":"Vivienda","Aream2":74.638868514136917,"lenght":37.912584411289508,"Ubicacion":"Poligono general construccion"}},{"type":"Feature","id":94,"geometry":{"type":"Polygon","coordinates":[[[-75.539001273999986,6.2801823960000434],[-75.539021852999952,6.2802604510000606],[-75.53905009999994,6.2802535770000532],[-75.539028096999971,6.2801593580000485],[-75.539001273999986,6.2801823960000434]]]},"properties":{"OBJECTID":94,"Año":2005,"Tipo":"Vivienda","Aream2":32.932173074992335,"lenght":26.760504792554656,"Ubicacion":"Poligono general construccion"}},{"type":"Feature","id":95,"geometry":{"type":"Polygon","coordinates":[[[-75.539190760999986,6.2801006250000455],[-75.539192407999963,6.2801626020000754],[-75.539238200999989,6.2801637270000583],[-75.539228459999947,6.2800990940000361],[-75.539190760999986,6.2801006250000455]]]},"properties":{"OBJECTID":95,"Año":2005,"Tipo":"Vivienda","Aream2":32.365112289705273,"lenght":23.332699848771174,"Ubicacion":"Poligono general construccion"}},{"type":"Feature","id":96,"geometry":{"type":"Polygon","coordinates":[[[-75.538793135999981,6.2799757200000386],[-75.538808542999959,6.2800287030000277],[-75.538892994999969,6.2800005010000746],[-75.538857393999933,6.2799488790000737],[-75.538793135999981,6.2799757200000386]]]},"properties":{"OBJECTID":96,"Año":2005,"Tipo":"Vivienda","Aream2":56.198964460157313,"lenght":30.600749492621812,"Ubicacion":"Poligono general construccion"}},{"type":"Feature","id":97,"geometry":{"type":"Polygon","coordinates":[[[-75.538809842999967,6.2800362760000326],[-75.538820144999988,6.2800779160000388],[-75.538915957999961,6.2800496580000527],[-75.538895550999939,6.2800068050000277],[-75.538809842999967,6.2800362760000326]]]},"properties":{"OBJECTID":97,"Año":2005,"Tipo":"Vivienda","Aream2":52.36312402510562,"lenght":31.08056106602902,"Ubicacion":"Poligono general construccion"}},{"type":"Feature","id":98,"geometry":{"type":"Polygon","coordinates":[[[-75.538872513999934,6.2799424890000637],[-75.538922252999953,6.280045838000035],[-75.538965066999936,6.2800228910000442],[-75.538919096999962,6.2799157330000526],[-75.538872513999934,6.2799424890000637]]]},"properties":{"OBJECTID":98,"Año":2005,"Tipo":"Vivienda","Aream2":72.150476394421844,"lenght":36.90584359823103,"Ubicacion":"Poligono general construccion"}},{"type":"Feature","id":99,"geometry":{"type":"Polygon","coordinates":[[[-75.539050823999958,6.2800035250000406],[-75.539122620999933,6.2799690670000246],[-75.539111085999934,6.2799337510000441],[-75.539092197999935,6.2799439490000282],[-75.539051326999981,6.279846874000043],[-75.538995881999938,6.2798686190000694],[-75.539050823999958,6.2800035250000406]]]},"properties":{"OBJECTID":99,"Año":2005,"Tipo":"Vivienda","Aream2":114.83918873970936,"lenght":49.652804241263489,"Ubicacion":"Poligono general construccion"}},{"type":"Feature","id":100,"geometry":{"type":"Polygon","coordinates":[[[-75.538983329999951,6.279883840000025],[-75.539006348999976,6.279944366000052],[-75.538957233999952,6.2799698710000484],[-75.538989071999936,6.2800265640000248],[-75.539043229999947,6.2799997720000533],[-75.538990856999987,6.2798736960000383],[-75.538983329999951,6.279883840000025]]]},"properties":{"OBJECTID":100,"Año":2005,"Tipo":"Vivienda","Aream2":61.34463642345316,"lenght":43.665644261436356,"Ubicacion":"Poligono general construccion"}},{"type":"Feature","id":101,"geometry":{"type":"Polygon","coordinates":[[[-75.538917754999943,6.2798993170000585],[-75.538950879999959,6.2799610580000262],[-75.538994961999947,6.2799393680000435],[-75.53897318099996,6.2798737820000383],[-75.538917754999943,6.2798993170000585]]]},"properties":{"OBJECTID":101,"Año":2005,"Tipo":"Vivienda","Aream2":46.710443141006948,"lenght":27.58517335457282,"Ubicacion":"Poligono general construccion"}},{"type":"Feature","id":102,"geometry":{"type":"Polygon","coordinates":[[[-75.539069172999973,6.2798821600000565],[-75.539087013999961,6.2799161820000222],[-75.53913485299995,6.2798881570000731],[-75.539123336999978,6.2798566310000297],[-75.539069172999973,6.2798821600000565]]]},"properties":{"OBJECTID":102,"Año":2005,"Tipo":"Vivienda","Aream2":25.273415078559403,"lenght":20.723917010942749,"Ubicacion":"Poligono general construccion"}},{"type":"Feature","id":103,"geometry":{"type":"Polygon","coordinates":[[[-75.53910594499996,6.2799148270000273],[-75.539125138999964,6.2799677920000363],[-75.539162945999976,6.279953712000065],[-75.539138676999983,6.2798957190000237],[-75.53910594499996,6.2799148270000273]]]},"properties":{"OBJECTID":103,"Año":2005,"Tipo":"Vivienda","Aream2":28.367570933621611,"lenght":21.844463912135939,"Ubicacion":"Poligono general construccion"}},{"type":"Feature","id":104,"geometry":{"type":"Polygon","coordinates":[[[-75.538976754999965,6.2798295490000555],[-75.539004682999973,6.2798609970000712],[-75.539096635999954,6.2798175980000224],[-75.539082533999988,6.2797734510000396],[-75.538976754999965,6.2798295490000555]]]},"properties":{"OBJECTID":104,"Año":2005,"Tipo":"Vivienda","Aream2":58.543142358446545,"lenght":34.2816383375756,"Ubicacion":"Poligono general construccion"}},{"type":"Feature","id":105,"geometry":{"type":"Polygon","coordinates":[[[-75.53905763299997,6.2798455800000283],[-75.539076686999977,6.2798694900000669],[-75.539118262999978,6.2798516020000648],[-75.539104234999968,6.2798226150000573],[-75.53905763299997,6.2798455800000283]]]},"properties":{"OBJECTID":105,"Año":2005,"Tipo":"Vivienda","Aream2":18.410751954505137,"lenght":17.702798688251729,"Ubicacion":"Poligono general construccion"}},{"type":"Feature","id":106,"geometry":{"type":"Polygon","coordinates":[[[-75.538937170999986,6.2797375210000723],[-75.538983005999967,6.2798168860000487],[-75.539030845999946,6.2797888610000427],[-75.538983722999944,6.2797044500000538],[-75.538937170999986,6.2797375210000723]]]},"properties":{"OBJECTID":106,"Año":2005,"Tipo":"Vivienda","Aream2":64.691731408385792,"lenght":33.286999760444701,"Ubicacion":"Poligono general construccion"}},{"type":"Feature","id":107,"geometry":{"type":"Polygon","coordinates":[[[-75.538955635999969,6.2796401570000739],[-75.538983667999958,6.2796930800000723],[-75.539022725999985,6.2796764680000479],[-75.538997199999983,6.2796197440000583],[-75.538955635999969,6.2796401570000739]]]},"properties":{"OBJECTID":107,"Año":2005,"Tipo":"Vivienda","Aream2":33.122265937878105,"lenght":23.327179507925656,"Ubicacion":"Poligono general construccion"}},{"type":"Feature","id":108,"geometry":{"type":"Polygon","coordinates":[[[-75.538993835999975,6.2797069270000634],[-75.539035913999953,6.279792627000063],[-75.539078727999936,6.2797696800000722],[-75.539030348999972,6.2796865370000319],[-75.538993835999975,6.2797069270000634]]]},"properties":{"OBJECTID":108,"Año":2005,"Tipo":"Vivienda","Aream2":52.987146929297531,"lenght":31.205863779334241,"Ubicacion":"Poligono general construccion"}},{"type":"Feature","id":109,"geometry":{"type":"Polygon","coordinates":[[[-75.538900803999979,6.2797882300000651],[-75.538940234999984,6.2798486760000287],[-75.538975436999976,6.2798181860000568],[-75.538932187999933,6.2797514410000304],[-75.538900803999979,6.2797882300000651]]]},"properties":{"OBJECTID":109,"Año":2005,"Tipo":"Vivienda","Aream2":42.942448368013025,"lenght":27.285296000290586,"Ubicacion":"Poligono general construccion"}},{"type":"Feature","id":110,"geometry":{"type":"Polygon","coordinates":[[[-75.538726341999961,6.2797398080000448],[-75.53875428799995,6.2797750440000755],[-75.538786977999962,6.2797470930000259],[-75.538742551999974,6.2796980410000742],[-75.538726341999961,6.2797398080000448]]]},"properties":{"OBJECTID":110,"Año":2005,"Tipo":"Vivienda","Aream2":28.055399860509258,"lenght":22.012304060471081,"Ubicacion":"Poligono general construccion"}},{"type":"Feature","id":111,"geometry":{"type":"Polygon","coordinates":[[[-75.53872535499994,6.2797966610000344],[-75.538749647999964,6.2798597080000604],[-75.538822657999958,6.2798151380000604],[-75.538792100999956,6.2797622280000382],[-75.53872535499994,6.2797966610000344]]]},"properties":{"OBJECTID":111,"Año":2005,"Tipo":"Vivienda","Aream2":62.856996310853091,"lenght":32.009553161672073,"Ubicacion":"Poligono general construccion"}},{"type":"Feature","id":112,"geometry":{"type":"Polygon","coordinates":[[[-75.53875900099996,6.2797055400000659],[-75.538803420999955,6.2797533300000623],[-75.538819777999947,6.2797418810000636],[-75.538777883999956,6.2796940790000235],[-75.53875900099996,6.2797055400000659]]]},"properties":{"OBJECTID":112,"Año":2005,"Tipo":"Vivienda","Aream2":16.361109476943898,"lenght":18.904597128565584,"Ubicacion":"Poligono general construccion"}},{"type":"Feature","id":113,"geometry":{"type":"Polygon","coordinates":[[[-75.538434560999974,6.2797109040000691],[-75.538550065999971,6.2798379370000248],[-75.538591500999985,6.2797909940000523],[-75.538491182999962,6.2796714670000711],[-75.538434560999974,6.2797109040000691]]]},"properties":{"OBJECTID":113,"Año":2005,"Tipo":"Vivienda","Aream2":131.0442772075279,"lenght":50.822836504281923,"Ubicacion":"Poligono general construccion"}},{"type":"Feature","id":114,"geometry":{"type":"Polygon","coordinates":[[[-75.538371766999944,6.2797794270000509],[-75.538431476999961,6.2798561990000508],[-75.538412637999954,6.2798765030000254],[-75.538444297999945,6.2798965610000437],[-75.538523607999934,6.2798494350000738],[-75.538423308999938,6.2797336990000758],[-75.538371766999944,6.2797794270000509]]]},"properties":{"OBJECTID":114,"Año":2005,"Tipo":"Vivienda","Aream2":139.88775953060414,"lenght":52.748068685064865,"Ubicacion":"Poligono general construccion"}},{"type":"Feature","id":115,"geometry":{"type":"Polygon","coordinates":[[[-75.538305130999959,6.2798365990000207],[-75.538397916999941,6.279965005000065],[-75.538447006999945,6.2799344470000733],[-75.538365552999949,6.2797996700000454],[-75.538305130999959,6.2798365990000207]]]},"properties":{"OBJECTID":115,"Año":2005,"Tipo":"Vivienda","Aream2":124.19176062304017,"lenght":49.182000428362095,"Ubicacion":"Poligono general construccion"}},{"type":"Feature","id":116,"geometry":{"type":"Polygon","coordinates":[[[-75.538290391999965,6.2799213110000665],[-75.538376803999938,6.2800371150000274],[-75.538418312999966,6.2800053320000302],[-75.538331900999935,6.2798895280000693],[-75.538290391999965,6.2799213110000665]]]},"properties":{"OBJECTID":116,"Año":2005,"Tipo":"Vivienda","Aream2":92.464062803585449,"lenght":43.539962854051211,"Ubicacion":"Poligono general construccion"}},{"type":"Feature","id":117,"geometry":{"type":"Polygon","coordinates":[[[-75.538233983999987,6.2800049620000209],[-75.538281160999986,6.2801007440000376],[-75.538360433999969,6.2800460380000231],[-75.538309524999988,6.279961644000025],[-75.538233983999987,6.2800049620000209]]]},"properties":{"OBJECTID":117,"Año":2005,"Tipo":"Vivienda","Aream2":114.79000559777869,"lenght":43.008090297742349,"Ubicacion":"Poligono general construccion"}},{"type":"Feature","id":118,"geometry":{"type":"Polygon","coordinates":[[[-75.538452215999939,6.2799020500000324],[-75.53848082899998,6.2799445470000705],[-75.538545752999937,6.279908702000057],[-75.538523040999962,6.2798626240000317],[-75.538452215999939,6.2799020500000324]]]},"properties":{"OBJECTID":118,"Año":2005,"Tipo":"Vivienda","Aream2":48.620880654255146,"lenght":28.527080786513363,"Ubicacion":"Poligono general construccion"}},{"type":"Feature","id":119,"geometry":{"type":"Polygon","coordinates":[[[-75.538844897999979,6.279585925000049],[-75.53887181999994,6.2796457510000323],[-75.538952626999958,6.2796053870000605],[-75.538919058999966,6.2795478140000682],[-75.538844897999979,6.279585925000049]]]},"properties":{"OBJECTID":119,"Año":2005,"Tipo":"Vivienda","Aream2":70.20511441398267,"lenght":33.852336009667724,"Ubicacion":"Poligono general construccion"}},{"type":"Feature","id":120,"geometry":{"type":"Polygon","coordinates":[[[-75.538823610999941,6.279543836000073],[-75.538844870999981,6.2795803730000443],[-75.538900233999982,6.2795556770000758],[-75.538878919999945,6.2795080370000278],[-75.538823610999941,6.279543836000073]]]},"properties":{"OBJECTID":120,"Año":2005,"Tipo":"Vivienda","Aream2":36.392599833808902,"lenght":24.448574795248796,"Ubicacion":"Poligono general construccion"}},{"type":"Feature","id":121,"geometry":{"type":"Polygon","coordinates":[[[-75.538703095999949,6.2794960110000488],[-75.538719891999961,6.2795272400000499],[-75.538783600999977,6.2794849610000369],[-75.538768184999981,6.279463718000045],[-75.538703095999949,6.2794960110000488]]]},"properties":{"OBJECTID":121,"Año":2005,"Tipo":"Vivienda","Aream2":28.034258421453384,"lenght":23.327802994270371,"Ubicacion":"Zonas Verdes"}},{"type":"Feature","id":122,"geometry":{"type":"Polygon","coordinates":[[[-75.538524294999945,6.28004506700006],[-75.538523081999983,6.2801091140000267],[-75.538647982999976,6.2800978340000597],[-75.53863241199997,6.2800292940000304],[-75.538524294999945,6.28004506700006]]]},"properties":{"OBJECTID":122,"Año":2005,"Tipo":"Vivienda","Aream2":95.739350731601718,"lenght":40.831799707485985,"Ubicacion":"Poligono general construccion"}},{"type":"Feature","id":123,"geometry":{"type":"Polygon","coordinates":[[[-75.538524657999972,6.2801197800000637],[-75.538534302999949,6.2802234190000377],[-75.538654558999951,6.2801969140000438],[-75.538651081999944,6.280108493000057],[-75.538524657999972,6.2801197800000637]]]},"properties":{"OBJECTID":123,"Año":2005,"Tipo":"Vivienda","Aream2":146.50989741338591,"lenght":48.976392375322902,"Ubicacion":"Poligono general construccion"}},{"type":"Feature","id":124,"geometry":{"type":"Polygon","coordinates":[[[-75.53826270199994,6.2801500220000435],[-75.538319525999952,6.2802412340000728],[-75.538390945999936,6.2801997180000626],[-75.538332590999971,6.2801069890000463],[-75.53826270199994,6.2801500220000435]]]},"properties":{"OBJECTID":124,"Año":2005,"Tipo":"Vivienda","Aream2":109.34937430716337,"lenght":42.23249255174499,"Ubicacion":"Poligono general construccion"}},{"type":"Feature","id":125,"geometry":{"type":"Polygon","coordinates":[[[-75.538234517999967,6.2803087370000412],[-75.538325813999961,6.2802808480000749],[-75.538328705999959,6.2802488130000711],[-75.538299753999979,6.2802489540000579],[-75.538241338999967,6.2801440270000626],[-75.538163786999974,6.2801779480000732],[-75.538234517999967,6.2803087370000412]]]},"properties":{"OBJECTID":125,"Año":2005,"Tipo":"Vivienda","Aream2":167.98424734637894,"lenght":56.427269706881901,"Ubicacion":"Poligono general construccion"}},{"type":"Feature","id":126,"geometry":{"type":"Polygon","coordinates":[[[-75.53810767899995,6.2802346380000245],[-75.538208716999975,6.2803302090000557],[-75.538231491999966,6.280313326000055],[-75.538162343999943,6.2801947280000263],[-75.53810767899995,6.2802346380000245]]]},"properties":{"OBJECTID":126,"Año":2005,"Tipo":"Vivienda","Aream2":80.336538634402871,"lenght":41.201192035473014,"Ubicacion":"Poligono general construccion"}},{"type":"Feature","id":127,"geometry":{"type":"Polygon","coordinates":[[[-75.538031702999945,6.2802792260000615],[-75.538097603999972,6.2803566700000601],[-75.538150670999983,6.2803015200000232],[-75.53808485899998,6.280242372000032],[-75.538031702999945,6.2802792260000615]]]},"properties":{"OBJECTID":127,"Año":2005,"Tipo":"Vivienda","Aream2":81.489407120209947,"lenght":36.665952590475072,"Ubicacion":"Poligono general construccion"}},{"type":"Feature","id":128,"geometry":{"type":"Polygon","coordinates":[[[-75.53810980999998,6.2803596600000446],[-75.538140447999979,6.2803930570000261],[-75.538202657999989,6.2803378630000566],[-75.538161389999971,6.2803121420000707],[-75.53810980999998,6.2803596600000446]]]},"properties":{"OBJECTID":128,"Año":2005,"Tipo":"Vivienda","Aream2":43.189871218190582,"lenght":27.356708536745643,"Ubicacion":"Poligono general construccion"}},{"type":"Feature","id":129,"geometry":{"type":"Polygon","coordinates":[[[-75.538179963999937,6.2803715190000275],[-75.538210727999967,6.2804308360000505],[-75.538279144999933,6.2803984830000559],[-75.538254438999957,6.280331512000032],[-75.538179963999937,6.2803715190000275]]]},"properties":{"OBJECTID":129,"Año":2005,"Tipo":"Vivienda","Aream2":67.509713503284729,"lenght":33.018077217510921,"Ubicacion":"Poligono general construccion"}},{"type":"Feature","id":130,"geometry":{"type":"Polygon","coordinates":[[[-75.538263462999964,6.2803070720000278],[-75.538286807999953,6.2804075950000424],[-75.538378177999959,6.2803949530000409],[-75.538334941999949,6.2802777540000534],[-75.538263462999964,6.2803070720000278]]]},"properties":{"OBJECTID":130,"Año":2005,"Tipo":"Vivienda","Aream2":117.05766880172081,"lenght":43.991247090539801,"Ubicacion":"Poligono general construccion"}},{"type":"Feature","id":131,"geometry":{"type":"Polygon","coordinates":[[[-75.538339335999979,6.2802411380000649],[-75.538387349999937,6.2804010080000694],[-75.538467890999982,6.2803548730000216],[-75.538419957999963,6.2802117760000442],[-75.538339335999979,6.2802411380000649]]]},"properties":{"OBJECTID":131,"Año":2005,"Tipo":"Vivienda","Aream2":171.59722785938428,"lenght":54.923565730138748,"Ubicacion":"Poligono general construccion"}},{"type":"Feature","id":132,"geometry":{"type":"Polygon","coordinates":[[[-75.53846127099996,6.2802466450000338],[-75.538493928999969,6.2803821930000368],[-75.538684153999952,6.2803294270000265],[-75.538654595999958,6.2802045380000209],[-75.53846127099996,6.2802466450000338]]]},"properties":{"OBJECTID":132,"Año":2005,"Tipo":"Vivienda","Aream2":323.76630954910553,"lenght":73.362313724875634,"Ubicacion":"Poligono general construccion"}},{"type":"Feature","id":133,"geometry":{"type":"Polygon","coordinates":[[[-75.538387549999982,6.280442176000065],[-75.538427826999964,6.2805776870000614],[-75.538508448999949,6.2805483250000407],[-75.53846363699995,6.280420460000073],[-75.538387549999982,6.280442176000065]]]},"properties":{"OBJECTID":133,"Año":2005,"Tipo":"Vivienda","Aream2":139.61261797544105,"lenght":48.876793819005371,"Ubicacion":"Poligono general construccion"}},{"type":"Feature","id":134,"geometry":{"type":"Polygon","coordinates":[[[-75.538334814999985,6.2805659400000309],[-75.538365733999967,6.2806572770000457],[-75.538428151999938,6.2806447770000204],[-75.538404836999973,6.2805503520000343],[-75.538334814999985,6.2805659400000309]]]},"properties":{"OBJECTID":134,"Año":2005,"Tipo":"Vivienda","Aream2":79.954037315653238,"lenght":36.408755053851152,"Ubicacion":"Poligono general construccion"}},{"type":"Feature","id":135,"geometry":{"type":"Polygon","coordinates":[[[-75.539150201999973,6.2809065850000252],[-75.539209741999969,6.2809291670000675],[-75.539253414999962,6.2808222210000508],[-75.539198497999962,6.2808102890000441],[-75.539178991999961,6.2808729000000767],[-75.53915763699996,6.2808684290000656],[-75.539150201999973,6.2809065850000252]]]},"properties":{"OBJECTID":135,"Año":2005,"Tipo":"Vivienda","Aream2":79.085408091187006,"lenght":40.013466382002242,"Ubicacion":"Poligono general construccion"}},{"type":"Feature","id":136,"geometry":{"type":"Polygon","coordinates":[[[-75.539212841999984,6.2809398260000648],[-75.539255551999986,6.2809487680000302],[-75.539293315999942,6.2808799690000683],[-75.539243164999959,6.2808532880000598],[-75.539212841999984,6.2809398260000648]]]},"properties":{"OBJECTID":136,"Año":2005,"Tipo":"Vivienda","Aream2":51.567859980772226,"lenght":29.94045830535417,"Ubicacion":"Poligono general construccion"}},{"type":"Feature","id":137,"geometry":{"type":"Polygon","coordinates":[[[-75.539360644999988,6.2806234770000628],[-75.539359393999973,6.2806799010000418],[-75.539409613999965,6.2806659340000692],[-75.539404827999988,6.2806217380000362],[-75.539360644999988,6.2806234770000628]]]},"properties":{"OBJECTID":137,"Año":2005,"Tipo":"Vivienda","Aream2":29.239854142816117,"lenght":21.822003488935174,"Ubicacion":"Poligono general construccion"}},{"type":"Feature","id":138,"geometry":{"type":"Polygon","coordinates":[[[-75.539359668999964,6.2807363170000485],[-75.539434408999966,6.2807512020000331],[-75.53943828499996,6.2807282410000767],[-75.53943415699996,6.2807146210000724],[-75.539365578999934,6.2806981680000717],[-75.539359668999964,6.2807363170000485]]]},"properties":{"OBJECTID":138,"Año":2005,"Tipo":"Vivienda","Aream2":34.222936039775178,"lenght":24.65893482830311,"Ubicacion":"Poligono general construccion"}},{"type":"Feature","id":139,"geometry":{"type":"Polygon","coordinates":[[[-75.539373618999946,6.2807850420000477],[-75.539454432999946,6.2807953230000635],[-75.53945484999997,6.2807828900000686],[-75.539446321999947,6.2807547540000428],[-75.539381060999972,6.2807484110000473],[-75.539373618999946,6.2807850420000477]]]},"properties":{"OBJECTID":139,"Año":2005,"Tipo":"Vivienda","Aream2":35.198514182192277,"lenght":25.03538491132727,"Ubicacion":"Poligono general construccion"}},{"type":"Feature","id":140,"geometry":{"type":"Polygon","coordinates":[[[-75.539358705999973,6.2808522050000306],[-75.539462340999989,6.2808547510000494],[-75.539466212999969,6.2808203770000546],[-75.539460781999935,6.2808024600000749],[-75.53936910699997,6.2807972620000214],[-75.539358705999973,6.2808522050000306]]]},"properties":{"OBJECTID":140,"Año":2005,"Tipo":"Vivienda","Aream2":65.872821368109555,"lenght":33.717862718942719,"Ubicacion":"Poligono general construccion"}},{"type":"Feature","id":141,"geometry":{"type":"Polygon","coordinates":[[[-75.539362240999935,6.2809528240000532],[-75.539456739999935,6.2809569390000206],[-75.539476128999979,6.2808699330000763],[-75.539375505999942,6.2808597480000685],[-75.539362240999935,6.2809528240000532]]]},"properties":{"OBJECTID":141,"Año":2005,"Tipo":"Vivienda","Aream2":108.96418041161007,"lenght":41.920771515862768,"Ubicacion":"Poligono general construccion"}},{"type":"Feature","id":142,"geometry":{"type":"Polygon","coordinates":[[[-75.539392776999989,6.2809648740000625],[-75.539380911999956,6.2810320230000229],[-75.539469285999985,6.2810300690000531],[-75.539479597999957,6.280956829000047],[-75.539392776999989,6.2809648740000625]]]},"properties":{"OBJECTID":142,"Año":2005,"Tipo":"Vivienda","Aream2":74.592522210650614,"lenght":35.156474962934865,"Ubicacion":"Poligono general construccion"}},{"type":"Feature","id":143,"geometry":{"type":"Polygon","coordinates":[[[-75.538866300999985,6.2809178990000305],[-75.538828004999971,6.2809055920000674],[-75.538806404999946,6.2809572320000484],[-75.538845455999933,6.2809640700000386],[-75.538866300999985,6.2809178990000305]]]},"properties":{"OBJECTID":143,"Año":2005,"Tipo":"Vivienda","Aream2":25.639740470421987,"lenght":20.634918646745845,"Ubicacion":"Poligono general construccion"}},{"type":"Feature","id":144,"geometry":{"type":"Polygon","coordinates":[[[-75.539334145999987,6.2816411510000307],[-75.539365756999985,6.281658046000075],[-75.539396006999937,6.2816226980000351],[-75.539359080999986,6.2816037650000567],[-75.539334145999987,6.2816411510000307]]]},"properties":{"OBJECTID":144,"Año":2010,"Tipo":"Vivienda","Aream2":21.306683849768454,"lenght":18.677185964096623,"Ubicacion":"Poligono general construccion"}},{"type":"Feature","id":145,"geometry":{"type":"Polygon","coordinates":[[[-75.539334145999987,6.2816411510000307],[-75.539298073999987,6.2817037220000316],[-75.539328835999981,6.2817160420000278],[-75.539353119999987,6.2816728120000676],[-75.539365756999985,6.281658046000075],[-75.539334145999987,6.2816411510000307]]]},"properties":{"OBJECTID":145,"Año":2010,"Tipo":"Vivienda","Aream2":28.391539796381519,"lenght":23.258598556495798,"Ubicacion":"Poligono general construccion"}},{"type":"Feature","id":146,"geometry":{"type":"Polygon","coordinates":[[[-75.539270880999936,6.2818113140000378],[-75.539312567999957,6.2818139680000513],[-75.539315024999951,6.2817574230000446],[-75.539282736999951,6.2817557940000484],[-75.539270880999936,6.2818113140000378]]]},"properties":{"OBJECTID":146,"Año":2010,"Tipo":"Vivienda","Aream2":25.558048843125004,"lenght":20.740779866466731,"Ubicacion":"Poligono general construccion"}},{"type":"Feature","id":147,"geometry":{"type":"Polygon","coordinates":[[[-75.539226425999971,6.2815915950000658],[-75.539273415999958,6.2816197800000282],[-75.53930263999996,6.2815737070000637],[-75.539238424999951,6.2815480210000487],[-75.539216087999989,6.2815853940000466],[-75.539226425999971,6.2815915950000658]]]},"properties":{"OBJECTID":147,"Año":2010,"Tipo":"Vivienda","Aream2":40.518207654106497,"lenght":25.903548748389515,"Ubicacion":"Poligono general construccion"}},{"type":"Feature","id":148,"geometry":{"type":"Polygon","coordinates":[[[-75.539226425999971,6.2815915950000658],[-75.539206864999983,6.2816274460000727],[-75.539254476999986,6.281643271000064],[-75.539273415999958,6.2816197800000282],[-75.539226425999971,6.2815915950000658]]]},"properties":{"OBJECTID":148,"Año":2010,"Tipo":"Vivienda","Aream2":22.365928960234726,"lenght":19.472194392411993,"Ubicacion":"Poligono general construccion"}},{"type":"Feature","id":149,"geometry":{"type":"Polygon","coordinates":[[[-75.53910340799996,6.2815513100000544],[-75.539152554999987,6.2815761010000415],[-75.539170783999964,6.2815301500000373],[-75.539114388999963,6.2815096250000693],[-75.53910340799996,6.2815513100000544]]]},"properties":{"OBJECTID":149,"Año":2010,"Tipo":"Vivienda","Aream2":32.35710699978651,"lenght":22.969425583210327,"Ubicacion":"Poligono general construccion"}},{"type":"Feature","id":150,"geometry":{"type":"Polygon","coordinates":[[[-75.538906760999964,6.2815574300000208],[-75.539025498999933,6.28157505300004],[-75.539042993999942,6.2814319770000679],[-75.538925973999937,6.2814117450000708],[-75.538906760999964,6.2815574300000208]]]},"properties":{"OBJECTID":150,"Año":2010,"Tipo":"Vivienda","Aream2":212.59520609111792,"lenght":58.624960109211877,"Ubicacion":"Zonas Verdes"}},{"type":"Feature","id":151,"geometry":{"type":"Polygon","coordinates":[[[-75.538823372999957,6.2813359070000274],[-75.538813864999952,6.2813325610000561],[-75.538797716999966,6.2813959030000319],[-75.538860161999935,6.2814137990000631],[-75.538874594999982,6.2813539320000586],[-75.538865251999937,6.2813506440000424],[-75.538823372999957,6.2813359070000274]]]},"properties":{"OBJECTID":151,"Año":2010,"Tipo":"Vivienda","Aream2":50.119883617677225,"lenght":28.355918413600399,"Ubicacion":"Zonas Verdes"}},{"type":"Feature","id":152,"geometry":{"type":"Polygon","coordinates":[[[-75.538823372999957,6.2813359070000274],[-75.538865251999937,6.2813506440000424],[-75.538870091999968,6.2813184230000729],[-75.538834541999961,6.2813099290000309],[-75.538823372999957,6.2813359070000274]]]},"properties":{"OBJECTID":152,"Año":2010,"Tipo":"Vivienda","Aream2":14.92905487064011,"lenght":15.690215959920046,"Ubicacion":"Zonas Verdes"}},{"type":"Feature","id":153,"geometry":{"type":"Polygon","coordinates":[[[-75.538782543999957,6.2814817710000739],[-75.538841536999939,6.2815022840000552],[-75.538851668999939,6.281448504000025],[-75.538796123999987,6.2814245090000327],[-75.538782543999957,6.2814817710000739]]]},"properties":{"OBJECTID":153,"Año":2010,"Tipo":"Vivienda","Aream2":42.153145017744279,"lenght":26.170630364304667,"Ubicacion":"Zonas Verdes"}},{"type":"Feature","id":154,"geometry":{"type":"Polygon","coordinates":[[[-75.538750522999976,6.2815528260000519],[-75.538734371999965,6.281549602000041],[-75.538724281999976,6.2816120470000669],[-75.538829230999966,6.2816436010000416],[-75.538848805999976,6.2815724440000622],[-75.538825316999976,6.281567755000026],[-75.538750522999976,6.2815528260000519]]]},"properties":{"OBJECTID":154,"Año":2010,"Tipo":"Vivienda","Aream2":94.637793039641281,"lenght":40.20254405388949,"Ubicacion":"Zonas Verdes"}},{"type":"Feature","id":155,"geometry":{"type":"Polygon","coordinates":[[[-75.538750522999976,6.2815528260000519],[-75.538825316999976,6.281567755000026],[-75.538832131999982,6.2815274610000529],[-75.538754997999945,6.2815165700000648],[-75.538750522999976,6.2815528260000519]]]},"properties":{"OBJECTID":155,"Año":2010,"Tipo":"Vivienda","Aream2":36.484408664327425,"lenght":25.623122284614666,"Ubicacion":"Zonas Verdes"}},{"type":"Feature","id":156,"geometry":{"type":"Polygon","coordinates":[[[-75.538438276999955,6.2816496160000383],[-75.538600919999965,6.2817016360000366],[-75.538645129999964,6.28160934400006],[-75.538486481999939,6.2815437630000588],[-75.538438276999955,6.2816496160000383]]]},"properties":{"OBJECTID":156,"Año":2010,"Tipo":"Vivienda","Aream2":228.08963237306423,"lenght":62.082007632908322,"Ubicacion":"Zonas Verdes"}},{"type":"Feature","id":157,"geometry":{"type":"Polygon","coordinates":[[[-75.538168092999967,6.2814667710000549],[-75.538223784999957,6.2815098320000402],[-75.538301844999978,6.2814214370000627],[-75.538243426999941,6.2813743270000373],[-75.538168092999967,6.2814667710000549]]]},"properties":{"OBJECTID":157,"Año":2010,"Tipo":"Vivienda","Aream2":105.48215103229354,"lenght":42.333857097898814,"Ubicacion":"Poligono general construccion"}},{"type":"Feature","id":158,"geometry":{"type":"Polygon","coordinates":[[[-75.538084021999964,6.2814319730000534],[-75.538131522999947,6.2814601780000316],[-75.538198632999979,6.281346109000026],[-75.538130819999935,6.2813152940000236],[-75.538084021999964,6.2814319730000534]]]},"properties":{"OBJECTID":158,"Año":2010,"Tipo":"Vivienda","Aream2":102.00587275126138,"lenght":42.902777592052644,"Ubicacion":"Poligono general construccion"}},{"type":"Feature","id":159,"geometry":{"type":"Polygon","coordinates":[[[-75.538241787999937,6.2812380440000766],[-75.538268540999979,6.281250984000053],[-75.538302752999982,6.2811827060000383],[-75.538314110999977,6.2811600390000422],[-75.538250345999984,6.2811264960000699],[-75.538204788999963,6.2812201490000348],[-75.538241787999937,6.2812380440000766]]]},"properties":{"OBJECTID":159,"Año":2010,"Tipo":"Vivienda","Aream2":89.992633619897589,"lenght":38.583127871011875,"Ubicacion":"Poligono general construccion"}},{"type":"Feature","id":160,"geometry":{"type":"Polygon","coordinates":[[[-75.538287643999979,6.2812833890000661],[-75.538345871999979,6.2812912310000684],[-75.538373823999962,6.2811949550000463],[-75.538302752999982,6.2811827060000383],[-75.53829056099994,6.2812639510000281],[-75.538287643999979,6.2812833890000661]]]},"properties":{"OBJECTID":160,"Año":2010,"Tipo":"Vivienda","Aream2":80.584643483112117,"lenght":36.834279269875907,"Ubicacion":"Poligono general construccion"}},{"type":"Feature","id":161,"geometry":{"type":"Polygon","coordinates":[[[-75.538207842999952,6.2812919010000314],[-75.538253983999937,6.2813187590000439],[-75.538287643999979,6.2812833890000661],[-75.538227976999963,6.2812579510000432],[-75.538207842999952,6.2812919010000314]]]},"properties":{"OBJECTID":161,"Año":2010,"Tipo":"Vivienda","Aream2":31.056003494317732,"lenght":22.85458066014985,"Ubicacion":"Poligono general construccion"}},{"type":"Feature","id":162,"geometry":{"type":"Polygon","coordinates":[[[-75.538207842999952,6.2812919010000314],[-75.538191754999957,6.2813231230000497],[-75.538235196999949,6.2813513480000438],[-75.538253983999937,6.2813187590000439],[-75.538207842999952,6.2812919010000314]]]},"properties":{"OBJECTID":162,"Año":2010,"Tipo":"Vivienda","Aream2":23.37320482988963,"lenght":19.687104811116882,"Ubicacion":"Poligono general construccion"}},{"type":"Feature","id":163,"geometry":{"type":"Polygon","coordinates":[[[-75.538227976999963,6.2812579510000432],[-75.538287643999979,6.2812833890000661],[-75.53829056099994,6.2812639510000281],[-75.538241787999937,6.2812380440000766],[-75.538227976999963,6.2812579510000432]]]},"properties":{"OBJECTID":163,"Año":2010,"Tipo":"Vivienda","Aream2":15.685795965815283,"lenght":18.14394449580011,"Ubicacion":"Poligono general construccion"}},{"type":"Feature","id":164,"geometry":{"type":"Polygon","coordinates":[[[-75.538332917999981,6.2811315110000692],[-75.538424976999977,6.2811391890000436],[-75.538443652999945,6.2810835810000754],[-75.538343435999934,6.2810678190000431],[-75.538332917999981,6.2811315110000692]]]},"properties":{"OBJECTID":164,"Año":2010,"Tipo":"Vivienda","Aream2":72.294454841035446,"lenght":35.080660467551155,"Ubicacion":"Poligono general construccion"}},{"type":"Feature","id":165,"geometry":{"type":"Polygon","coordinates":[[[-75.538368312999978,6.2808957280000755],[-75.538362111999959,6.2810122100000285],[-75.538412187999938,6.2810133220000353],[-75.538423854999962,6.2809076460000597],[-75.538368312999978,6.2808957280000755]]]},"properties":{"OBJECTID":165,"Año":2010,"Tipo":"Vivienda","Aream2":72.52054411701765,"lenght":36.492023479949125,"Ubicacion":"Poligono general construccion"}},{"type":"Feature","id":166,"geometry":{"type":"Polygon","coordinates":[[[-75.538439272999938,6.2807383100000607],[-75.538430259999984,6.280833140000027],[-75.538430634999941,6.2808331800000587],[-75.538556412999981,6.280846676000067],[-75.538565866999988,6.2808476910000763],[-75.538575132999938,6.2808486850000236],[-75.538577486999941,6.2808313990000215],[-75.538587868999969,6.2807551430000217],[-75.538590813999974,6.2807335120000403],[-75.538439272999938,6.2807383100000607]]]},"properties":{"OBJECTID":166,"Año":2010,"Tipo":"Vivienda","Aream2":191.31320910475497,"lenght":56.298826529116717,"Ubicacion":"Poligono general construccion"}},{"type":"Feature","id":167,"geometry":{"type":"Polygon","coordinates":[[[-75.538423854999962,6.2809076460000597],[-75.538549822999983,6.2809314080000718],[-75.53855516699997,6.2808626910000385],[-75.538556412999981,6.280846676000067],[-75.538430634999941,6.2808331800000587],[-75.538430259999984,6.280833140000027],[-75.538423854999962,6.2809076460000597]]]},"properties":{"OBJECTID":167,"Año":2010,"Tipo":"Vivienda","Aream2":124.34850066594109,"lenght":45.900781419815289,"Ubicacion":"Poligono general construccion"}},{"type":"Feature","id":168,"geometry":{"type":"Polygon","coordinates":[[[-75.538307630999952,6.2808197990000281],[-75.538292486999978,6.2808866180000678],[-75.538368312999978,6.2808957280000755],[-75.538377319999938,6.2807995450000362],[-75.538372832999983,6.2807990890000269],[-75.538313685999981,6.2807930830000487],[-75.538307630999952,6.2808197990000281]]]},"properties":{"OBJECTID":168,"Año":2010,"Tipo":"Vivienda","Aream2":82.410992002570779,"lenght":36.824668934481799,"Ubicacion":"Poligono general construccion"}},{"type":"Feature","id":169,"geometry":{"type":"Polygon","coordinates":[[[-75.538308191999988,6.2807001200000627],[-75.538260502999947,6.280709388000048],[-75.538273088999972,6.2807932800000685],[-75.538313685999981,6.2807930830000487],[-75.538310526999965,6.2806996660000323],[-75.538308191999988,6.2807001200000627]]]},"properties":{"OBJECTID":169,"Año":2010,"Tipo":"Vivienda","Aream2":49.651585552331547,"lenght":29.85452306786118,"Ubicacion":"Poligono general construccion"}},{"type":"Feature","id":170,"geometry":{"type":"Polygon","coordinates":[[[-75.538273088999972,6.2807932800000685],[-75.538285411999937,6.2808230100000628],[-75.538307630999952,6.2808197990000281],[-75.538313685999981,6.2807930830000487],[-75.538273088999972,6.2807932800000685]]]},"properties":{"OBJECTID":170,"Año":2010,"Tipo":"Vivienda","Aream2":10.916544807701069,"lenght":13.567715670473977,"Ubicacion":"Poligono general construccion"}},{"type":"Feature","id":171,"geometry":{"type":"Polygon","coordinates":[[[-75.538226416999976,6.2806567430000655],[-75.538260502999947,6.280709388000048],[-75.538308191999988,6.2807001200000627],[-75.538310526999965,6.2806996660000323],[-75.538307520999979,6.2806887730000653],[-75.538292618999947,6.2806347560000404],[-75.538226416999976,6.2806567430000655]]]},"properties":{"OBJECTID":171,"Año":2010,"Tipo":"Vivienda","Aream2":46.858935786383725,"lenght":27.746050090596153,"Ubicacion":"Poligono general construccion"}},{"type":"Feature","id":172,"geometry":{"type":"Polygon","coordinates":[[[-75.538227270999982,6.2805538280000519],[-75.538231553999935,6.2805998470000759],[-75.538278843999933,6.2805847220000715],[-75.538256962999981,6.280537435000042],[-75.538227270999982,6.2805538280000519]]]},"properties":{"OBJECTID":172,"Año":2010,"Tipo":"Vivienda","Aream2":24.505938263589861,"lenght":20.123660392459591,"Ubicacion":"Poligono general construccion"}},{"type":"Feature","id":173,"geometry":{"type":"Polygon","coordinates":[[[-75.538375689999953,6.2806901740000285],[-75.538402505999954,6.2806910950000656],[-75.538403504999962,6.2806179700000371],[-75.538372373999948,6.2806167660000369],[-75.538371164999944,6.2806465620000722],[-75.538334627999973,6.2806467400000656],[-75.53833347799997,6.2806887220000363],[-75.538375689999953,6.2806901740000285]]]},"properties":{"OBJECTID":173,"Año":2010,"Tipo":"Vivienda","Aream2":47.733975894042274,"lenght":31.168500530769929,"Ubicacion":"Poligono general construccion"}},{"type":"Feature","id":174,"geometry":{"type":"Polygon","coordinates":[[[-75.538308191999988,6.2807001200000627],[-75.538313685999981,6.2807930830000487],[-75.538372832999983,6.2807990890000269],[-75.538377319999938,6.2807995450000362],[-75.538376229999983,6.2807264220000434],[-75.538375689999953,6.2806901740000285],[-75.538307520999979,6.2806887730000653],[-75.538308191999988,6.2807001200000627]]]},"properties":{"OBJECTID":174,"Año":2010,"Tipo":"Vivienda","Aream2":86.003415489233731,"lenght":38.28122155811775,"Ubicacion":"Poligono general construccion"}},{"type":"Feature","id":175,"geometry":{"type":"Polygon","coordinates":[[[-75.538372832999983,6.2807990890000269],[-75.538368312999978,6.2808957280000755],[-75.538423854999962,6.2809076460000597],[-75.538430634999941,6.2808331800000587],[-75.538439272999938,6.2807383100000607],[-75.538376229999983,6.2807264220000434],[-75.538372832999983,6.2807990890000269]]]},"properties":{"OBJECTID":175,"Año":2010,"Tipo":"Vivienda","Aream2":124.59662114740924,"lenght":50.941241954991526,"Ubicacion":"Poligono general construccion"}},{"type":"Feature","id":176,"geometry":{"type":"Polygon","coordinates":[[[-75.538577486999941,6.2808313990000215],[-75.538622462999967,6.2808416850000413],[-75.538623193999967,6.2808375110000725],[-75.538636947999976,6.2807590160000473],[-75.538587868999969,6.2807551430000217],[-75.538577486999941,6.2808313990000215]]]},"properties":{"OBJECTID":176,"Año":2010,"Tipo":"Vivienda","Aream2":46.822757414712292,"lenght":28.350392715750441,"Ubicacion":"Poligono general construccion"}},{"type":"Feature","id":177,"geometry":{"type":"Polygon","coordinates":[[[-75.538623193999967,6.2808375110000725],[-75.538622462999967,6.2808416850000413],[-75.53866306599997,6.2808428420000268],[-75.538671915999942,6.2807901610000272],[-75.538674903999947,6.2807723720000581],[-75.538636947999976,6.2807590160000473],[-75.538623193999967,6.2808375110000725]]]},"properties":{"OBJECTID":177,"Año":2010,"Tipo":"Vivienda","Aream2":37.987025375126031,"lenght":26.135613343605897,"Ubicacion":"Poligono general construccion"}},{"type":"Feature","id":178,"geometry":{"type":"Polygon","coordinates":[[[-75.538565866999988,6.2808476910000763],[-75.53855516699997,6.2808626910000385],[-75.538669983999966,6.2808739530000253],[-75.53866306599997,6.2808428420000268],[-75.538623193999967,6.2808375110000725],[-75.538577486999941,6.2808313990000215],[-75.538565866999988,6.2808476910000763]]]},"properties":{"OBJECTID":178,"Año":2010,"Tipo":"Vivienda","Aream2":39.340693301687438,"lenght":30.101465006123178,"Ubicacion":"Poligono general construccion"}},{"type":"Feature","id":179,"geometry":{"type":"Polygon","coordinates":[[[-75.538669983999966,6.2808739530000253],[-75.538730890999943,6.2808763660000295],[-75.538738642999988,6.2808004990000654],[-75.538671915999942,6.2807901610000272],[-75.53866306599997,6.2808428420000268],[-75.538669983999966,6.2808739530000253]]]},"properties":{"OBJECTID":179,"Año":2010,"Tipo":"Vivienda","Aream2":66.65770633245107,"lenght":32.088265247255421,"Ubicacion":"Poligono general construccion"}},{"type":"Feature","id":180,"geometry":{"type":"Polygon","coordinates":[[[-75.538798874999941,6.2807110400000283],[-75.538786892999951,6.2807041250000566],[-75.538748023999972,6.2807814960000314],[-75.538781958999948,6.2808029970000234],[-75.538819462999982,6.2807229230000416],[-75.538798874999941,6.2807110400000283]]]},"properties":{"OBJECTID":180,"Año":2010,"Tipo":"Vivienda","Aream2":41.463897809201605,"lenght":27.966059222672758,"Ubicacion":"Poligono general construccion"}},{"type":"Feature","id":181,"geometry":{"type":"Polygon","coordinates":[[[-75.539116100999934,6.2807797090000577],[-75.539170764999938,6.2807984890000625],[-75.539236335999988,6.2807155680000619],[-75.539245497999957,6.2806734620000384],[-75.53916286499998,6.2806562600000575],[-75.539116100999934,6.2807797090000577]]]},"properties":{"OBJECTID":181,"Año":2010,"Tipo":"Vivienda","Aream2":130.03244221537452,"lenght":46.802030624674238,"Ubicacion":"Poligono general construccion"}},{"type":"Feature","id":182,"geometry":{"type":"Polygon","coordinates":[[[-75.538847472999976,6.2806388340000581],[-75.538806843999964,6.2806322610000507],[-75.538798874999941,6.2807110400000283],[-75.538835634999941,6.2807093040000268],[-75.538847472999976,6.2806388340000581]]]},"properties":{"OBJECTID":182,"Año":2010,"Tipo":"Vivienda","Aream2":35.641158500406881,"lenght":25.289837702524679,"Ubicacion":"Poligono general construccion"}},{"type":"Feature","id":183,"geometry":{"type":"Polygon","coordinates":[[[-75.538835634999941,6.2807093040000268],[-75.538876277999975,6.2807185860000345],[-75.538888076999967,6.2806399910000437],[-75.538847472999976,6.2806388340000581],[-75.538835634999941,6.2807093040000268]]]},"properties":{"OBJECTID":183,"Año":2010,"Tipo":"Vivienda","Aream2":37.819509979876109,"lenght":25.804056438557048,"Ubicacion":"Poligono general construccion"}},{"type":"Feature","id":184,"geometry":{"type":"Polygon","coordinates":[[[-75.538876277999975,6.2807185860000345],[-75.538922756999966,6.280733676000068],[-75.53894358499997,6.2806451380000681],[-75.538888076999967,6.2806399910000437],[-75.538876277999975,6.2807185860000345]]]},"properties":{"OBJECTID":184,"Año":2010,"Tipo":"Vivienda","Aream2":54.185857080544906,"lenght":30.429036140708192,"Ubicacion":"Poligono general construccion"}},{"type":"Feature","id":185,"geometry":{"type":"Polygon","coordinates":[[[-75.538922756999966,6.280733676000068],[-75.539032115999987,6.2807625140000596],[-75.539069506999965,6.280659422000042],[-75.539001792999954,6.2806517410000424],[-75.53894358499997,6.2806451380000681],[-75.538922756999966,6.280733676000068]]]},"properties":{"OBJECTID":185,"Año":2010,"Tipo":"Vivienda","Aream2":145.66551993283338,"lenght":48.733300534989496,"Ubicacion":"Poligono general construccion"}},{"type":"Feature","id":186,"geometry":{"type":"Polygon","coordinates":[[[-75.539032115999987,6.2807625140000596],[-75.539116100999934,6.2807797090000577],[-75.53916286499998,6.2806562600000575],[-75.539069506999965,6.280659422000042],[-75.539032115999987,6.2807625140000596]]]},"properties":{"OBJECTID":186,"Año":2010,"Tipo":"Vivienda","Aream2":126.56586508423288,"lenght":46.558730362155174,"Ubicacion":"Poligono general construccion"}},{"type":"Feature","id":187,"geometry":{"type":"Polygon","coordinates":[[[-75.539001792999954,6.2806517410000424],[-75.539069506999965,6.280659422000042],[-75.539090717999954,6.2805685950000338],[-75.539017545999968,6.2805486390000738],[-75.539001792999954,6.2806517410000424]]]},"properties":{"OBJECTID":187,"Año":2010,"Tipo":"Vivienda","Aream2":86.741439893690824,"lenght":37.789088938556219,"Ubicacion":"Poligono general construccion"}},{"type":"Feature","id":188,"geometry":{"type":"Polygon","coordinates":[[[-75.53894358499997,6.2806451380000681],[-75.539001792999954,6.2806517410000424],[-75.539017545999968,6.2805486390000738],[-75.538955231999978,6.2805354000000762],[-75.53894358499997,6.2806451380000681]]]},"properties":{"OBJECTID":188,"Año":2010,"Tipo":"Vivienda","Aream2":80.168121992014377,"lenght":37.276195830661571,"Ubicacion":"Poligono general construccion"}},{"type":"Feature","id":189,"geometry":{"type":"Polygon","coordinates":[[[-75.538888076999967,6.2806399910000437],[-75.53894358499997,6.2806451380000681],[-75.538955231999978,6.2805354000000762],[-75.538898363999976,6.2805289060000291],[-75.538888076999967,6.2806399910000437]]]},"properties":{"OBJECTID":189,"Año":2010,"Tipo":"Vivienda","Aream2":76.725096484435412,"lenght":37.049906152626733,"Ubicacion":"Poligono general construccion"}},{"type":"Feature","id":190,"geometry":{"type":"Polygon","coordinates":[[[-75.538844102999974,6.2805020880000484],[-75.538945614999989,6.2805056570000488],[-75.538956007999957,6.2804162360000646],[-75.538853135999943,6.2804113200000415],[-75.538844102999974,6.2805020880000484]]]},"properties":{"OBJECTID":190,"Año":2010,"Tipo":"Vivienda","Aream2":113.2109565349828,"lenght":42.686674558514575,"Ubicacion":"Poligono general construccion"}},{"type":"Feature","id":191,"geometry":{"type":"Polygon","coordinates":[[[-75.539086929999939,6.2804535390000638],[-75.539113184999962,6.2804574510000748],[-75.539118301999963,6.2803964920000226],[-75.539031629999954,6.2803833720000739],[-75.539025158999948,6.2804443370000627],[-75.539086929999939,6.2804535390000638]]]},"properties":{"OBJECTID":191,"Año":2010,"Tipo":"Vivienda","Aream2":66.115567732992432,"lenght":33.098628866615293,"Ubicacion":"Poligono general construccion"}},{"type":"Feature","id":192,"geometry":{"type":"Polygon","coordinates":[[[-75.539025158999948,6.2804443370000627],[-75.539026748999959,6.2804930760000275],[-75.539082250999968,6.2804968700000359],[-75.539086929999939,6.2804535390000638],[-75.539025158999948,6.2804443370000627]]]},"properties":{"OBJECTID":192,"Año":2010,"Tipo":"Vivienda","Aream2":33.166668493831956,"lenght":23.283260557337069,"Ubicacion":"Poligono general construccion"}},{"type":"Feature","id":193,"geometry":{"type":"Polygon","coordinates":[[[-75.539123609999933,6.2803748010000504],[-75.539194815999963,6.2803757740000492],[-75.539196690999972,6.2803758000000585],[-75.539211201999933,6.2802985470000294],[-75.539134047999937,6.2802948590000369],[-75.539123609999933,6.2803748010000504]]]},"properties":{"OBJECTID":193,"Año":2010,"Tipo":"Vivienda","Aream2":72.632017841433893,"lenght":34.249459185020292,"Ubicacion":"Poligono general construccion"}},{"type":"Feature","id":194,"geometry":{"type":"Polygon","coordinates":[[[-75.539194815999963,6.2803757740000492],[-75.539191356999936,6.2803920750000657],[-75.539269934999936,6.2804106510000679],[-75.539278868999986,6.2802995720000467],[-75.539211201999933,6.2802985470000294],[-75.539194815999963,6.2803757740000492]]]},"properties":{"OBJECTID":194,"Año":2010,"Tipo":"Vivienda","Aream2":93.300963132312688,"lenght":39.327297989482361,"Ubicacion":"Poligono general construccion"}},{"type":"Feature","id":195,"geometry":{"type":"Polygon","coordinates":[[[-75.538972462999936,6.2802306930000213],[-75.53895782099994,6.2802320720000466],[-75.538951592999979,6.2803431380000347],[-75.539020646999973,6.2803509270000291],[-75.539032435999957,6.2802359790000537],[-75.539033568999969,6.2802249340000458],[-75.538972462999936,6.2802306930000213]]]},"properties":{"OBJECTID":195,"Año":2010,"Tipo":"Vivienda","Aream2":105.08981479088732,"lenght":42.42443840736923,"Ubicacion":"Poligono general construccion"}},{"type":"Feature","id":196,"geometry":{"type":"Polygon","coordinates":[[[-75.538880267999957,6.2801457870000377],[-75.538877980999985,6.2802324600000361],[-75.538972462999936,6.2802306930000213],[-75.53897240799995,6.2802073050000331],[-75.538972240999954,6.2801358620000656],[-75.53895724299997,6.2801374810000539],[-75.538880267999957,6.2801457870000377]]]},"properties":{"OBJECTID":196,"Año":2010,"Tipo":"Vivienda","Aream2":103.4957516205849,"lenght":40.775832011207498,"Ubicacion":"Poligono general construccion"}},{"type":"Feature","id":197,"geometry":{"type":"Polygon","coordinates":[[[-75.538957079999989,6.2800790630000733],[-75.53888399899995,6.2800780640000653],[-75.538880267999957,6.2801457870000377],[-75.53895724299997,6.2801374810000539],[-75.53895720099996,6.2801223860000732],[-75.538957079999989,6.2800790630000733]]]},"properties":{"OBJECTID":197,"Año":2010,"Tipo":"Vivienda","Aream2":57.847621870622724,"lenght":30.621145440851684,"Ubicacion":"Poligono general construccion"}},{"type":"Feature","id":198,"geometry":{"type":"Polygon","coordinates":[[[-75.538957079999989,6.2800790630000733],[-75.53895720099996,6.2801223860000732],[-75.539025933999937,6.2801208900000347],[-75.539016510999943,6.2800923730000591],[-75.538957079999989,6.2800790630000733]]]},"properties":{"OBJECTID":198,"Año":2010,"Tipo":"Vivienda","Aream2":27.832702259907965,"lenght":22.463115192715733,"Ubicacion":"Poligono general construccion"}},{"type":"Feature","id":199,"geometry":{"type":"Polygon","coordinates":[[[-75.53897240799995,6.2802073050000331],[-75.539049945999977,6.2801936170000658],[-75.539045530999942,6.2801801910000563],[-75.539025933999937,6.2801208900000347],[-75.53895720099996,6.2801223860000732],[-75.53895724299997,6.2801374810000539],[-75.538972240999954,6.2801358620000656],[-75.53897240799995,6.2802073050000331]]]},"properties":{"OBJECTID":199,"Año":2010,"Tipo":"Vivienda","Aream2":67.222750738213705,"lenght":36.035961707245882,"Ubicacion":"Poligono general construccion"}},{"type":"Feature","id":200,"geometry":{"type":"Polygon","coordinates":[[[-75.539008462999959,6.2800706900000591],[-75.539016510999943,6.2800923730000591],[-75.539025933999937,6.2801208900000347],[-75.539049945999977,6.2801936170000658],[-75.539084747999937,6.2801745840000649],[-75.539032728999985,6.2800516140000582],[-75.539008462999959,6.2800706900000591]]]},"properties":{"OBJECTID":200,"Año":2010,"Tipo":"Vivienda","Aream2":54.802439150490585,"lenght":36.926698459842171,"Ubicacion":"Poligono general construccion"}},{"type":"Feature","id":201,"geometry":{"type":"Polygon","coordinates":[[[-75.539032728999985,6.2800516140000582],[-75.539084747999937,6.2801745840000649],[-75.539126592999935,6.2801527160000319],[-75.539098664999983,6.2801040590000525],[-75.539063812999984,6.2800433400000202],[-75.539032728999985,6.2800516140000582]]]},"properties":{"OBJECTID":201,"Año":2010,"Tipo":"Vivienda","Aream2":62.447206903823016,"lenght":37.50543328781491,"Ubicacion":"Poligono general construccion"}},{"type":"Feature","id":202,"geometry":{"type":"Polygon","coordinates":[[[-75.539098664999983,6.2801040590000525],[-75.539126592999935,6.2801527160000319],[-75.539177889999962,6.2801267390000248],[-75.539149288999965,6.2800889630000256],[-75.539098664999983,6.2801040590000525]]]},"properties":{"OBJECTID":202,"Año":2010,"Tipo":"Vivienda","Aream2":34.065476390499775,"lenght":23.65754360916829,"Ubicacion":"Poligono general construccion"}},{"type":"Feature","id":203,"geometry":{"type":"Polygon","coordinates":[[[-75.539126592999935,6.2801527160000319],[-75.539143363999983,6.2802623160000621],[-75.539212486999986,6.2802379350000592],[-75.539223862999961,6.2802339220000363],[-75.539223105999952,6.2802321570000572],[-75.539197305999949,6.280172005000054],[-75.53919231499998,6.2801603710000222],[-75.539177889999962,6.2801267390000248],[-75.539126592999935,6.2801527160000319]]]},"properties":{"OBJECTID":203,"Año":2010,"Tipo":"Vivienda","Aream2":97.878918863925492,"lenght":40.974331329958211,"Ubicacion":"Poligono general construccion"}},{"type":"Feature","id":204,"geometry":{"type":"Polygon","coordinates":[[[-75.539049945999977,6.2801936170000658],[-75.539070124999967,6.2802288190000581],[-75.539106629999935,6.2802218710000375],[-75.539084747999937,6.2801745840000649],[-75.539049945999977,6.2801936170000658]]]},"properties":{"OBJECTID":204,"Año":2010,"Tipo":"Vivienda","Aream2":21.345572508119371,"lenght":18.754518304796232,"Ubicacion":"Poligono general construccion"}},{"type":"Feature","id":205,"geometry":{"type":"Polygon","coordinates":[[[-75.539032435999957,6.2802359790000537],[-75.539052854999966,6.2802952530000766],[-75.539120456999967,6.2802827380000394],[-75.539106629999935,6.2802218710000375],[-75.539070124999967,6.2802288190000581],[-75.539032435999957,6.2802359790000537]]]},"properties":{"OBJECTID":205,"Año":2010,"Tipo":"Vivienda","Aream2":54.922252113230492,"lenght":29.805999249149448,"Ubicacion":"Poligono general construccion"}},{"type":"Feature","id":206,"geometry":{"type":"Polygon","coordinates":[[[-75.539197305999949,6.280172005000054],[-75.539212486999986,6.2802379350000592],[-75.539223105999952,6.2802321570000572],[-75.539224160999936,6.2802315820000558],[-75.539225804999944,6.2802243690000523],[-75.539227210999968,6.2802156120000632],[-75.539227638999989,6.2802129430000377],[-75.539231298999937,6.2802026470000669],[-75.539233579999973,6.2801957510000648],[-75.539236783999968,6.2801860670000451],[-75.539237919999948,6.280180721000022],[-75.539239214999952,6.2801746310000226],[-75.539245919999985,6.2801609170000461],[-75.539253758999962,6.2801506980000568],[-75.539197305999949,6.280172005000054]]]},"properties":{"OBJECTID":206,"Año":2010,"Tipo":"Vivienda","Aream2":26.081216852743534,"lenght":25.277239653791771,"Ubicacion":"Poligono general construccion"}},{"type":"Feature","id":207,"geometry":{"type":"Polygon","coordinates":[[[-75.539191369999969,6.2801158410000539],[-75.53919231499998,6.2801603710000222],[-75.539258930999949,6.2801465570000232],[-75.539260484999943,6.2801453230000561],[-75.539267582999969,6.2801447630000666],[-75.539262807999989,6.2801015280000456],[-75.539191369999969,6.2801158410000539]]]},"properties":{"OBJECTID":207,"Año":2010,"Tipo":"Vivienda","Aream2":39.879729958713213,"lenght":26.338020875903208,"Ubicacion":"Poligono general construccion"}},{"type":"Feature","id":208,"geometry":{"type":"Polygon","coordinates":[[[-75.539188532999958,6.2800887730000454],[-75.539191369999969,6.2801158410000539],[-75.539262807999989,6.2801015280000456],[-75.539247244999956,6.2800693540000339],[-75.539188532999958,6.2800887730000454]]]},"properties":{"OBJECTID":208,"Año":2010,"Tipo":"Vivienda","Aream2":25.496014610356774,"lenght":21.871068336958086,"Ubicacion":"Poligono general construccion"}},{"type":"Feature","id":209,"geometry":{"type":"Polygon","coordinates":[[[-75.539247244999956,6.2800693540000339],[-75.539214593999986,6.2800018540000337],[-75.539163944999984,6.2800415000000385],[-75.539188532999958,6.2800887730000454],[-75.539247244999956,6.2800693540000339]]]},"properties":{"OBJECTID":209,"Año":2010,"Tipo":"Vivienda","Aream2":48.75943167654534,"lenght":28.149827608630524,"Ubicacion":"Poligono general construccion"}},{"type":"Feature","id":210,"geometry":{"type":"Polygon","coordinates":[[[-75.538995717999967,6.2800259710000432],[-75.539008344999957,6.280046316000039],[-75.539047508999943,6.2800298780000503],[-75.53900643299994,6.2799312280000663],[-75.538949695999975,6.2799518160000503],[-75.538981170999989,6.2800025310000365],[-75.538995717999967,6.2800259710000432]]]},"properties":{"OBJECTID":210,"Año":2010,"Tipo":"Vivienda","Aream2":67.988396131710317,"lenght":35.504344536984654,"Ubicacion":"Poligono general construccion"}},{"type":"Feature","id":211,"geometry":{"type":"Polygon","coordinates":[[[-75.538949695999975,6.2799518160000503],[-75.53887949999995,6.2799873620000426],[-75.538908120999963,6.2800292000000582],[-75.538935730999981,6.2800191200000768],[-75.538981170999989,6.2800025310000365],[-75.538949695999975,6.2799518160000503]]]},"properties":{"OBJECTID":211,"Año":2010,"Tipo":"Vivienda","Aream2":52.016210098823464,"lenght":29.524288844896063,"Ubicacion":"Poligono general construccion"}},{"type":"Feature","id":212,"geometry":{"type":"Polygon","coordinates":[[[-75.53900643299994,6.2799312280000663],[-75.539047508999943,6.2800298780000503],[-75.539123164999978,6.2800037830000406],[-75.539080695999985,6.2798970160000636],[-75.53900643299994,6.2799312280000663]]]},"properties":{"OBJECTID":212,"Año":2010,"Tipo":"Vivienda","Aream2":109.66620248876256,"lenght":42.435888753566147,"Ubicacion":"Poligono general construccion"}},{"type":"Feature","id":213,"geometry":{"type":"Polygon","coordinates":[[[-75.538935730999981,6.2800191200000768],[-75.538950155999942,6.2800465990000589],[-75.538995717999967,6.2800259710000432],[-75.538981170999989,6.2800025310000365],[-75.538935730999981,6.2800191200000768]]]},"properties":{"OBJECTID":213,"Año":2010,"Tipo":"Vivienda","Aream2":17.480790625390025,"lenght":17.373126365679987,"Ubicacion":"Poligono general construccion"}},{"type":"Feature","id":214,"geometry":{"type":"Polygon","coordinates":[[[-75.539080695999985,6.2798970160000636],[-75.539123164999978,6.2800037830000406],[-75.539198221999982,6.2799680070000363],[-75.53914281599998,6.2798534640000412],[-75.539083264999988,6.2798685670000509],[-75.539080695999985,6.2798970160000636]]]},"properties":{"OBJECTID":214,"Año":2010,"Tipo":"Vivienda","Aream2":126.80230632422028,"lenght":45.945509622208284,"Ubicacion":"Poligono general construccion"}},{"type":"Feature","id":215,"geometry":{"type":"Polygon","coordinates":[[[-75.539000913999985,6.279793502000075],[-75.538989570999945,6.2798026720000735],[-75.539044001999969,6.279864696000061],[-75.539083080999944,6.2798306540000226],[-75.53903674999998,6.2797645280000438],[-75.539000913999985,6.279793502000075]]]},"properties":{"OBJECTID":215,"Año":2010,"Tipo":"Vivienda","Aream2":56.088990526463391,"lenght":30.50973151988612,"Ubicacion":"Poligono general construccion"}},{"type":"Feature","id":216,"geometry":{"type":"Polygon","coordinates":[[[-75.539015025999959,6.2797497390000672],[-75.53899075399994,6.2797674600000732],[-75.539000913999985,6.279793502000075],[-75.53903674999998,6.2797645280000438],[-75.539015025999959,6.2797497390000672]]]},"properties":{"OBJECTID":216,"Año":2010,"Tipo":"Vivienda","Aream2":12.067339602037212,"lenght":14.42461173801583,"Ubicacion":"Poligono general construccion"}},{"type":"Feature","id":217,"geometry":{"type":"Polygon","coordinates":[[[-75.53886504899998,6.2797978600000306],[-75.538886870999988,6.2798329600000216],[-75.53892604899994,6.2798192300000437],[-75.538896040999987,6.2797706280000511],[-75.53886504899998,6.2797978600000306]]]},"properties":{"OBJECTID":217,"Año":2010,"Tipo":"Vivienda","Aream2":24.472059121970656,"lenght":20.050260779461279,"Ubicacion":"Poligono general construccion"}},{"type":"Feature","id":218,"geometry":{"type":"Polygon","coordinates":[[[-75.53886504899998,6.2797978600000306],[-75.538846201999945,6.2798182630000383],[-75.538857132999965,6.2798398750000501],[-75.538886870999988,6.2798329600000216],[-75.53886504899998,6.2797978600000306]]]},"properties":{"OBJECTID":218,"Año":2010,"Tipo":"Vivienda","Aream2":11.170664089934247,"lenght":13.703413974103903,"Ubicacion":"Poligono general construccion"}},{"type":"Feature","id":219,"geometry":{"type":"Polygon","coordinates":[[[-75.538851102999956,6.2797126200000548],[-75.538874329999942,6.2797585470000286],[-75.538888653999948,6.2797504930000514],[-75.538910768999983,6.2797380590000671],[-75.538886207999951,6.2796962010000357],[-75.538851102999956,6.2797126200000548]]]},"properties":{"OBJECTID":219,"Año":2010,"Tipo":"Vivienda","Aream2":24.618203763548685,"lenght":19.976785011136897,"Ubicacion":"Poligono general construccion"}},{"type":"Feature","id":220,"geometry":{"type":"Polygon","coordinates":[[[-75.538820056999953,6.2797290200000475],[-75.538851665999971,6.2797691000000668],[-75.538854097999945,6.2797721850000698],[-75.538874329999942,6.2797585470000286],[-75.538851102999956,6.2797126200000548],[-75.538820056999953,6.2797290200000475]]]},"properties":{"OBJECTID":220,"Año":2010,"Tipo":"Vivienda","Aream2":19.245455659808364,"lenght":18.360422518448541,"Ubicacion":"Poligono general construccion"}},{"type":"Feature","id":221,"geometry":{"type":"Polygon","coordinates":[[[-75.538794431999975,6.2797467480000364],[-75.538824372999954,6.2797818090000419],[-75.538854097999945,6.2797721850000698],[-75.538851665999971,6.2797691000000668],[-75.538820056999953,6.2797290200000475],[-75.538794431999975,6.2797467480000364]]]},"properties":{"OBJECTID":221,"Año":2010,"Tipo":"Vivienda","Aream2":18.60683345603433,"lenght":18.088447020013838,"Ubicacion":"Poligono general construccion"}},{"type":"Feature","id":222,"geometry":{"type":"Polygon","coordinates":[[[-75.538874329999942,6.2797585470000286],[-75.538851665999971,6.2797691000000668],[-75.538824372999954,6.2797818090000419],[-75.53883665099994,6.2798020600000655],[-75.538896040999987,6.2797706280000511],[-75.538888653999948,6.2797504930000514],[-75.538874329999942,6.2797585470000286]]]},"properties":{"OBJECTID":222,"Año":2010,"Tipo":"Vivienda","Aream2":18.638427132470838,"lenght":20.344902223960531,"Ubicacion":"Poligono general construccion"}},{"type":"Feature","id":223,"geometry":{"type":"Polygon","coordinates":[[[-75.538888653999948,6.2797504930000514],[-75.538896040999987,6.2797706280000511],[-75.53892443899997,6.2797664280000731],[-75.538910768999983,6.2797380590000671],[-75.538888653999948,6.2797504930000514]]]},"properties":{"OBJECTID":223,"Año":2010,"Tipo":"Vivienda","Aream2":8.5701007207537003,"lenght":11.84052310742174,"Ubicacion":"Poligono general construccion"}},{"type":"Feature","id":224,"geometry":{"type":"Polygon","coordinates":[[[-75.538910768999983,6.2797380590000671],[-75.53892443899997,6.2797664280000731],[-75.53895407899995,6.2797392030000765],[-75.538911833999975,6.2796784730000468],[-75.538886207999951,6.2796962010000357],[-75.538910768999983,6.2797380590000671]]]},"properties":{"OBJECTID":224,"Año":2010,"Tipo":"Vivienda","Aream2":32.458210280762579,"lenght":24.937464468538458,"Ubicacion":"Poligono general construccion"}},{"type":"Feature","id":225,"geometry":{"type":"Polygon","coordinates":[[[-75.538911833999975,6.2796784730000468],[-75.53895407899995,6.2797392030000765],[-75.539000048999981,6.2797308550000253],[-75.538957757999981,6.2796606480000605],[-75.538911833999975,6.2796784730000468]]]},"properties":{"OBJECTID":225,"Año":2010,"Tipo":"Vivienda","Aream2":43.594677711129457,"lenght":27.873604998205149,"Ubicacion":"Poligono general construccion"}},{"type":"Feature","id":226,"geometry":{"type":"Polygon","coordinates":[[[-75.538957757999981,6.2796606480000605],[-75.539015025999959,6.2797497390000672],[-75.539052784999967,6.2797224740000388],[-75.539002281999956,6.2796333500000401],[-75.538957757999981,6.2796606480000605]]]},"properties":{"OBJECTID":226,"Año":2010,"Tipo":"Vivienda","Aream2":62.873475818236102,"lenght":33.981259213816372,"Ubicacion":"Poligono general construccion"}},{"type":"Feature","id":227,"geometry":{"type":"Polygon","coordinates":[[[-75.538613862999966,6.2796257560000299],[-75.538631749999979,6.2796866030000729],[-75.53872492499994,6.27964552800006],[-75.538694911999983,6.2795955730000514],[-75.538613862999966,6.2796257560000299]]]},"properties":{"OBJECTID":227,"Año":2010,"Tipo":"Vivienda","Aream2":69.524411018035465,"lenght":34.302061505148941,"Ubicacion":"Zonas Verdes"}},{"type":"Feature","id":228,"geometry":{"type":"Polygon","coordinates":[[[-75.538458936999973,6.279780320000043],[-75.53857073599994,6.2799414670000715],[-75.538654359999953,6.2798841900000753],[-75.538622198999974,6.2798441160000493],[-75.538522296999986,6.2797196320000239],[-75.53844808599996,6.2797646780000491],[-75.538458936999973,6.279780320000043]]]},"properties":{"OBJECTID":228,"Año":2010,"Tipo":"Vivienda","Aream2":244.64516876908218,"lenght":67.969528682466233,"Ubicacion":"Zonas Verdes"}},{"type":"Feature","id":229,"geometry":{"type":"Polygon","coordinates":[[[-75.538460394999959,6.2799294160000727],[-75.538488332999975,6.2799716570000328],[-75.53857073599994,6.2799414670000715],[-75.538458936999973,6.279780320000043],[-75.538387453999974,6.2798191350000252],[-75.53842666099996,6.2798784140000521],[-75.538460394999959,6.2799294160000727]]]},"properties":{"OBJECTID":229,"Año":2010,"Tipo":"Vivienda","Aream2":192.63544398656055,"lenght":60.641087030211686,"Ubicacion":"Zonas Verdes"}},{"type":"Feature","id":230,"geometry":{"type":"Polygon","coordinates":[[[-75.538522296999986,6.2797196320000239],[-75.538622198999974,6.2798441160000493],[-75.538687802999959,6.2798041360000525],[-75.538581569999963,6.2796638270000358],[-75.538522296999986,6.2797196320000239]]]},"properties":{"OBJECTID":230,"Año":2010,"Tipo":"Vivienda","Aream2":161.62190852468916,"lenght":54.637495477886986,"Ubicacion":"Zonas Verdes"}},{"type":"Feature","id":231,"geometry":{"type":"Polygon","coordinates":[[[-75.538242907999972,6.2798712910000631],[-75.538229205999983,6.2798361520000299],[-75.538144142999954,6.2798758330000624],[-75.538164651999978,6.2799190640000688],[-75.538183272999959,6.2799076970000556],[-75.538242907999972,6.2798712910000631]]]},"properties":{"OBJECTID":231,"Año":2010,"Tipo":"Vivienda","Aream2":48.32717818938054,"lenght":29.997887149141135,"Ubicacion":"Zonas Verdes"}},{"type":"Feature","id":232,"geometry":{"type":"Polygon","coordinates":[[[-75.538183272999959,6.2799076970000556],[-75.538206725999942,6.2799445880000349],[-75.538255316999937,6.2799186240000608],[-75.538242907999972,6.2798712910000631],[-75.538183272999959,6.2799076970000556]]]},"properties":{"OBJECTID":232,"Año":2010,"Tipo":"Vivienda","Aream2":34.741128442269542,"lenght":24.076636993662511,"Ubicacion":"Zonas Verdes"}},{"type":"Feature","id":233,"geometry":{"type":"Polygon","coordinates":[[[-75.53842666099996,6.2798784140000521],[-75.538367641999969,6.2799194340000213],[-75.538405760999979,6.2799666420000335],[-75.538460394999959,6.2799294160000727],[-75.53842666099996,6.2798784140000521]]]},"properties":{"OBJECTID":233,"Año":2010,"Tipo":"Vivienda","Aream2":51.365471418320539,"lenght":28.746181187760754,"Ubicacion":"Zonas Verdes"}},{"type":"Feature","id":234,"geometry":{"type":"Polygon","coordinates":[[[-75.538568948999966,6.2803347960000337],[-75.53857676399997,6.2803823630000579],[-75.53880707999997,6.2803495090000752],[-75.538772541999947,6.280203689000075],[-75.538665465999941,6.2802196730000333],[-75.538602792999939,6.2802290290000542],[-75.538552797999955,6.2802364930000749],[-75.538559232999944,6.2802756640000439],[-75.538568948999966,6.2803347960000337]]]},"properties":{"OBJECTID":234,"Año":2010,"Tipo":"Vivienda","Aream2":413.51622980229303,"lenght":83.26377256990591,"Ubicacion":"Poligono general construccion"}},{"type":"Feature","id":235,"geometry":{"type":"Polygon","coordinates":[[[-75.538657830999966,6.2801736650000635],[-75.538665465999941,6.2802196730000333],[-75.538772541999947,6.280203689000075],[-75.538714693999964,6.2800474040000722],[-75.538640802999964,6.2800710350000486],[-75.538657830999966,6.2801736650000635]]]},"properties":{"OBJECTID":235,"Año":2010,"Tipo":"Vivienda","Aream2":178.87859669752328,"lenght":55.666515873313521,"Ubicacion":"Poligono general construccion"}},{"type":"Feature","id":236,"geometry":{"type":"Polygon","coordinates":[[[-75.538657830999966,6.2801736650000635],[-75.538594849999981,6.2801876250000532],[-75.538602792999939,6.2802290290000542],[-75.538665465999941,6.2802196730000333],[-75.538657830999966,6.2801736650000635]]]},"properties":{"OBJECTID":236,"Año":2010,"Tipo":"Vivienda","Aream2":34.72565984596622,"lenght":23.974222349477227,"Ubicacion":"Poligono general construccion"}},{"type":"Feature","id":237,"geometry":{"type":"Polygon","coordinates":[[[-75.538714693999964,6.2800474040000722],[-75.538712271999941,6.2799839420000581],[-75.538653149999959,6.2800011550000363],[-75.538640802999964,6.2800710350000486],[-75.538714693999964,6.2800474040000722]]]},"properties":{"OBJECTID":237,"Año":2010,"Tipo":"Vivienda","Aream2":53.038807142399932,"lenght":30.273713910728979,"Ubicacion":"Poligono general construccion"}},{"type":"Feature","id":238,"geometry":{"type":"Polygon","coordinates":[[[-75.538384391999955,6.2802129050000417],[-75.538407026999948,6.2802625890000741],[-75.538529364999988,6.280200637000064],[-75.538463212999943,6.2800761290000651],[-75.538349321999988,6.2801359230000458],[-75.538384391999955,6.2802129050000417]]]},"properties":{"OBJECTID":238,"Año":2010,"Tipo":"Vivienda","Aream2":227.73372937145237,"lenght":60.403432885248769,"Ubicacion":"Poligono general construccion"}},{"type":"Feature","id":239,"geometry":{"type":"Polygon","coordinates":[[[-75.538316013999975,6.280243988000052],[-75.538331029999938,6.2802883470000666],[-75.538407026999948,6.2802625890000741],[-75.538384391999955,6.2802129050000417],[-75.538316013999975,6.280243988000052]]]},"properties":{"OBJECTID":239,"Año":2010,"Tipo":"Vivienda","Aream2":48.101576404998532,"lenght":28.412201132744858,"Ubicacion":"Poligono general construccion"}},{"type":"Feature","id":240,"geometry":{"type":"Polygon","coordinates":[[[-75.538349321999988,6.2801359230000458],[-75.538281926999957,6.2801912590000484],[-75.538316013999975,6.280243988000052],[-75.538384391999955,6.2802129050000417],[-75.538349321999988,6.2801359230000458]]]},"properties":{"OBJECTID":240,"Año":2010,"Tipo":"Vivienda","Aream2":72.187141696715088,"lenght":34.264465729750086,"Ubicacion":"Poligono general construccion"}},{"type":"Feature","id":241,"geometry":{"type":"Polygon","coordinates":[[[-75.538273705999984,6.2802399620000529],[-75.53822908799998,6.2801957480000397],[-75.538136463999933,6.2802808270000696],[-75.538187383999968,6.2803165480000303],[-75.538273705999984,6.2802399620000529]]]},"properties":{"OBJECTID":241,"Año":2010,"Tipo":"Vivienda","Aream2":91.04347751056639,"lenght":40.516322310821401,"Ubicacion":"Poligono general construccion"}},{"type":"Feature","id":242,"geometry":{"type":"Polygon","coordinates":[[[-75.538187383999968,6.2803165480000303],[-75.53823631299997,6.2803776680000283],[-75.538254010999935,6.2803609780000329],[-75.538300245999949,6.2803173780000634],[-75.538331029999938,6.2802883470000666],[-75.538273705999984,6.2802399620000529],[-75.538187383999968,6.2803165480000303]]]},"properties":{"OBJECTID":242,"Año":2010,"Tipo":"Vivienda","Aream2":114.61955735745097,"lenght":44.134907828509427,"Ubicacion":"Poligono general construccion"}},{"type":"Feature","id":243,"geometry":{"type":"Polygon","coordinates":[[[-75.538254010999935,6.2803609780000329],[-75.538285200999951,6.2804303250000544],[-75.538373913999976,6.2804108530000349],[-75.538356638999971,6.2803368850000538],[-75.538306530999989,6.2803486480000288],[-75.538254010999935,6.2803609780000329]]]},"properties":{"OBJECTID":243,"Año":2010,"Tipo":"Vivienda","Aream2":90.383326438642129,"lenght":38.531647478083769,"Ubicacion":"Poligono general construccion"}},{"type":"Feature","id":244,"geometry":{"type":"Polygon","coordinates":[[[-75.538407026999948,6.2802625890000741],[-75.538419845999954,6.2802900310000496],[-75.538438800999984,6.2802823980000539],[-75.538552797999955,6.2802364930000749],[-75.538529364999988,6.280200637000064],[-75.538407026999948,6.2802625890000741]]]},"properties":{"OBJECTID":244,"Año":2010,"Tipo":"Vivienda","Aream2":62.266475444040637,"lenght":39.125485593277553,"Ubicacion":"Poligono general construccion"}},{"type":"Feature","id":245,"geometry":{"type":"Polygon","coordinates":[[[-75.538438800999984,6.2802823980000539],[-75.538458017999972,6.2803131190000272],[-75.538532565999958,6.2802855330000398],[-75.538559232999944,6.2802756640000439],[-75.538552797999955,6.2802364930000749],[-75.538438800999984,6.2802823980000539]]]},"properties":{"OBJECTID":245,"Año":2010,"Tipo":"Vivienda","Aream2":52.577450736147526,"lenght":33.942952824878084,"Ubicacion":"Poligono general construccion"}},{"type":"Feature","id":246,"geometry":{"type":"Polygon","coordinates":[[[-75.538458017999972,6.2803131190000272],[-75.538462513999946,6.2803681070000721],[-75.538568948999966,6.2803347960000337],[-75.538532565999958,6.2802855330000398],[-75.538458017999972,6.2803131190000272]]]},"properties":{"OBJECTID":246,"Año":2010,"Tipo":"Vivienda","Aream2":65.360494126988414,"lenght":34.016873633514798,"Ubicacion":"Poligono general construccion"}},{"type":"Feature","id":247,"geometry":{"type":"Polygon","coordinates":[[[-75.538514182999961,6.2805582750000326],[-75.53860298799998,6.2805578450000326],[-75.538574822999976,6.2804183410000292],[-75.538488214999973,6.280435687000022],[-75.538514182999961,6.2805582750000326]]]},"properties":{"OBJECTID":247,"Año":2010,"Tipo":"Vivienda","Aream2":143.64328612837298,"lenght":49.20631249911618,"Ubicacion":"Poligono general construccion"}},{"type":"Feature","id":248,"geometry":{"type":"Polygon","coordinates":[[[-75.538514182999961,6.2805582750000326],[-75.538444416999937,6.2805607300000474],[-75.538459514999943,6.2806220140000732],[-75.538529259999962,6.2806153280000672],[-75.538514182999961,6.2805582750000326]]]},"properties":{"OBJECTID":248,"Año":2010,"Tipo":"Vivienda","Aream2":51.368693523468643,"lenght":28.989255019898792,"Ubicacion":"Poligono general construccion"}},{"type":"Feature","id":249,"geometry":{"type":"Polygon","coordinates":[[[-75.538356638999971,6.2803368850000538],[-75.538373913999976,6.2804108530000349],[-75.538462513999946,6.2803681070000721],[-75.538458017999972,6.2803131190000272],[-75.538356638999971,6.2803368850000538]]]},"properties":{"OBJECTID":249,"Año":2010,"Tipo":"Vivienda","Aream2":79.407253663049559,"lenght":36.914320045095167,"Ubicacion":"Poligono general construccion"}},{"type":"Feature","id":250,"geometry":{"type":"Polygon","coordinates":[[[-75.538858716999982,6.2808298940000213],[-75.53883652199994,6.2808921020000525],[-75.53892992699997,6.2808984190000388],[-75.538964637999982,6.280800756000076],[-75.538875239999982,6.2807835870000304],[-75.538858716999982,6.2808298940000213]]]},"properties":{"OBJECTID":250,"Año":2010,"Tipo":"Vivienda","Aream2":120.623360522978,"lenght":44.645477039765034,"Ubicacion":"Poligono general construccion"}},{"type":"Feature","id":251,"geometry":{"type":"Polygon","coordinates":[[[-75.538875239999982,6.2807835870000304],[-75.538826536999977,6.2807865310000466],[-75.538810514999966,6.2808312940000519],[-75.538858716999982,6.2808298940000213],[-75.538875239999982,6.2807835870000304]]]},"properties":{"OBJECTID":251,"Año":2010,"Tipo":"Vivienda","Aream2":26.575502956769263,"lenght":21.434675961082274,"Ubicacion":"Poligono general construccion"}},{"type":"Feature","id":252,"geometry":{"type":"Polygon","coordinates":[[[-75.538861010999938,6.2809190640000452],[-75.538809476999973,6.2808962950000478],[-75.53879217399998,6.280955959000039],[-75.53884097599996,6.2809733250000477],[-75.538861010999938,6.2809190640000452]]]},"properties":{"OBJECTID":252,"Año":2010,"Tipo":"Vivienda","Aream2":39.568515507128666,"lenght":25.237024130259993,"Ubicacion":"Poligono general construccion"}},{"type":"Feature","id":253,"geometry":{"type":"Polygon","coordinates":[[[-75.53884097599996,6.2809733250000477],[-75.538910251999937,6.281027153000025],[-75.538953213999946,6.2809565310000721],[-75.538913113999968,6.280940236000049],[-75.538861010999938,6.2809190640000452],[-75.53884097599996,6.2809733250000477]]]},"properties":{"OBJECTID":253,"Año":2010,"Tipo":"Vivienda","Aream2":79.316546790646782,"lenght":36.264115818205966,"Ubicacion":"Poligono general construccion"}},{"type":"Feature","id":254,"geometry":{"type":"Polygon","coordinates":[[[-75.53892992699997,6.2808984190000388],[-75.539026159999935,6.280935854000063],[-75.539026188999969,6.2809358660000498],[-75.539054576999945,6.2808889800000429],[-75.539091971999937,6.2808272190000594],[-75.53901369099998,6.2808109510000349],[-75.538964637999982,6.280800756000076],[-75.53892992699997,6.2808984190000388]]]},"properties":{"OBJECTID":254,"Año":2010,"Tipo":"Vivienda","Aream2":160.82936314446138,"lenght":51.33965577621278,"Ubicacion":"Poligono general construccion"}},{"type":"Feature","id":255,"geometry":{"type":"Polygon","coordinates":[[[-75.539026159999935,6.280935854000063],[-75.539015448999976,6.2809535210000718],[-75.539115685999946,6.280973346000053],[-75.539137491999952,6.280905490000066],[-75.539138348999984,6.2809028240000657],[-75.539125857999977,6.2809007600000655],[-75.539054576999945,6.2808889800000429],[-75.539026159999935,6.280935854000063]]]},"properties":{"OBJECTID":255,"Año":2010,"Tipo":"Vivienda","Aream2":82.425263441581123,"lenght":37.248567833845826,"Ubicacion":"Poligono general construccion"}},{"type":"Feature","id":256,"geometry":{"type":"Polygon","coordinates":[[[-75.539054576999945,6.2808889800000429],[-75.539125857999977,6.2809007600000655],[-75.539137491999952,6.280905490000066],[-75.539157346999957,6.2809135640000591],[-75.539188096999965,6.2808362320000697],[-75.539091971999937,6.2808272190000594],[-75.539054576999945,6.2808889800000429]]]},"properties":{"OBJECTID":256,"Año":2010,"Tipo":"Vivienda","Aream2":88.355427338963494,"lenght":39.635783141241525,"Ubicacion":"Poligono general construccion"}},{"type":"Feature","id":257,"geometry":{"type":"Polygon","coordinates":[[[-75.538957312999969,6.2810522870000227],[-75.538978090999933,6.2810633840000492],[-75.539034537999953,6.2809832190000634],[-75.538953213999946,6.2809565310000721],[-75.538910251999937,6.281027153000025],[-75.538922142999979,6.2810335030000601],[-75.538957312999969,6.2810522870000227]]]},"properties":{"OBJECTID":257,"Año":2010,"Tipo":"Vivienda","Aream2":87.974800563810319,"lenght":37.974151941923544,"Ubicacion":"Poligono general construccion"}},{"type":"Feature","id":258,"geometry":{"type":"Polygon","coordinates":[[[-75.539048932999947,6.2810680050000656],[-75.539030977999971,6.2810861470000532],[-75.539064912999947,6.2811076470000557],[-75.539085105999959,6.2810858830000598],[-75.539051177999966,6.2810657370000627],[-75.539048932999947,6.2810680050000656]]]},"properties":{"OBJECTID":258,"Año":2010,"Tipo":"Vivienda","Aream2":13.907146657436751,"lenght":15.273593570939765,"Ubicacion":"Poligono general construccion"}},{"type":"Feature","id":259,"geometry":{"type":"Polygon","coordinates":[[[-75.538994367999976,6.2810714290000647],[-75.539030977999971,6.2810861470000532],[-75.539048932999947,6.2810680050000656],[-75.539051177999966,6.2810657370000627],[-75.539011855999945,6.2810496790000343],[-75.538994367999976,6.2810714290000647]]]},"properties":{"OBJECTID":259,"Año":2010,"Tipo":"Vivienda","Aream2":13.3467643300669,"lenght":15.331876577631981,"Ubicacion":"Poligono general construccion"}},{"type":"Feature","id":260,"geometry":{"type":"Polygon","coordinates":[[[-75.538994367999976,6.2810714290000647],[-75.538978221999969,6.2810904640000444],[-75.53904337299997,6.2811307710000506],[-75.539064912999947,6.2811076470000557],[-75.539030977999971,6.2810861470000532],[-75.538994367999976,6.2810714290000647]]]},"properties":{"OBJECTID":260,"Año":2010,"Tipo":"Vivienda","Aream2":28.094311330325869,"lenght":23.547410395089333,"Ubicacion":"Poligono general construccion"}},{"type":"Feature","id":261,"geometry":{"type":"Polygon","coordinates":[[[-75.539011855999945,6.2810496790000343],[-75.539048932999947,6.2810680050000656],[-75.539085105999959,6.2810858830000598],[-75.539156472999935,6.2810222010000416],[-75.539074221999954,6.2809807240000737],[-75.539011855999945,6.2810496790000343]]]},"properties":{"OBJECTID":261,"Año":2010,"Tipo":"Vivienda","Aream2":94.913569127243235,"lenght":40.105400333440421,"Ubicacion":"Poligono general construccion"}},{"type":"Feature","id":262,"geometry":{"type":"Polygon","coordinates":[[[-75.538922142999979,6.2810335030000601],[-75.538878168999986,6.2811085530000241],[-75.538913456999978,6.2811300480000227],[-75.538957312999969,6.2810522870000227],[-75.538922142999979,6.2810335030000601]]]},"properties":{"OBJECTID":262,"Año":2010,"Tipo":"Vivienda","Aream2":43.776888751044311,"lenght":28.483016330027873,"Ubicacion":"Poligono general construccion"}},{"type":"Feature","id":263,"geometry":{"type":"Polygon","coordinates":[[[-75.539283981999972,6.2808765180000705],[-75.539268113999981,6.2808724030000462],[-75.539246718999948,6.2809253170000261],[-75.539363278999986,6.280962665000061],[-75.539385994999975,6.2809029760000499],[-75.539283981999972,6.2808765180000705]]]},"properties":{"OBJECTID":263,"Año":2010,"Tipo":"Vivienda","Aream2":89.959319824764805,"lenght":40.401269998894712,"Ubicacion":"Poligono general construccion"}},{"type":"Feature","id":264,"geometry":{"type":"Polygon","coordinates":[[[-75.539283981999972,6.2808765180000705],[-75.539385994999975,6.2809029760000499],[-75.539397944999962,6.2808555240000601],[-75.539319578999937,6.28083123600004],[-75.539299007999944,6.2808248600000525],[-75.539283981999972,6.2808765180000705]]]},"properties":{"OBJECTID":264,"Año":2010,"Tipo":"Vivienda","Aream2":65.66637775407429,"lenght":34.489984075036638,"Ubicacion":"Poligono general construccion"}},{"type":"Feature","id":265,"geometry":{"type":"Polygon","coordinates":[[[-75.539319578999937,6.28083123600004],[-75.539397944999962,6.2808555240000601],[-75.539452066999957,6.2808539080000401],[-75.539454719999981,6.2808382930000448],[-75.539460797999936,6.280802513000026],[-75.53945986399998,6.2807994290000693],[-75.539365333999967,6.2807813990000341],[-75.539336661999982,6.2807759300000612],[-75.539319578999937,6.28083123600004]]]},"properties":{"OBJECTID":265,"Año":2010,"Tipo":"Vivienda","Aream2":98.702446468658465,"lenght":41.47864893564234,"Ubicacion":"Poligono general construccion"}},{"type":"Feature","id":266,"geometry":{"type":"Polygon","coordinates":[[[-75.539454719999981,6.2808382930000448],[-75.539472621999948,6.2808415210000703],[-75.539460797999936,6.280802513000026],[-75.539454719999981,6.2808382930000448]]]},"properties":{"OBJECTID":266,"Año":2010,"Tipo":"Vivienda","Aream2":4.0406268598711002,"lenght":10.536162072819325,"Ubicacion":"Poligono general construccion"}},{"type":"Feature","id":267,"geometry":{"type":"Polygon","coordinates":[[[-75.539450851999959,6.2808823490000236],[-75.539486538999938,6.2808874340000216],[-75.539472621999948,6.2808415210000703],[-75.539454719999981,6.2808382930000448],[-75.539450851999959,6.2808823490000236]]]},"properties":{"OBJECTID":267,"Año":2010,"Tipo":"Vivienda","Aream2":14.499454817333771,"lenght":16.201164661211429,"Ubicacion":"Poligono general construccion"}},{"type":"Feature","id":268,"geometry":{"type":"Polygon","coordinates":[[[-75.539487637999969,6.2809336250000456],[-75.539485161999949,6.2809810300000208],[-75.539515734999952,6.2809837520000542],[-75.539501047999977,6.2809352990000207],[-75.539487637999969,6.2809336250000456]]]},"properties":{"OBJECTID":268,"Año":2010,"Tipo":"Vivienda","Aream2":12.738612594970379,"lenght":15.743526295155377,"Ubicacion":"Poligono general construccion"}},{"type":"Feature","id":269,"geometry":{"type":"Polygon","coordinates":[[[-75.539459108999949,6.2809107450000283],[-75.539495361999968,6.2809165390000317],[-75.539486538999938,6.2808874340000216],[-75.539450851999959,6.2808823490000236],[-75.539459108999949,6.2809107450000283]]]},"properties":{"OBJECTID":269,"Año":2010,"Tipo":"Vivienda","Aream2":12.090934720746498,"lenght":14.687791321850604,"Ubicacion":"Poligono general construccion"}},{"type":"Feature","id":270,"geometry":{"type":"Polygon","coordinates":[[[-75.539487637999969,6.2809336250000456],[-75.539501047999977,6.2809352990000207],[-75.539495361999968,6.2809165390000317],[-75.539459108999949,6.2809107450000283],[-75.539461926999934,6.2809337500000311],[-75.539487637999969,6.2809336250000456]]]},"properties":{"OBJECTID":270,"Año":2010,"Tipo":"Vivienda","Aream2":9.1692260272875359,"lenght":13.136313606293793,"Ubicacion":"Poligono general construccion"}},{"type":"Feature","id":271,"geometry":{"type":"Polygon","coordinates":[[[-75.539365333999967,6.2807813990000341],[-75.53945986399998,6.2807994290000693],[-75.539447803999963,6.2807596430000672],[-75.539363581999964,6.2807460100000299],[-75.539365333999967,6.2807813990000341]]]},"properties":{"OBJECTID":271,"Año":2010,"Tipo":"Vivienda","Aream2":39.785889329444153,"lenght":28.610644608745275,"Ubicacion":"Poligono general construccion"}},{"type":"Feature","id":272,"geometry":{"type":"Polygon","coordinates":[[[-75.538964637999982,6.280800756000076],[-75.53901369099998,6.2808109510000349],[-75.539018667999983,6.2807801820000577],[-75.538975345999972,6.2807763300000374],[-75.538964637999982,6.280800756000076]]]},"properties":{"OBJECTID":272,"Año":2010,"Tipo":"Vivienda","Aream2":16.277991278272982,"lenght":16.756142634188706,"Ubicacion":"Poligono general construccion"}},{"type":"Feature","id":273,"geometry":{"type":"Polygon","coordinates":[[[-75.538913113999968,6.280940236000049],[-75.538953213999946,6.2809565310000721],[-75.538951715999985,6.2809267490000593],[-75.538924598999984,6.2809160480000514],[-75.538913113999968,6.280940236000049]]]},"properties":{"OBJECTID":273,"Año":2010,"Tipo":"Vivienda","Aream2":11.927200237891906,"lenght":14.276478415276703,"Ubicacion":"Poligono general construccion"}},{"type":"Feature","id":274,"geometry":{"type":"Polygon","coordinates":[[[-75.539317426999958,6.2812743280000518],[-75.539389351999944,6.2813159560000713],[-75.539470084999948,6.2812207770000441],[-75.539392754999938,6.281180531000075],[-75.539317426999958,6.2812743280000518]]]},"properties":{"OBJECTID":274,"Año":2010,"Tipo":"Vivienda","Aream2":125.42288187175429,"lenght":45.960409586397951,"Ubicacion":"Poligono general construccion"}},{"type":"Feature","id":275,"geometry":{"type":"Polygon","coordinates":[[[-75.539389351999944,6.2813159560000713],[-75.539462799999967,6.2813927820000686],[-75.539556222999977,6.2812736210000253],[-75.539470084999948,6.2812207770000441],[-75.539389351999944,6.2813159560000713]]]},"properties":{"OBJECTID":275,"Año":2010,"Tipo":"Vivienda","Aream2":173.79358472223251,"lenght":53.50188159936959,"Ubicacion":"Poligono general construccion"}},{"type":"Feature","id":276,"geometry":{"type":"Polygon","coordinates":[[[-75.539257727999939,6.2812540870000362],[-75.539317426999958,6.2812743280000518],[-75.539392754999938,6.281180531000075],[-75.539277539999944,6.2811418210000625],[-75.539234742999952,6.2812462940000273],[-75.539257727999939,6.2812540870000362]]]},"properties":{"OBJECTID":276,"Año":2010,"Tipo":"Vivienda","Aream2":144.20926739546584,"lenght":48.911045643891867,"Ubicacion":"Poligono general construccion"}},{"type":"Feature","id":277,"geometry":{"type":"Polygon","coordinates":[[[-75.539257727999939,6.2812540870000362],[-75.539179969999964,6.2813928010000382],[-75.539240943999971,6.2814087540000401],[-75.539317426999958,6.2812743280000518],[-75.539257727999939,6.2812540870000362]]]},"properties":{"OBJECTID":277,"Año":2010,"Tipo":"Vivienda","Aream2":117.95636916343749,"lenght":48.652065914834523,"Ubicacion":"Poligono general construccion"}},{"type":"Feature","id":278,"geometry":{"type":"Polygon","coordinates":[[[-75.539145093999934,6.2814566130000458],[-75.539203373999953,6.2814752870000348],[-75.539210469999944,6.281433254000035],[-75.539167888999941,6.2814131710000538],[-75.539145093999934,6.2814566130000458]]]},"properties":{"OBJECTID":278,"Año":2010,"Tipo":"Vivienda","Aream2":29.929083985660842,"lenght":22.124768409143815,"Ubicacion":"Poligono general construccion"}},{"type":"Feature","id":279,"geometry":{"type":"Polygon","coordinates":[[[-75.538597014999937,6.2813548290000654],[-75.538627663999989,6.2813562140000272],[-75.538631584999962,6.2813277590000212],[-75.538576063999983,6.2813199040000427],[-75.538573521999979,6.2813537680000309],[-75.538597014999937,6.2813548290000654]]]},"properties":{"OBJECTID":279,"Año":2010,"Tipo":"Vivienda","Aream2":21.118418454319215,"lenght":19.137438618349343,"Ubicacion":"Zonas Verdes"}},{"type":"Feature","id":280,"geometry":{"type":"Polygon","coordinates":[[[-75.538557452999953,6.2813890530000549],[-75.538600776999942,6.2813929050000752],[-75.538597014999937,6.2813548290000654],[-75.538573521999979,6.2813537680000309],[-75.538557452999953,6.2813890530000549]]]},"properties":{"OBJECTID":280,"Año":2010,"Tipo":"Vivienda","Aream2":15.186212098053577,"lenght":15.937400894956003,"Ubicacion":"Zonas Verdes"}},{"type":"Feature","id":281,"geometry":{"type":"Polygon","coordinates":[[[-75.538600776999942,6.2813929050000752],[-75.538636581999981,6.2813900750000471],[-75.538637300999937,6.2813900190000709],[-75.538635140999986,6.281382446000066],[-75.538627663999989,6.2813562140000272],[-75.538597014999937,6.2813548290000654],[-75.538600776999942,6.2813929050000752]]]},"properties":{"OBJECTID":281,"Año":2010,"Tipo":"Vivienda","Aream2":14.837983760389754,"lenght":15.570646594497013,"Ubicacion":"Zonas Verdes"}},{"type":"Feature","id":282,"geometry":{"type":"Polygon","coordinates":[[[-75.538600776999942,6.2813929050000752],[-75.538599652999949,6.2814403030000676],[-75.53864704199998,6.2814454900000669],[-75.538636581999981,6.2813900750000471],[-75.538635140999986,6.281382446000066],[-75.538600776999942,6.2813929050000752]]]},"properties":{"OBJECTID":282,"Año":2010,"Tipo":"Vivienda","Aream2":27.806113817355151,"lenght":21.591804800436346,"Ubicacion":"Zonas Verdes"}},{"type":"Feature","id":283,"geometry":{"type":"Polygon","coordinates":[[[-75.538557452999953,6.2813890530000549],[-75.538546857999961,6.2814364970000724],[-75.538599652999949,6.2814403030000676],[-75.538600776999942,6.2813929050000752],[-75.538557452999953,6.2813890530000549]]]},"properties":{"OBJECTID":283,"Año":2010,"Tipo":"Vivienda","Aream2":28.173275245245581,"lenght":21.293104455063808,"Ubicacion":"Zonas Verdes"}},{"type":"Feature","id":284,"geometry":{"type":"Polygon","coordinates":[[[-75.538427518999981,6.2813842670000213],[-75.538421145999962,6.2814655430000244],[-75.538484740999934,6.2814638800000466],[-75.538485699999967,6.2813826310000422],[-75.538427518999981,6.2813842670000213]]]},"properties":{"OBJECTID":284,"Año":2010,"Tipo":"Vivienda","Aream2":60.495567881005329,"lenght":31.487182446266342,"Ubicacion":"Poligono general construccion"}},{"type":"Feature","id":285,"geometry":{"type":"Polygon","coordinates":[[[-75.538318024999967,6.2814091720000533],[-75.538362890999963,6.2814522850000571],[-75.538419266999938,6.281357225000022],[-75.538369053999986,6.2813276790000714],[-75.538318024999967,6.2814091720000533]]]},"properties":{"OBJECTID":285,"Año":2010,"Tipo":"Vivienda","Aream2":75.255585991751303,"lenght":36.194578266103292,"Ubicacion":"Poligono general construccion"}},{"type":"Feature","id":286,"geometry":{"type":"Polygon","coordinates":[[[-75.538014422999936,6.2813347230000431],[-75.538002108999933,6.2813543640000375],[-75.538028505999989,6.2813693050000552],[-75.538037914999961,6.2813449930000615],[-75.538014422999936,6.2813347230000431]]]},"properties":{"OBJECTID":286,"Año":2010,"Tipo":"Vivienda","Aream2":8.3867022131303202,"lenght":11.641998416160449,"Ubicacion":"Poligono general construccion"}},{"type":"Feature","id":287,"geometry":{"type":"Polygon","coordinates":[[[-75.538028505999989,6.2813693050000552],[-75.538061445999972,6.2813752100000215],[-75.538076092999972,6.2813595410000289],[-75.538037914999961,6.2813449930000615],[-75.538028505999989,6.2813693050000552]]]},"properties":{"OBJECTID":287,"Año":2010,"Tipo":"Vivienda","Aream2":10.207483107047931,"lenght":13.481796585758875,"Ubicacion":"Poligono general construccion"}},{"type":"Feature","id":288,"geometry":{"type":"Polygon","coordinates":[[[-75.538014422999936,6.2813347230000431],[-75.538037914999961,6.2813449930000615],[-75.538047001999985,6.2813252600000737],[-75.538055912999937,6.2813059090000252],[-75.538037211999949,6.2813149780000685],[-75.538014422999936,6.2813347230000431]]]},"properties":{"OBJECTID":288,"Año":2010,"Tipo":"Vivienda","Aream2":7.7462640849647144,"lenght":13.23341284458909,"Ubicacion":"Poligono general construccion"}},{"type":"Feature","id":289,"geometry":{"type":"Polygon","coordinates":[[[-75.538047001999985,6.2813252600000737],[-75.538086359999966,6.2813334930000337],[-75.538095793999958,6.2813143810000724],[-75.538055912999937,6.2813059090000252],[-75.538047001999985,6.2813252600000737]]]},"properties":{"OBJECTID":289,"Año":2010,"Tipo":"Vivienda","Aream2":10.265131581760247,"lenght":13.676684355876102,"Ubicacion":"Poligono general construccion"}},{"type":"Feature","id":290,"geometry":{"type":"Polygon","coordinates":[[[-75.538037914999961,6.2813449930000615],[-75.538076092999972,6.2813595410000289],[-75.538086359999966,6.2813334930000337],[-75.538047001999985,6.2813252600000737],[-75.538037914999961,6.2813449930000615]]]},"properties":{"OBJECTID":290,"Año":2010,"Tipo":"Vivienda","Aream2":12.212610429312726,"lenght":14.471737772915809,"Ubicacion":"Poligono general construccion"}},{"type":"Feature","id":291,"geometry":{"type":"Polygon","coordinates":[[[-75.538300245999949,6.2803173780000634],[-75.538254010999935,6.2803609780000329],[-75.538306530999989,6.2803486480000288],[-75.538300245999949,6.2803173780000634]]]},"properties":{"OBJECTID":291,"Año":2010,"Tipo":"Vivienda","Aream2":10.52640504082758,"lenght":16.529850968618899,"Ubicacion":"Poligono general construccion"}},{"type":"Feature","id":292,"geometry":{"type":"Polygon","coordinates":[[[-75.538905692999947,6.2795281990000262],[-75.538946590999956,6.2795902890000548],[-75.538979243999961,6.2795677780000574],[-75.538978563999933,6.2795668790000718],[-75.538967748999937,6.2795555690000242],[-75.538929510999935,6.279513057000031],[-75.538905692999947,6.2795281990000262]]]},"properties":{"OBJECTID":292,"Año":2010,"Tipo":"Vivienda","Aream2":30.510014299187773,"lenght":23.918998899438293,"Ubicacion":"Poligono general construccion"}},{"type":"Feature","id":293,"geometry":{"type":"MultiPolygon","coordinates":[[[[-75.539241295999943,6.2802237050000258],[-75.539277001999949,6.2802073450000648],[-75.539275792999945,6.2802034880000406],[-75.539241295999943,6.2802237050000258]]],[[[-75.538075896999942,6.2814383760000396],[-75.538162997999962,6.2814756560000546],[-75.538229594999962,6.2815228900000761],[-75.538315993999959,6.2814153600000395],[-75.538367599999958,6.281461810000053],[-75.538435728999957,6.2814717620000238],[-75.538496958999986,6.2814718930000595],[-75.538492221999945,6.2813780870000642],[-75.538430114999983,6.2813736760000438],[-75.538423592999948,6.2813531420000572],[-75.538345765999964,6.2813023210000551],[-75.538398543999961,6.2811487630000329],[-75.538432399999976,6.2811384500000713],[-75.538452919999941,6.2810779050000747],[-75.538429935999943,6.2810716250000382],[-75.538431794999951,6.2809265640000262],[-75.538560143999973,6.2809389410000449],[-75.538567974999978,6.280879594000055],[-75.538728800999934,6.2808918120000499],[-75.538758405999943,6.2808014860000299],[-75.538785277999978,6.2808176050000384],[-75.538807381999959,6.2808548700000415],[-75.538786810999966,6.280966276000072],[-75.538907279999989,6.2810435700000653],[-75.538867128999982,6.2811202520000506],[-75.538918398999954,6.2811443770000324],[-75.538956817999974,6.2810847800000715],[-75.539052375999972,6.2811453520000669],[-75.539169645999948,6.2810241790000418],[-75.539125603999935,6.2809895150000443],[-75.539151155999946,6.2809206350000295],[-75.539174537999941,6.2809142860000406],[-75.539225270999964,6.2808000320000588],[-75.539329044999988,6.2807678430000351],[-75.539311316999942,6.2808159320000527],[-75.539284211999984,6.2808100720000652],[-75.539234836999981,6.2809307910000598],[-75.539371449999976,6.2809731880000754],[-75.539410491999945,6.2808599780000236],[-75.539438872999938,6.2808700540000473],[-75.539443506999987,6.2809305900000254],[-75.539476066999953,6.2809474940000314],[-75.539481916999989,6.280993709000029],[-75.539519585999983,6.2809964560000253],[-75.539442740999959,6.2807429420000744],[-75.539436929999965,6.2807461950000629],[-75.539247469999964,6.2807202170000664],[-75.539249866999967,6.2806626330000768],[-75.539087569999936,6.2806420410000214],[-75.539115377999963,6.2805561340000509],[-75.538954373999957,6.2805190490000768],[-75.53896651499997,6.2804689920000669],[-75.538960103999955,6.2803528390000452],[-75.539020077999965,6.2803589750000697],[-75.539017901999955,6.2804989430000546],[-75.539087863999953,6.2805043160000764],[-75.539096169999937,6.2804706340000394],[-75.539124770999933,6.280462721000049],[-75.539144002999933,6.2803883250000467],[-75.539175773999943,6.2803846400000225],[-75.539184543999966,6.2803961110000728],[-75.539275841999938,6.2804177150000555],[-75.539290928999947,6.2802912520000405],[-75.539202423999939,6.2802881110000612],[-75.539202708999937,6.2802445110000349],[-75.539224665999939,6.2802365610000379],[-75.539225804999944,6.2802243690000523],[-75.539227210999968,6.2802156120000632],[-75.539227638999989,6.2802129430000377],[-75.539231298999937,6.2802026470000669],[-75.539233579999973,6.2801957520000542],[-75.539236783999968,6.2801860670000451],[-75.539237919999948,6.280180721000022],[-75.539239214999952,6.2801746310000226],[-75.539245919999985,6.2801609170000461],[-75.539253825999936,6.2801506110000673],[-75.539260484999943,6.2801453230000561],[-75.539267582999969,6.2801447630000666],[-75.539267628999937,6.2801447590000521],[-75.53926998999998,6.2801445730000296],[-75.539274950999982,6.2801438550000626],[-75.539275983999971,6.2801437070000361],[-75.539280969999936,6.2801429850000545],[-75.53928273799994,6.2801427290000333],[-75.53903476399995,6.2796300840000754],[-75.538981999999976,6.2795714160000671],[-75.538978562999944,6.2795668790000718],[-75.538967748999937,6.2795555690000242],[-75.538919529999987,6.2795019610000509],[-75.538888902999986,6.2795193100000688],[-75.538933695999958,6.2796439500000361],[-75.538804561999939,6.2797018050000588],[-75.53878478699994,6.2797635510000305],[-75.538856291999934,6.2798584130000563],[-75.538938811999969,6.2798281040000461],[-75.538923960999966,6.2797794290000297],[-75.538977410999962,6.2797507340000607],[-75.538988226999948,6.2797869790000505],[-75.538978595999936,6.2798095950000743],[-75.539050376999967,6.2798958090000383],[-75.538922371999945,6.2799541140000201],[-75.538858522999988,6.2799771800000599],[-75.538906134999934,6.2800380280000354],[-75.538931911999953,6.2800317750000545],[-75.538952093999967,6.2800555270000586],[-75.53900404999996,6.2800805910000577],[-75.538955034999958,6.2800744440000358],[-75.53888029899997,6.2800650720000704],[-75.538867281999956,6.2801469330000259],[-75.538866804999941,6.2802159940000593],[-75.538748622999947,6.2800994890000652],[-75.538747747999935,6.2800900710000747],[-75.538745287999973,6.2800742810000543],[-75.538748862999967,6.2800595200000657],[-75.538701734999961,6.2799617840000224],[-75.538642895999942,6.2800094070000227],[-75.538617621999947,6.2801541590000625],[-75.538530305999984,6.2801340730000561],[-75.538460688999976,6.2800325700000599],[-75.538276595999946,6.2801420650000637],[-75.53811766299998,6.2802756890000637],[-75.538157638999962,6.2803150450000658],[-75.538256325999953,6.2804059220000568],[-75.538290769999946,6.2804451080000376],[-75.538450712999975,6.2803860150000332],[-75.538467514999979,6.2804339910000522],[-75.538489242999958,6.2805496360000461],[-75.538431610999965,6.2805536490000691],[-75.538450627999964,6.2806242400000656],[-75.538532637999936,6.2806246550000537],[-75.53853074999995,6.2805702300000235],[-75.538620007999953,6.2805609000000686],[-75.538586734999967,6.2803944680000541],[-75.538730575999978,6.2803736210000238],[-75.538816742999984,6.2803539640000281],[-75.53879225999998,6.2802344900000548],[-75.538876721999941,6.2802376970000751],[-75.53895287499995,6.2802393080000343],[-75.53894590799996,6.2803041500000631],[-75.53891777299998,6.2803542910000374],[-75.538831905999984,6.2803960930000358],[-75.538821815999938,6.2804808050000247],[-75.53881247299995,6.2806181430000265],[-75.538785387999951,6.2806572320000669],[-75.538782021999964,6.280695233000074],[-75.538736762999974,6.2807921670000724],[-75.538684245999946,6.280785662000028],[-75.538683400999957,6.2807595140000672],[-75.538618492999944,6.2807485430000725],[-75.53859721799995,6.2807471360000591],[-75.538595640999972,6.2807242810000616],[-75.538391770999965,6.2807098340000493],[-75.538409720999937,6.2806872950000638],[-75.538413237999976,6.2806039820000592],[-75.538360634999947,6.2805864280000492],[-75.538257131999956,6.2804723480000462],[-75.538171946999967,6.2804628100000741],[-75.538211954999952,6.2806916110000657],[-75.538285500999962,6.2808972130000598],[-75.538351322999972,6.2809082680000756],[-75.538317292999977,6.2811385080000264],[-75.538231623999934,6.2811148040000262],[-75.538183065999988,6.2812332380000271],[-75.538229505999936,6.2812396900000635],[-75.538183466999953,6.2813158700000713],[-75.538129212999934,6.2813074420000703],[-75.538045359999956,6.2813011360000246],[-75.538037211999949,6.2813149780000685],[-75.538014422999936,6.2813347230000431],[-75.538002108999933,6.2813543640000375],[-75.537996498999973,6.2813630290000333],[-75.538089358999969,6.2813890390000324],[-75.538075896999942,6.2814383760000396]]],[[[-75.539460284999961,6.2814009490000444],[-75.539415017999943,6.2815479490000712],[-75.53944256699998,6.2815675290000286],[-75.539472499999988,6.281518596000069],[-75.539530368999976,6.2814220810000734],[-75.539549305999969,6.2813265700000329],[-75.539550659999975,6.2813162080000211],[-75.539559503999953,6.2812485030000289],[-75.539251852999939,6.2811119870000311],[-75.539206839999963,6.2812480370000685],[-75.53922790699994,6.2812517870000306],[-75.539137209999978,6.2814597880000633],[-75.539208136999946,6.2814840500000741],[-75.539217427999972,6.2814330650000443],[-75.539202320999948,6.2814196230000334],[-75.539209934999974,6.2814072990000227],[-75.539252095999984,6.2814154230000554],[-75.539326344999949,6.2812995050000495],[-75.539460284999961,6.2814009490000444]]],[[[-75.539210290999961,6.2816072620000227],[-75.539202112999988,6.2816300320000664],[-75.539268070999981,6.2816569720000643],[-75.539308912999957,6.2816716520000568],[-75.539281157999937,6.2817324450000456],[-75.539256611999974,6.281831746000023],[-75.539312159999952,6.2818233570000643],[-75.539315815999942,6.2817392190000305],[-75.539353118999941,6.281672813000057],[-75.539433841999937,6.2815784880000365],[-75.539410026999974,6.2815641580000374],[-75.539407947999962,6.2815709080000488],[-75.539328942999987,6.2815768910000429],[-75.539109536999945,6.2814985470000693],[-75.539089829999966,6.2815527890000453],[-75.539100143999974,6.2815597710000475],[-75.539139147999947,6.2815786910000497],[-75.539210290999961,6.2816072620000227]]]]},"properties":{"OBJECTID":293,"Año":2010,"Tipo":"Poligono construccion 2010","Aream2":13314.514153260563,"lenght":1842.412347298899,"Ubicacion":null}},{"type":"Feature","id":294,"geometry":{"type":"MultiPolygon","coordinates":[[[[-75.538954374999946,6.2805190500000663],[-75.539115377999963,6.2805561340000509],[-75.539087569999936,6.2806420410000214],[-75.539249866999967,6.2806626330000768],[-75.539247469999964,6.2807202170000664],[-75.539436929999965,6.2807461950000629],[-75.539442741999949,6.2807429420000744],[-75.53937978099998,6.2805352310000444],[-75.539277001999949,6.2802073450000648],[-75.539275791999955,6.2802034880000406],[-75.539241295999943,6.2802237050000258],[-75.539224821999937,6.2802333590000217],[-75.539224665999939,6.2802365610000379],[-75.539202708999937,6.2802445110000349],[-75.539202423999939,6.2802881120000507],[-75.539290928999947,6.2802912520000405],[-75.539275841999938,6.2804177150000555],[-75.539184543999966,6.2803961110000728],[-75.539175773999943,6.2803846400000225],[-75.539144002999933,6.2803883250000467],[-75.539124770999933,6.280462721000049],[-75.539096169999937,6.2804706340000394],[-75.539087863999953,6.2805043160000764],[-75.539017901999955,6.2804989430000546],[-75.539020077999965,6.2803589750000697],[-75.538960103999955,6.2803528400000346],[-75.53896651499997,6.2804689920000669],[-75.538954374999946,6.2805190500000663]]],[[[-75.53813514899997,6.2811478720000764],[-75.538134843999956,6.2811491960000581],[-75.538134553999953,6.2811504270000569],[-75.538081855999962,6.2812391300000741],[-75.538045358999966,6.2813011360000246],[-75.538129212999934,6.2813074420000703],[-75.538183467999943,6.2813158700000713],[-75.538229505999936,6.2812396900000635],[-75.538183065999988,6.2812332380000271],[-75.538231623999934,6.2811148040000262],[-75.538317291999988,6.2811385080000264],[-75.538351322999972,6.2809082680000756],[-75.538285499999972,6.2808972130000598],[-75.538211954999952,6.2806916120000551],[-75.538171946999967,6.2804628100000741],[-75.538257131999956,6.2804723480000462],[-75.538360634999947,6.2805864280000492],[-75.538413237999976,6.2806039820000592],[-75.538409720999937,6.2806872960000533],[-75.538391770999965,6.2807098340000493],[-75.538595639999983,6.2807242810000616],[-75.53859721799995,6.2807471370000485],[-75.538618491999955,6.2807485430000725],[-75.538683400999957,6.2807595140000672],[-75.538684245999946,6.280785662000028],[-75.538736762999974,6.2807921670000724],[-75.538782020999975,6.280695233000074],[-75.538785387999951,6.2806572320000669],[-75.538812471999961,6.2806181430000265],[-75.538821814999949,6.2804808050000247],[-75.538831905999984,6.2803960930000358],[-75.53891777299998,6.2803542910000374],[-75.53894590799996,6.2803041490000737],[-75.53895287499995,6.2802393080000343],[-75.538876721999941,6.2802376970000751],[-75.53879225999998,6.2802344910000443],[-75.538816741999938,6.2803539640000281],[-75.538730576999967,6.2803736200000344],[-75.538586734999967,6.2803944670000647],[-75.538620008999942,6.2805609000000686],[-75.53853074999995,6.2805702300000235],[-75.538532637999936,6.2806246550000537],[-75.538450626999975,6.280624241000055],[-75.538431609999975,6.2805536490000691],[-75.538489242999958,6.2805496360000461],[-75.538467514999979,6.2804339910000522],[-75.538450712999975,6.2803860160000227],[-75.538290769999946,6.2804451070000482],[-75.538256325999953,6.2804059220000568],[-75.538157638999962,6.2803150460000552],[-75.53811766299998,6.2802756890000637],[-75.538276595999946,6.2801420650000637],[-75.538460688999976,6.2800325700000599],[-75.538530306999974,6.2801340730000561],[-75.538617621999947,6.2801541590000625],[-75.538642894999953,6.2800094070000227],[-75.538701733999972,6.2799617840000224],[-75.538748862999967,6.2800595200000657],[-75.538745288999962,6.2800742810000543],[-75.538747747999935,6.2800900710000747],[-75.538748621999957,6.2800994890000652],[-75.538866804999941,6.2802159940000593],[-75.538867281999956,6.2801469330000259],[-75.538880297999981,6.2800650720000704],[-75.538955035999948,6.2800744440000358],[-75.53900404999996,6.2800805910000577],[-75.538952093999967,6.2800555260000692],[-75.538931910999963,6.2800317750000545],[-75.538906134999934,6.2800380280000354],[-75.538858522999988,6.2799771800000599],[-75.538922371999945,6.2799541140000201],[-75.539050376999967,6.2798958100000277],[-75.538978595999936,6.279809594000028],[-75.538988226999948,6.2797869790000505],[-75.538977411999952,6.2797507340000607],[-75.538923959999977,6.2797794290000297],[-75.538938811999969,6.2798281040000461],[-75.538856292999981,6.2798584120000669],[-75.53878478699994,6.2797635510000305],[-75.538804561999939,6.2797018050000588],[-75.538933695999958,6.2796439510000255],[-75.538888902999986,6.2795193100000688],[-75.538919529999987,6.2795019600000614],[-75.538914374999933,6.2794962310000528],[-75.538871480999944,6.2793693700000404],[-75.538871425999957,6.2793691720000311],[-75.538852549999945,6.2792790680000508],[-75.538812329999985,6.2792807630000311],[-75.537708812999938,6.2801251280000656],[-75.537723436999954,6.2801736750000714],[-75.538082279999969,6.2804119490000403],[-75.538096430999985,6.280476363000048],[-75.53811908299997,6.280484925000053],[-75.538122200999965,6.2804985920000718],[-75.538164397999935,6.2806835180000462],[-75.538165795999987,6.2806896370000231],[-75.53817715699995,6.280737873000021],[-75.538184735999948,6.2807709160000513],[-75.538210999999933,6.2808854140000676],[-75.538218210999958,6.2809176170000569],[-75.538227362999976,6.2809183170000438],[-75.538257641999962,6.2809208480000507],[-75.53825754199994,6.2809380000000488],[-75.538219993999974,6.2810045070000342],[-75.538210126999957,6.2810219090000601],[-75.53813514899997,6.2811478720000764]]],[[[-75.539217427999972,6.2814330650000443],[-75.539208136999946,6.2814840500000741],[-75.539137209999978,6.2814597880000633],[-75.53922790699994,6.2812517870000306],[-75.539206839999963,6.2812480360000222],[-75.539251852999939,6.2811119870000311],[-75.539559503999953,6.2812485030000289],[-75.539564807999966,6.2812079030000518],[-75.539554062999969,6.281110199000068],[-75.539519585999983,6.2809964560000253],[-75.539481916999989,6.280993709000029],[-75.539476066999953,6.2809474940000314],[-75.539443506999987,6.2809305900000254],[-75.539438873999984,6.2808700540000473],[-75.539410491999945,6.2808599780000236],[-75.539371449999976,6.2809731870000292],[-75.539234836999981,6.2809307910000598],[-75.539284211999984,6.2808100720000652],[-75.539311316999942,6.2808159320000527],[-75.539329044999988,6.2807678430000351],[-75.539225269999974,6.2808000320000588],[-75.539174537999941,6.2809142860000406],[-75.539151155999946,6.2809206360000758],[-75.539125603999935,6.2809895160000337],[-75.539169644999959,6.2810241790000418],[-75.539052375999972,6.2811453520000669],[-75.538956817999974,6.2810847800000715],[-75.538918398999954,6.2811443770000324],[-75.538867128999982,6.2811202530000401],[-75.538907279999989,6.2810435690000759],[-75.538786809999976,6.280966276000072],[-75.538807381999959,6.2808548700000415],[-75.538785277999978,6.2808176050000384],[-75.538758405999943,6.2808014860000299],[-75.538728800999934,6.2808918120000499],[-75.538567974999978,6.280879594000055],[-75.538560143999973,6.2809389410000449],[-75.538431794999951,6.2809265640000262],[-75.538429935999943,6.2810716250000382],[-75.538452919999941,6.2810779050000747],[-75.538432399999976,6.2811384500000713],[-75.538398543999961,6.2811487630000329],[-75.538345766999953,6.2813023200000657],[-75.538423592999948,6.2813531420000572],[-75.538430114999983,6.2813736760000438],[-75.538492221999945,6.2813780870000642],[-75.538496958999986,6.2814718930000595],[-75.538435727999968,6.28147176300007],[-75.538367599999958,6.2814618110000424],[-75.538315993999959,6.2814153600000395],[-75.538229595999951,6.2815228900000761],[-75.538162997999962,6.2814756570000441],[-75.538075896999942,6.2814383750000502],[-75.538089358999969,6.2813890390000324],[-75.537996498999973,6.2813630290000333],[-75.537989807999963,6.2813733650000358],[-75.537968818999957,6.2814057840000714],[-75.537994623999964,6.2814314690000401],[-75.538013946999968,6.2814507010000398],[-75.538017689999947,6.2814544610000667],[-75.538040904999946,6.2814777770000205],[-75.538122358999942,6.2815596250000567],[-75.538154116999976,6.2815812750000646],[-75.538163391999944,6.2815875990000336],[-75.538277452999978,6.2816600020000237],[-75.538285131999942,6.2816637000000242],[-75.538317972999948,6.2816791580000313],[-75.538333866999949,6.2816859770000519],[-75.538335306999954,6.2816865940000639],[-75.538398833999963,6.281713858000046],[-75.538413394999964,6.2817201090000481],[-75.53841482699994,6.2817207220000455],[-75.538541987999963,6.2817776020000338],[-75.538542590999953,6.2817778720000206],[-75.538547064999989,6.2817761760000508],[-75.53861802199998,6.2817350940000551],[-75.538639976999946,6.2817518340000333],[-75.538653254999986,6.2817624880000267],[-75.538656756999956,6.2817646280000758],[-75.538659054999982,6.2817660320000641],[-75.538658906999956,6.2817662660000337],[-75.538658356999974,6.2817671310000378],[-75.538656484999933,6.2817700760000434],[-75.538651523999988,6.2817721200000278],[-75.538671749999935,6.2817805820000672],[-75.538698575999945,6.281796049000036],[-75.538867244999949,6.2819105040000522],[-75.539061267999955,6.2819978470000706],[-75.539061390999962,6.2819978790000732],[-75.539371426999935,6.2820871060000627],[-75.539371550999988,6.282087132000072],[-75.539372772999968,6.2820872830000667],[-75.539313135999976,6.2819105520000562],[-75.539309055999979,6.2818947870000557],[-75.539312159999952,6.2818233570000643],[-75.539256612999964,6.281831746000023],[-75.539281157999937,6.2817324450000456],[-75.539308912999957,6.2816716520000568],[-75.539249246999987,6.2816492830000357],[-75.539202522999972,6.2816301990000625],[-75.539210290999961,6.2816072620000227],[-75.539151876999938,6.2815838030000464],[-75.539125943999977,6.2815717560000621],[-75.539089829999966,6.2815527890000453],[-75.539109536999945,6.2814985470000693],[-75.539328942999987,6.2815768910000429],[-75.539407947999962,6.2815709070000594],[-75.539410026999974,6.2815641580000374],[-75.539433841999937,6.2815784880000365],[-75.539441807999935,6.2815672660000246],[-75.53944256699998,6.2815675290000286],[-75.539441937999982,6.2815670820000378],[-75.539415017999943,6.2815479490000712],[-75.539460284999961,6.2814009490000444],[-75.539326344999949,6.2812995060000389],[-75.539252095999984,6.2814154230000554],[-75.539209934999974,6.2814072990000227],[-75.539202320999948,6.2814196230000334],[-75.539217427999972,6.2814330650000443],[-75.539254053999969,6.2815481530000739],[-75.539247838999984,6.2815305640000361],[-75.539217427999972,6.2814330650000443]]]]},"properties":{"OBJECTID":294,"Año":2010,"Tipo":"Zonas verdes","Aream2":23101.453523564309,"lenght":2321.8769805003353,"Ubicacion":null}},{"type":"Feature","id":295,"geometry":{"type":"Polygon","coordinates":[[[-75.53921879699999,6.2819683760000657],[-75.539222278999944,6.2820441810000602],[-75.539284887999941,6.2820622000000412],[-75.539275705999955,6.2819298000000572],[-75.539217182999948,6.2819332230000668],[-75.53921879699999,6.2819683760000657]]]},"properties":{"OBJECTID":295,"Año":2020,"Tipo":"Vivienda","Aream2":89.577251103617769,"lenght":40.663572273790521,"Ubicacion":"Poligono general construcciones"}},{"type":"Feature","id":296,"geometry":{"type":"Polygon","coordinates":[[[-75.539179993999937,6.2819656130000681],[-75.539159835999953,6.281963835000056],[-75.539162992999934,6.2820271180000304],[-75.539209268999969,6.2820404360000452],[-75.539204805999987,6.2819678010000644],[-75.539179993999937,6.2819656130000681]]]},"properties":{"OBJECTID":296,"Año":2020,"Tipo":"Vivienda","Aream2":37.551405283781861,"lenght":25.382964297693391,"Ubicacion":"Poligono general construcciones"}},{"type":"Feature","id":297,"geometry":{"type":"Polygon","coordinates":[[[-75.539095157999952,6.2819913450000513],[-75.539127557999961,6.2819901420000406],[-75.539123188999952,6.2819514610000624],[-75.539094944999988,6.281947414000058],[-75.539095157999952,6.2819913450000513]]]},"properties":{"OBJECTID":297,"Año":2020,"Tipo":"Vivienda","Aream2":15.2922939099797,"lenght":15.910902168808519,"Ubicacion":"Poligono general construcciones"}},{"type":"Feature","id":298,"geometry":{"type":"Polygon","coordinates":[[[-75.53909893499997,6.2818706080000766],[-75.539086195999971,6.2818679610000459],[-75.539086520999945,6.2819349030000353],[-75.539134636999961,6.2819409450000308],[-75.539135377999969,6.2818781820000709],[-75.539127752999946,6.2818765970000641],[-75.53909893499997,6.2818706080000766]]]},"properties":{"OBJECTID":298,"Año":2020,"Tipo":"Vivienda","Aream2":38.642778102512501,"lenght":25.273258527363247,"Ubicacion":"Poligono general construcciones"}},{"type":"Feature","id":299,"geometry":{"type":"Polygon","coordinates":[[[-75.53909893499997,6.2818706080000766],[-75.539127752999946,6.2818765970000641],[-75.539143942999942,6.2818594380000263],[-75.539143779999961,6.2818259660000422],[-75.539115755999944,6.281841499000052],[-75.53909893499997,6.2818706080000766]]]},"properties":{"OBJECTID":299,"Año":2020,"Tipo":"Vivienda","Aream2":16.245925010502653,"lenght":16.834659078831741,"Ubicacion":"Poligono general construcciones"}},{"type":"Feature","id":300,"geometry":{"type":"Polygon","coordinates":[[[-75.539021194999975,6.2817944290000582],[-75.539008012999943,6.2818353280000565],[-75.539071023999952,6.2818604610000648],[-75.539082877999988,6.2818215760000271],[-75.539076656999953,6.2818188380000493],[-75.539021194999975,6.2817944290000582]]]},"properties":{"OBJECTID":300,"Año":2020,"Tipo":"Vivienda","Aream2":34.451971380729915,"lenght":24.215077592850673,"Ubicacion":"Poligono general construcciones"}},{"type":"Feature","id":301,"geometry":{"type":"Polygon","coordinates":[[[-75.539021194999975,6.2817944290000582],[-75.539076656999953,6.2818188380000493],[-75.539105132999964,6.28172038200006],[-75.539026069999977,6.2816959970000426],[-75.539009103999945,6.281784445000028],[-75.539021194999975,6.2817944290000582]]]},"properties":{"OBJECTID":301,"Año":2020,"Tipo":"Vivienda","Aream2":93.620515760522252,"lenght":38.895655437711959,"Ubicacion":"Poligono general construcciones"}},{"type":"Feature","id":302,"geometry":{"type":"Polygon","coordinates":[[[-75.539164523999943,6.2818346470000392],[-75.539229621999937,6.2818683930000248],[-75.539287922999961,6.2817502890000583],[-75.539227553999979,6.2817177790000756],[-75.539164523999943,6.2818346470000392]]]},"properties":{"OBJECTID":302,"Año":2020,"Tipo":"Vivienda","Aream2":114.8252564670783,"lenght":44.960143098927674,"Ubicacion":"Poligono general construcciones"}},{"type":"Feature","id":303,"geometry":{"type":"Polygon","coordinates":[[[-75.539137557999936,6.2816465860000221],[-75.539174503999959,6.2816637380000202],[-75.539185332999978,6.281638833000045],[-75.539151483999945,6.2816210800000363],[-75.539144753999949,6.2816334070000721],[-75.539137557999936,6.2816465860000221]]]},"properties":{"OBJECTID":303,"Año":2020,"Tipo":"Vivienda","Aream2":13.566284617127131,"lenght":14.956141419552194,"Ubicacion":"Poligono general construcciones"}},{"type":"Feature","id":304,"geometry":{"type":"Polygon","coordinates":[[[-75.539137557999936,6.2816465860000221],[-75.539121640999952,6.2816754500000229],[-75.539162054999963,6.2816923690000408],[-75.539174503999959,6.2816637380000202],[-75.539137557999936,6.2816465860000221]]]},"properties":{"OBJECTID":304,"Año":2020,"Tipo":"Vivienda","Aream2":16.569638899862564,"lenght":16.456054217302981,"Ubicacion":"Poligono general construcciones"}},{"type":"Feature","id":305,"geometry":{"type":"Polygon","coordinates":[[[-75.539151483999945,6.2816210800000363],[-75.539151405999974,6.2816050140000357],[-75.53913737299996,6.2816084290000731],[-75.539144753999949,6.2816334070000721],[-75.539151483999945,6.2816210800000363]]]},"properties":{"OBJECTID":305,"Año":2020,"Tipo":"Vivienda","Aream2":2.9673783550028956,"lenght":7.810035915171067,"Ubicacion":"Poligono general construcciones"}},{"type":"Feature","id":306,"geometry":{"type":"Polygon","coordinates":[[[-75.539046145999976,6.2815454120000709],[-75.539025943999945,6.2815319850000719],[-75.539000825999949,6.2815950340000768],[-75.539044470999954,6.2816276250000556],[-75.539074939999978,6.281564549000052],[-75.539046145999976,6.2815454120000709]]]},"properties":{"OBJECTID":306,"Año":2020,"Tipo":"Vivienda","Aream2":46.842215529210584,"lenght":27.793285965438603,"Ubicacion":"Poligono general construcciones"}},{"type":"Feature","id":307,"geometry":{"type":"Polygon","coordinates":[[[-75.539074939999978,6.281564549000052],[-75.539092640999968,6.2815778250000562],[-75.539100143999974,6.2815597710000475],[-75.53910340799996,6.2815513100000544],[-75.539113379999947,6.281556518000059],[-75.539179317999981,6.28145433800006],[-75.539116435999972,6.2814211710000336],[-75.539111718999948,6.2814295090000201],[-75.539097369999979,6.2814548720000403],[-75.539046145999976,6.2815454120000709],[-75.539074939999978,6.281564549000052]]]},"properties":{"OBJECTID":307,"Año":2020,"Tipo":"Vivienda","Aream2":116.59663733305656,"lenght":47.796204585280776,"Ubicacion":"Poligono general construcciones"}},{"type":"Feature","id":308,"geometry":{"type":"Polygon","coordinates":[[[-75.538836695999976,6.2814423390000229],[-75.538830100999974,6.2814403430000425],[-75.538823452999964,6.2815784470000722],[-75.538898787999983,6.2815927260000421],[-75.538909133999937,6.2814908810000247],[-75.538911757999983,6.2814650510000547],[-75.538836695999976,6.2814423390000229]]]},"properties":{"OBJECTID":308,"Año":2020,"Tipo":"Vivienda","Aream2":130.03464824652968,"lenght":47.415062732083591,"Ubicacion":"Zonas verdes"}},{"type":"Feature","id":309,"geometry":{"type":"Polygon","coordinates":[[[-75.538909133999937,6.2814908810000247],[-75.53893751399994,6.2815076450000333],[-75.538952728999959,6.2814720900000225],[-75.538919872999941,6.2814568530000656],[-75.538909133999937,6.2814908810000247]]]},"properties":{"OBJECTID":309,"Año":2020,"Tipo":"Vivienda","Aream2":15.581959860669821,"lenght":15.880268377326935,"Ubicacion":"Zonas verdes"}},{"type":"Feature","id":310,"geometry":{"type":"Polygon","coordinates":[[[-75.538836695999976,6.2814423390000229],[-75.538911757999983,6.2814650510000547],[-75.538907797999968,6.2814502170000424],[-75.53884144899996,6.2814264390000289],[-75.538836695999976,6.2814423390000229]]]},"properties":{"OBJECTID":310,"Año":2020,"Tipo":"Vivienda","Aream2":13.413550469223885,"lenght":20.012880120253961,"Ubicacion":"Zonas verdes"}},{"type":"Feature","id":311,"geometry":{"type":"Polygon","coordinates":[[[-75.538751041999944,6.2815365600000632],[-75.538761722999936,6.2815413010000611],[-75.538774122999939,6.2814769740000429],[-75.538722493999956,6.2814537940000719],[-75.538702050999973,6.2815148120000686],[-75.538751041999944,6.2815365600000632]]]},"properties":{"OBJECTID":311,"Año":2020,"Tipo":"Vivienda","Aream2":47.687645957508316,"lenght":27.852158744455604,"Ubicacion":"Poligono general construcciones"}},{"type":"Feature","id":312,"geometry":{"type":"Polygon","coordinates":[[[-75.538702050999973,6.2815148120000686],[-75.538679280999986,6.2815102370000204],[-75.538651818999938,6.2816415810000308],[-75.538724214999945,6.2816706850000514],[-75.538751041999944,6.2815365600000632],[-75.538702050999973,6.2815148120000686]]]},"properties":{"OBJECTID":312,"Año":2020,"Tipo":"Vivienda","Aream2":127.98564857080694,"lenght":47.108489172642685,"Ubicacion":"Poligono general construcciones"}},{"type":"Feature","id":313,"geometry":{"type":"Polygon","coordinates":[[[-75.538614879999955,6.2815025120000314],[-75.538594933999946,6.2814999360000456],[-75.538570731999982,6.2816138580000711],[-75.538625655999965,6.2816269800000555],[-75.538659869999947,6.2815083230000255],[-75.538614879999955,6.2815025120000314]]]},"properties":{"OBJECTID":313,"Año":2020,"Tipo":"Vivienda","Aream2":89.158783140409128,"lenght":40.037783747916322,"Ubicacion":"Poligono general construcciones"}},{"type":"Feature","id":314,"geometry":{"type":"Polygon","coordinates":[[[-75.538614879999955,6.2815025120000314],[-75.538659869999947,6.2815083230000255],[-75.538675591999947,6.2814392940000516],[-75.538627338999959,6.2814221230000271],[-75.538614879999955,6.2815025120000314]]]},"properties":{"OBJECTID":314,"Año":2020,"Tipo":"Vivienda","Aream2":44.619589875889091,"lenght":27.517393785535372,"Ubicacion":"Poligono general construcciones"}},{"type":"Feature","id":315,"geometry":{"type":"Polygon","coordinates":[[[-75.538477727999975,6.2814888880000694],[-75.538515294999968,6.2814949660000252],[-75.538522417999957,6.2814460630000326],[-75.538491827999962,6.2814369490000672],[-75.53847819799995,6.2814328890000297],[-75.538463069999978,6.2814865170000758],[-75.538477727999975,6.2814888880000694]]]},"properties":{"OBJECTID":315,"Año":2020,"Tipo":"Vivienda","Aream2":31.735194259645063,"lenght":22.591003400109539,"Ubicacion":"Poligono general construcciones"}},{"type":"Feature","id":316,"geometry":{"type":"Polygon","coordinates":[[[-75.538477727999975,6.2814888880000694],[-75.538465258999963,6.2815239950000432],[-75.538512835999938,6.2815398300000425],[-75.538530038999966,6.2815002500000219],[-75.538515294999968,6.2814949660000252],[-75.538477727999975,6.2814888880000694]]]},"properties":{"OBJECTID":316,"Año":2020,"Tipo":"Vivienda","Aream2":25.967487195078,"lenght":20.389208436627371,"Ubicacion":"Poligono general construcciones"}},{"type":"Feature","id":317,"geometry":{"type":"Polygon","coordinates":[[[-75.538363756999956,6.2814254110000434],[-75.538330017999954,6.2815038990000289],[-75.538374288999989,6.2815277840000476],[-75.538402659999974,6.2814459750000537],[-75.538363756999956,6.2814254110000434]]]},"properties":{"OBJECTID":317,"Año":2020,"Tipo":"Vivienda","Aream2":49.25121774991964,"lenght":29.464291102428191,"Ubicacion":"Poligono general construcciones"}},{"type":"Feature","id":318,"geometry":{"type":"Polygon","coordinates":[[[-75.538222643999973,6.2814361370000711],[-75.538252902999943,6.281467454000051],[-75.538328043999968,6.2813726980000411],[-75.538294410999981,6.2813353720000578],[-75.538222643999973,6.2814361370000711]]]},"properties":{"OBJECTID":318,"Año":2020,"Tipo":"Vivienda","Aream2":69.092038987111025,"lenght":37.442129773367192,"Ubicacion":"Poligono general construcciones"}},{"type":"Feature","id":319,"geometry":{"type":"Polygon","coordinates":[[[-75.538363756999956,6.2814254110000434],[-75.538402659999974,6.2814459750000537],[-75.538416472999984,6.2813970380000228],[-75.538362769999935,6.2813598110000726],[-75.538348986999949,6.2814147720000619],[-75.538363756999956,6.2814254110000434]]]},"properties":{"OBJECTID":319,"Año":2020,"Tipo":"Vivienda","Aream2":40.595277967049341,"lenght":26.006221780540969,"Ubicacion":"Poligono general construcciones"}},{"type":"Feature","id":320,"geometry":{"type":"Polygon","coordinates":[[[-75.538362769999935,6.2813598110000726],[-75.538416472999984,6.2813970380000228],[-75.538445003999982,6.2813480300000606],[-75.538393278999934,6.2813047680000409],[-75.538362769999935,6.2813598110000726]]]},"properties":{"OBJECTID":320,"Año":2020,"Tipo":"Vivienda","Aream2":48.114886844531753,"lenght":27.926787181460828,"Ubicacion":"Poligono general construcciones"}},{"type":"Feature","id":321,"geometry":{"type":"Polygon","coordinates":[[[-75.538393278999934,6.2813047680000409],[-75.538445003999982,6.2813480300000606],[-75.538468165999973,6.2812957010000332],[-75.538419834999956,6.2812624640000649],[-75.538393278999934,6.2813047680000409]]]},"properties":{"OBJECTID":321,"Año":2020,"Tipo":"Vivienda","Aream2":40.617058889898146,"lenght":25.807529596261443,"Ubicacion":"Poligono general construcciones"}},{"type":"Feature","id":322,"geometry":{"type":"Polygon","coordinates":[[[-75.538419834999956,6.2812624640000649],[-75.538468165999973,6.2812957010000332],[-75.538484744999948,6.2812654970000494],[-75.538441752999972,6.2812295550000385],[-75.538419834999956,6.2812624640000649]]]},"properties":{"OBJECTID":322,"Año":2020,"Tipo":"Vivienda","Aream2":25.789225274700513,"lenght":20.876581892714263,"Ubicacion":"Poligono general construcciones"}},{"type":"Feature","id":323,"geometry":{"type":"Polygon","coordinates":[[[-75.538441752999972,6.2812295550000385],[-75.538484744999948,6.2812654970000494],[-75.538499327999943,6.2812373090000619],[-75.538455006999982,6.2812033820000579],[-75.538441752999972,6.2812295550000385]]]},"properties":{"OBJECTID":323,"Año":2020,"Tipo":"Vivienda","Aream2":20.478006815327156,"lenght":19.132462534744509,"Ubicacion":"Poligono general construcciones"}},{"type":"Feature","id":324,"geometry":{"type":"Polygon","coordinates":[[[-75.538455006999982,6.2812033820000579],[-75.538499327999943,6.2812373090000619],[-75.538503263999985,6.2812212230000455],[-75.538464986999941,6.2811919540000645],[-75.538455006999982,6.2812033820000579]]]},"properties":{"OBJECTID":324,"Año":2020,"Tipo":"Vivienda","Aream2":9.6463777568787066,"lenght":15.018079115609268,"Ubicacion":"Poligono general construcciones"}},{"type":"Feature","id":325,"geometry":{"type":"Polygon","coordinates":[[[-75.538464986999941,6.2811919540000645],[-75.538503263999985,6.2812212230000455],[-75.538511200999949,6.2812024410000618],[-75.538500374999956,6.2811928540000395],[-75.538479620999965,6.2811744770000359],[-75.538464986999941,6.2811919540000645]]]},"properties":{"OBJECTID":325,"Año":2020,"Tipo":"Vivienda","Aream2":11.705245262750925,"lenght":14.776273198168667,"Ubicacion":"Poligono general construcciones"}},{"type":"Feature","id":326,"geometry":{"type":"Polygon","coordinates":[[[-75.538503263999985,6.2812212230000455],[-75.538514694999947,6.2812332180000681],[-75.538525977999939,6.2812144190000367],[-75.538511200999949,6.2812024410000618],[-75.538503263999985,6.2812212230000455]]]},"properties":{"OBJECTID":326,"Año":2020,"Tipo":"Vivienda","Aream2":4.424317944627556,"lenght":8.6189465270187231,"Ubicacion":"Poligono general construcciones"}},{"type":"Feature","id":327,"geometry":{"type":"Polygon","coordinates":[[[-75.538361662999989,6.2812694410000631],[-75.538385870999946,6.2812947630000622],[-75.538428375999956,6.2812302900000532],[-75.538409503999958,6.2812015950000273],[-75.538361662999989,6.2812694410000631]]]},"properties":{"OBJECTID":327,"Año":2020,"Tipo":"Vivienda","Aream2":32.380234309343962,"lenght":25.402569631070175,"Ubicacion":"Poligono general construcciones"}},{"type":"Feature","id":328,"geometry":{"type":"Polygon","coordinates":[[[-75.538336129999948,6.281246804000034],[-75.538361662999989,6.2812694410000631],[-75.538409503999958,6.2812015950000273],[-75.538387303999968,6.2811762640000666],[-75.538336129999948,6.281246804000034]]]},"properties":{"OBJECTID":328,"Año":2020,"Tipo":"Vivienda","Aream2":34.750816310940976,"lenght":26.327345587153633,"Ubicacion":"Poligono general construcciones"}},{"type":"Feature","id":329,"geometry":{"type":"Polygon","coordinates":[[[-75.538387303999968,6.2811762640000666],[-75.53836043299998,6.2811536340000202],[-75.538309252999966,6.281222835000051],[-75.538336129999948,6.281246804000034],[-75.538387303999968,6.2811762640000666]]]},"properties":{"OBJECTID":329,"Año":2020,"Tipo":"Vivienda","Aream2":37.582456480522964,"lenght":27.034951095175742,"Ubicacion":"Poligono general construcciones"}},{"type":"Feature","id":330,"geometry":{"type":"Polygon","coordinates":[[[-75.538194153999939,6.2812921820000724],[-75.538184546999958,6.2813057810000714],[-75.538248339999939,6.2813543410000534],[-75.538297459999967,6.2812744390000717],[-75.538234381999985,6.28123524800003],[-75.538194153999939,6.2812921820000724]]]},"properties":{"OBJECTID":330,"Año":2020,"Tipo":"Vivienda","Aream2":84.984498151092978,"lenght":37.018713118419299,"Ubicacion":"Poligono general construcciones"}},{"type":"Feature","id":331,"geometry":{"type":"Polygon","coordinates":[[[-75.538234381999985,6.28123524800003],[-75.538215584999989,6.2812219510000205],[-75.538178386999959,6.2812770250000654],[-75.538194153999939,6.2812921820000724],[-75.538234381999985,6.28123524800003]]]},"properties":{"OBJECTID":331,"Año":2020,"Tipo":"Vivienda","Aream2":18.590239866796683,"lenght":20.032088963511004,"Ubicacion":"Poligono general construcciones"}},{"type":"Feature","id":332,"geometry":{"type":"Polygon","coordinates":[[[-75.538095694999981,6.2813323200000468],[-75.538111785999945,6.2813396060000741],[-75.538126641999952,6.2813156870000739],[-75.538144314999954,6.2812872320000679],[-75.538131525999972,6.2812712270000475],[-75.538095694999981,6.2813323200000468]]]},"properties":{"OBJECTID":332,"Año":2020,"Tipo":"Vivienda","Aream2":14.901244968234856,"lenght":18.876778239013273,"Ubicacion":"Poligono general construcciones"}},{"type":"Feature","id":333,"geometry":{"type":"Polygon","coordinates":[[[-75.538111785999945,6.2813396060000741],[-75.538129924999964,6.2813549150000654],[-75.538145856999961,6.2813293990000716],[-75.538126641999952,6.2813156870000739],[-75.538111785999945,6.2813396060000741]]]},"properties":{"OBJECTID":333,"Año":2020,"Tipo":"Vivienda","Aream2":8.3856748437512412,"lenght":11.681024030670768,"Ubicacion":"Poligono general construcciones"}},{"type":"Feature","id":334,"geometry":{"type":"Polygon","coordinates":[[[-75.53809182699996,6.2813624640000398],[-75.538111964999985,6.2813764250000759],[-75.538129924999964,6.2813549150000654],[-75.538111785999945,6.2813396060000741],[-75.53809182699996,6.2813624640000398]]]},"properties":{"OBJECTID":334,"Año":2020,"Tipo":"Vivienda","Aream2":8.5939915415614987,"lenght":11.795289974047083,"Ubicacion":"Poligono general construcciones"}},{"type":"Feature","id":335,"geometry":{"type":"Polygon","coordinates":[[[-75.538095694999981,6.2813323200000468],[-75.53807973499994,6.2813524810000558],[-75.53809182699996,6.2813624640000398],[-75.538111785999945,6.2813396060000741],[-75.538095694999981,6.2813323200000468]]]},"properties":{"OBJECTID":335,"Año":2020,"Tipo":"Vivienda","Aream2":5.6086912699574736,"lenght":9.8918254420991794,"Ubicacion":"Poligono general construcciones"}},{"type":"Feature","id":336,"geometry":{"type":"Polygon","coordinates":[[[-75.538039866999952,6.2813174000000345],[-75.538019098999939,6.2813346130000696],[-75.538055123999982,6.2813646080000467],[-75.538103843999977,6.28127964600003],[-75.538071196999965,6.281261053000037],[-75.538039866999952,6.2813174000000345]]]},"properties":{"OBJECTID":336,"Año":2020,"Tipo":"Vivienda","Aream2":44.444716367109052,"lenght":30.295422972753368,"Ubicacion":"Poligono general construcciones"}},{"type":"Feature","id":337,"geometry":{"type":"Polygon","coordinates":[[[-75.538099100999943,6.2814595700000382],[-75.538068639999949,6.2815056450000384],[-75.538103993999982,6.2815411710000717],[-75.538160000999937,6.2814866490000441],[-75.538120904999971,6.2814265900000237],[-75.538110769999946,6.2814419200000202],[-75.538099100999943,6.2814595700000382]]]},"properties":{"OBJECTID":337,"Año":2020,"Tipo":"Vivienda","Aream2":62.106978755240256,"lenght":32.605450091570233,"Ubicacion":"Zonas verdes"}},{"type":"Feature","id":338,"geometry":{"type":"Polygon","coordinates":[[[-75.538110769999946,6.2814419200000202],[-75.538093475999972,6.2814267230000382],[-75.538086239999984,6.281452196000032],[-75.538099100999943,6.2814595700000382],[-75.538110769999946,6.2814419200000202]]]},"properties":{"OBJECTID":338,"Año":2020,"Tipo":"Vivienda","Aream2":5.2854829449638672,"lenght":9.4576651531769649,"Ubicacion":"Zonas verdes"}},{"type":"Feature","id":339,"geometry":{"type":"Polygon","coordinates":[[[-75.537979118999942,6.2814160350000634],[-75.537994623999964,6.2814314680000507],[-75.538009169999953,6.2814459460000762],[-75.538022761999969,6.2814300650000519],[-75.537993490999952,6.2813980740000375],[-75.537979118999942,6.2814160350000634]]]},"properties":{"OBJECTID":339,"Año":2020,"Tipo":"Vivienda","Aream2":11.44151172187998,"lenght":14.34616693690127,"Ubicacion":"Zonas verdes"}},{"type":"Feature","id":340,"geometry":{"type":"Polygon","coordinates":[[[-75.537993490999952,6.2813980740000375],[-75.537979832999952,6.2813887720000707],[-75.537968819999946,6.2814057840000714],[-75.537979118999942,6.2814160350000634],[-75.537993490999952,6.2813980740000375]]]},"properties":{"OBJECTID":340,"Año":2020,"Tipo":"Vivienda","Aream2":4.083135190677484,"lenght":8.2231228881623046,"Ubicacion":"Zonas verdes"}},{"type":"Feature","id":341,"geometry":{"type":"Polygon","coordinates":[[[-75.538204023999981,6.2815725860000384],[-75.538224747999948,6.2815941150000754],[-75.538283299999989,6.2815275570000608],[-75.53823755999997,6.2814769000000297],[-75.538183058999948,6.2815508040000623],[-75.538204023999981,6.2815725860000384]]]},"properties":{"OBJECTID":341,"Año":2020,"Tipo":"Vivienda","Aream2":70.094260790383274,"lenght":34.16881420460745,"Ubicacion":"Poligono general construcciones"}},{"type":"Feature","id":342,"geometry":{"type":"Polygon","coordinates":[[[-75.538183058999948,6.2815508040000623],[-75.538175634999959,6.2815374510000765],[-75.538139305999948,6.2815711780000356],[-75.538154117999966,6.2815812750000646],[-75.538163391999944,6.2815875990000336],[-75.538178045999985,6.2815969010000572],[-75.538204023999981,6.2815725860000384],[-75.538183058999948,6.2815508040000623]]]},"properties":{"OBJECTID":342,"Año":2020,"Tipo":"Vivienda","Aream2":22.906229893772196,"lenght":19.60294986543375,"Ubicacion":"Poligono general construcciones"}},{"type":"Feature","id":343,"geometry":{"type":"Polygon","coordinates":[[[-75.538228148999963,6.2816054790000635],[-75.538246693999952,6.2816172820000702],[-75.538246938999976,6.2816174370000226],[-75.538251678999984,6.2816122400000722],[-75.538309494999964,6.281548851000025],[-75.538291347999973,6.2815315330000203],[-75.538228148999963,6.2816054790000635]]]},"properties":{"OBJECTID":343,"Año":2020,"Tipo":"Vivienda","Aream2":27.378992648276348,"lenght":26.272332940025628,"Ubicacion":"Poligono general construcciones"}},{"type":"Feature","id":344,"geometry":{"type":"Polygon","coordinates":[[[-75.538251678999984,6.2816122400000722],[-75.538246693999952,6.2816172820000702],[-75.538232600999947,6.2816315320000626],[-75.538264271999935,6.2816516360000492],[-75.538301746999934,6.2816064600000345],[-75.538296344999935,6.2815964460000373],[-75.53832833499996,6.2815708510000263],[-75.538309494999964,6.281548851000025],[-75.538251678999984,6.2816122400000722]]]},"properties":{"OBJECTID":344,"Año":2020,"Tipo":"Vivienda","Aream2":40.865404428891708,"lenght":32.13536275486603,"Ubicacion":"Poligono general construcciones"}},{"type":"Feature","id":345,"geometry":{"type":"Polygon","coordinates":[[[-75.538321822999933,6.2816077020000307],[-75.538337284999955,6.281623024000055],[-75.53835858399998,6.2816001600000391],[-75.538344465999955,6.2815861700000255],[-75.538321822999933,6.2816077020000307]]]},"properties":{"OBJECTID":345,"Año":2020,"Tipo":"Vivienda","Aream2":7.9607975520942986,"lenght":11.52184545333521,"Ubicacion":"Poligono general construcciones"}},{"type":"Feature","id":346,"geometry":{"type":"Polygon","coordinates":[[[-75.538308530999984,6.2816258420000395],[-75.538338015999955,6.2816357400000697],[-75.538337284999955,6.281623024000055],[-75.538321822999933,6.2816077020000307],[-75.538308530999984,6.2816258420000395]]]},"properties":{"OBJECTID":346,"Año":2020,"Tipo":"Vivienda","Aream2":5.2138529947367118,"lenght":9.7471579556687225,"Ubicacion":"Poligono general construcciones"}},{"type":"Feature","id":347,"geometry":{"type":"Polygon","coordinates":[[[-75.538295240999958,6.2816446500000325],[-75.53832880899995,6.2816685870000697],[-75.538354806999962,6.2816490470000304],[-75.538338015999955,6.2816357400000697],[-75.538308530999984,6.2816258420000395],[-75.538295240999958,6.2816446500000325]]]},"properties":{"OBJECTID":347,"Año":2020,"Tipo":"Vivienda","Aream2":16.422784377712304,"lenght":16.521019859476326,"Ubicacion":"Poligono general construcciones"}},{"type":"Feature","id":348,"geometry":{"type":"Polygon","coordinates":[[[-75.538338015999955,6.2816357400000697],[-75.538354806999962,6.2816490470000304],[-75.538368095999942,6.2816302380000479],[-75.538353990999951,6.2816189270000677],[-75.538338015999955,6.2816357400000697]]]},"properties":{"OBJECTID":348,"Año":2020,"Tipo":"Vivienda","Aream2":5.5729111070040345,"lenght":9.4848998974868728,"Ubicacion":"Poligono general construcciones"}},{"type":"Feature","id":349,"geometry":{"type":"Polygon","coordinates":[[[-75.53835858399998,6.2816001600000391],[-75.538363980999975,6.2816095050000627],[-75.53837594099997,6.2815927120000765],[-75.538366549999978,6.2815874020000706],[-75.53835858399998,6.2816001600000391]]]},"properties":{"OBJECTID":349,"Año":2020,"Tipo":"Vivienda","Aream2":2.2310508439701691,"lenght":6.3323337599345271,"Ubicacion":"Poligono general construcciones"}},{"type":"Feature","id":350,"geometry":{"type":"Polygon","coordinates":[[[-75.538295240999958,6.2816446500000325],[-75.53827516299998,6.2816585480000526],[-75.538277452999978,6.2816600020000237],[-75.538285132999988,6.2816636990000347],[-75.538317972999948,6.2816791580000313],[-75.538321374999953,6.2816806180000526],[-75.53832880899995,6.2816685870000697],[-75.538295240999958,6.2816446500000325]]]},"properties":{"OBJECTID":350,"Año":2020,"Tipo":"Vivienda","Aream2":10.359476261767389,"lenght":14.498331065697608,"Ubicacion":"Poligono general construcciones"}},{"type":"Feature","id":351,"geometry":{"type":"Polygon","coordinates":[[[-75.538438864999989,6.2815997700000707],[-75.538405979999936,6.2815785080000524],[-75.538344881999933,6.2816718560000595],[-75.538371715999972,6.2817022200000565],[-75.538438864999989,6.2815997700000707]]]},"properties":{"OBJECTID":351,"Año":2020,"Tipo":"Vivienda","Aream2":56.046644351018372,"lenght":34.709951185704327,"Ubicacion":"Poligono general construcciones"}},{"type":"Feature","id":352,"geometry":{"type":"Polygon","coordinates":[[[-75.538371715999972,6.2817022200000565],[-75.538398833999963,6.2817138570000566],[-75.538403278999965,6.2817157660000476],[-75.538464387999966,6.2816203990000758],[-75.538438864999989,6.2815997700000707],[-75.538371715999972,6.2817022200000565]]]},"properties":{"OBJECTID":352,"Año":2020,"Tipo":"Vivienda","Aream2":47.973334696733225,"lenght":33.513728735364225,"Ubicacion":"Poligono general construcciones"}},{"type":"Feature","id":353,"geometry":{"type":"Polygon","coordinates":[[[-75.538451971999962,6.2816813780000302],[-75.538509636999947,6.2817078760000413],[-75.538524621999954,6.2816782150000563],[-75.538538793999976,6.2816501630000516],[-75.53847516999997,6.2816364130000579],[-75.538451971999962,6.2816813780000302]]]},"properties":{"OBJECTID":353,"Año":2020,"Tipo":"Vivienda","Aream2":44.561613882609251,"lenght":26.976634256666209,"Ubicacion":"Poligono general construcciones"}},{"type":"Feature","id":354,"geometry":{"type":"Polygon","coordinates":[[[-75.538451971999962,6.2816813780000302],[-75.538430742999935,6.281718301000069],[-75.538483142999951,6.2817512800000372],[-75.538509636999947,6.2817078760000413],[-75.538451971999962,6.2816813780000302]]]},"properties":{"OBJECTID":354,"Año":2020,"Tipo":"Vivienda","Aream2":35.743820347997342,"lenght":24.211050524831666,"Ubicacion":"Poligono general construcciones"}},{"type":"Feature","id":355,"geometry":{"type":"Polygon","coordinates":[[[-75.538483142999951,6.2817512800000372],[-75.538522554999986,6.2817689090000499],[-75.538557126999933,6.2817056380000622],[-75.538524621999954,6.2816782150000563],[-75.538509636999947,6.2817078760000413],[-75.538483142999951,6.2817512800000372]]]},"properties":{"OBJECTID":355,"Año":2020,"Tipo":"Vivienda","Aream2":39.663086739542024,"lenght":26.7608970490069,"Ubicacion":"Poligono general construcciones"}},{"type":"Feature","id":356,"geometry":{"type":"Polygon","coordinates":[[[-75.538568981999958,6.2816650710000204],[-75.538561644999959,6.2816714740000634],[-75.538584605999972,6.2817155450000541],[-75.538599904999955,6.2816973960000269],[-75.538584973999946,6.2816729070000292],[-75.538576300999978,6.281658683000046],[-75.538568981999958,6.2816650710000204]]]},"properties":{"OBJECTID":356,"Año":2020,"Tipo":"Vivienda","Aream2":11.998250828380899,"lenght":15.291619995309944,"Ubicacion":"Poligono general construcciones"}},{"type":"Feature","id":357,"geometry":{"type":"Polygon","coordinates":[[[-75.538590934999945,6.2816412070000638],[-75.538584973999946,6.2816729070000292],[-75.538609147999978,6.2816719130000251],[-75.538609014999963,6.2816444670000351],[-75.538590934999945,6.2816412070000638]]]},"properties":{"OBJECTID":357,"Año":2020,"Tipo":"Vivienda","Aream2":7.6887330116218147,"lenght":11.314479804952597,"Ubicacion":"Poligono general construcciones"}},{"type":"Feature","id":358,"geometry":{"type":"Polygon","coordinates":[[[-75.538568981999958,6.2816650710000204],[-75.538576300999978,6.281658683000046],[-75.538584973999946,6.2816729070000292],[-75.538590934999945,6.2816412070000638],[-75.538569507999966,6.2816372950000527],[-75.538568981999958,6.2816650710000204]]]},"properties":{"OBJECTID":358,"Año":2020,"Tipo":"Vivienda","Aream2":6.0678530996406641,"lenght":11.96899410773201,"Ubicacion":"Poligono general construcciones"}},{"type":"Feature","id":359,"geometry":{"type":"Polygon","coordinates":[[[-75.538638309999953,6.2817505630000596],[-75.538645520999978,6.2817226130000563],[-75.538615340999968,6.2817073630000664],[-75.538602578999985,6.2817440350000311],[-75.53861802199998,6.2817350940000551],[-75.538638309999953,6.2817505630000596]]]},"properties":{"OBJECTID":359,"Año":2020,"Tipo":"Vivienda","Aream2":11.793734314195151,"lenght":16.027410567364441,"Ubicacion":"Poligono general construcciones"}},{"type":"Feature","id":360,"geometry":{"type":"Polygon","coordinates":[[[-75.538658820999956,6.2817058130000305],[-75.538690991999943,6.2817177070000412],[-75.538697512999988,6.2816828640000608],[-75.538670719999971,6.2816763000000719],[-75.538658820999956,6.2817058130000305]]]},"properties":{"OBJECTID":360,"Año":2020,"Tipo":"Vivienda","Aream2":12.653625576124599,"lenght":14.289552453139185,"Ubicacion":"Poligono general construcciones"}},{"type":"Feature","id":361,"geometry":{"type":"Polygon","coordinates":[[[-75.538658820999956,6.2817058130000305],[-75.538640043999976,6.2817518870000413],[-75.538653253999939,6.2817624880000267],[-75.538656755999966,6.2817646280000758],[-75.538659054999982,6.2817660320000641],[-75.538658905999966,6.2817662660000337],[-75.538658357999964,6.2817671310000378],[-75.538656484999933,6.2817700760000434],[-75.538651524999977,6.2817721200000278],[-75.538671749999935,6.2817805810000209],[-75.538679055999978,6.281784794000032],[-75.538708424999982,6.2817256560000487],[-75.538690991999943,6.2817177070000412],[-75.538658820999956,6.2817058130000305]]]},"properties":{"OBJECTID":361,"Año":2020,"Tipo":"Vivienda","Aream2":37.616231734255692,"lenght":25.833327178483152,"Ubicacion":"Poligono general construcciones"}},{"type":"Feature","id":362,"geometry":{"type":"Polygon","coordinates":[[[-75.539179993999937,6.2819656130000681],[-75.53921879699999,6.2819683760000657],[-75.539217182999948,6.2819332230000668],[-75.539180016999978,6.2819368640000448],[-75.539179993999937,6.2819656130000681]]]},"properties":{"OBJECTID":362,"Año":2020,"Tipo":"Vivienda","Aream2":14.861021196925311,"lenght":15.510519114819772,"Ubicacion":"Poligono general construcciones"}},{"type":"Feature","id":363,"geometry":{"type":"Polygon","coordinates":[[[-75.539202388999968,6.2815663960000734],[-75.539183248999962,6.281549296000037],[-75.539165691999983,6.281581888000062],[-75.539216645999943,6.2816043330000753],[-75.539224237999974,6.28158591600004],[-75.539202388999968,6.2815663960000734]]]},"properties":{"OBJECTID":363,"Año":2020,"Tipo":"Vivienda","Aream2":18.898778729175117,"lenght":18.541965630453646,"Ubicacion":"Poligono general construcciones"}},{"type":"Feature","id":364,"geometry":{"type":"Polygon","coordinates":[[[-75.539265642999965,6.2814324130000614],[-75.539293204999979,6.2814597260000369],[-75.53932184599995,6.281433479000043],[-75.539289534999966,6.2813928000000487],[-75.539265642999965,6.2814324130000614]]]},"properties":{"OBJECTID":364,"Año":2020,"Tipo":"Vivienda","Aream2":22.998830444727698,"lenght":19.456521266148862,"Ubicacion":"Poligono general construcciones"}},{"type":"Feature","id":365,"geometry":{"type":"Polygon","coordinates":[[[-75.539221062999957,6.2814200810000216],[-75.539228093999952,6.2814393320000477],[-75.539269360999981,6.2813714760000607],[-75.53923449499996,6.2813555780000456],[-75.539202036999939,6.2814226800000483],[-75.539221062999957,6.2814200810000216]]]},"properties":{"OBJECTID":365,"Año":2020,"Tipo":"Vivienda","Aream2":30.152891877231493,"lenght":25.664231259498141,"Ubicacion":"Poligono general construcciones"}},{"type":"Feature","id":366,"geometry":{"type":"Polygon","coordinates":[[[-75.539195485999983,6.2814541940000481],[-75.539212955999972,6.2814668100000404],[-75.53921801599995,6.281452904000048],[-75.539210469999944,6.281433254000035],[-75.539221062999957,6.2814200810000216],[-75.539202036999939,6.2814226800000483],[-75.539180729999941,6.2814435360000402],[-75.539195485999983,6.2814541940000481]]]},"properties":{"OBJECTID":366,"Año":2020,"Tipo":"Vivienda","Aream2":11.336761199814791,"lenght":15.658049688750989,"Ubicacion":"Poligono general construcciones"}},{"type":"Feature","id":367,"geometry":{"type":"Polygon","coordinates":[[[-75.539195485999983,6.2814541940000481],[-75.539187552999977,6.2814709510000739],[-75.539208321999979,6.2814768740000204],[-75.539212955999972,6.2814668100000404],[-75.539195485999983,6.2814541940000481]]]},"properties":{"OBJECTID":367,"Año":2020,"Tipo":"Vivienda","Aream2":3.8517382472360246,"lenght":8.0510955134178062,"Ubicacion":"Poligono general construcciones"}},{"type":"Feature","id":368,"geometry":{"type":"Polygon","coordinates":[[[-75.539111718999948,6.2814295090000201],[-75.539099024999985,6.2814265280000541],[-75.539086434999945,6.2814513580000266],[-75.539097369999979,6.2814548720000403],[-75.539111718999948,6.2814295090000201]]]},"properties":{"OBJECTID":368,"Año":2020,"Tipo":"Vivienda","Aream2":4.1650927901223822,"lenght":9.017469759442811,"Ubicacion":"Poligono general construcciones"}},{"type":"Feature","id":369,"geometry":{"type":"Polygon","coordinates":[[[-75.539202388999968,6.2815663960000734],[-75.539224237999974,6.28158591600004],[-75.539248929999985,6.2815730770000755],[-75.539247838999984,6.2815305640000361],[-75.539202552999939,6.2815291190000266],[-75.539202388999968,6.2815663960000734]]]},"properties":{"OBJECTID":369,"Año":2020,"Tipo":"Vivienda","Aream2":27.066960439520034,"lenght":20.162996790248922,"Ubicacion":"Poligono general construcciones"}},{"type":"Feature","id":370,"geometry":{"type":"Polygon","coordinates":[[[-75.53925696899995,6.2815183920000663],[-75.539262462999943,6.2815334360000747],[-75.539314899999965,6.2815321010000389],[-75.539348985999936,6.2815116720000219],[-75.539304671999957,6.2814790840000683],[-75.53925696899995,6.2815183920000663]]]},"properties":{"OBJECTID":370,"Año":2020,"Tipo":"Vivienda","Aream2":35.153768015237532,"lenght":24.900224026208253,"Ubicacion":"Poligono general construcciones"}},{"type":"Feature","id":371,"geometry":{"type":"Polygon","coordinates":[[[-75.539506406999976,6.2813455640000484],[-75.539512030999958,6.2813328090000482],[-75.539480515999969,6.2813182340000253],[-75.539431452999963,6.2814101860000733],[-75.539472987999943,6.2814213650000283],[-75.539477891999979,6.2814102410000601],[-75.539506406999976,6.2813455640000484]]]},"properties":{"OBJECTID":371,"Año":2020,"Tipo":"Vivienda","Aream2":47.298125008569762,"lenght":30.83780017442589,"Ubicacion":"Poligono general construcciones"}},{"type":"Feature","id":372,"geometry":{"type":"Polygon","coordinates":[[[-75.539477891999979,6.2814102410000601],[-75.539498416999947,6.2814225800000258],[-75.539531454999974,6.2813596150000421],[-75.53953222399997,6.2813581490000274],[-75.539506406999976,6.2813455640000484],[-75.539477891999979,6.2814102410000601]]]},"properties":{"OBJECTID":372,"Año":2020,"Tipo":"Vivienda","Aream2":23.064344853103762,"lenght":21.696364068330613,"Ubicacion":"Poligono general construcciones"}},{"type":"Feature","id":373,"geometry":{"type":"Polygon","coordinates":[[[-75.539502580999965,6.2813154500000223],[-75.539515346999963,6.2813267680000422],[-75.539506406999976,6.2813455640000484],[-75.539531454999974,6.2813596150000421],[-75.539541622999934,6.2813653200000203],[-75.539547443999936,6.2813359600000354],[-75.539536072999965,6.2813239900000326],[-75.539554724999959,6.2812850860000253],[-75.539534474999982,6.28127044200005],[-75.539502580999965,6.2813154500000223]]]},"properties":{"OBJECTID":373,"Año":2020,"Tipo":"Vivienda","Aream2":31.979818674565859,"lenght":27.436251479202738,"Ubicacion":"Poligono general construcciones"}},{"type":"Feature","id":374,"geometry":{"type":"Polygon","coordinates":[[[-75.539393686999972,6.2813481110000566],[-75.539414539999939,6.281371441000033],[-75.539445047999948,6.2813163980000581],[-75.539417598999989,6.2813125150000246],[-75.539393686999972,6.2813481110000566]]]},"properties":{"OBJECTID":374,"Año":2020,"Tipo":"Vivienda","Aream2":17.930617442717683,"lenght":18.235822798467957,"Ubicacion":"Poligono general construcciones"}},{"type":"Feature","id":375,"geometry":{"type":"Polygon","coordinates":[[[-75.539375655999947,6.2813548930000707],[-75.539347800999963,6.2814052360000687],[-75.539381335999963,6.2814224790000708],[-75.539397109999982,6.2813641610000559],[-75.539375655999947,6.2813548930000707]]]},"properties":{"OBJECTID":375,"Año":2020,"Tipo":"Vivienda","Aream2":21.825945683023711,"lenght":19.806298931713851,"Ubicacion":"Poligono general construcciones"}},{"type":"Feature","id":376,"geometry":{"type":"Polygon","coordinates":[[[-75.539313619999973,6.2813926830000355],[-75.539339096999981,6.2814039400000752],[-75.539375655999947,6.2813548930000707],[-75.539422883999976,6.2812984310000388],[-75.539398038999934,6.2812798080000221],[-75.539313619999973,6.2813926830000355]]]},"properties":{"OBJECTID":376,"Año":2020,"Tipo":"Vivienda","Aream2":47.469710791758061,"lenght":37.023259602446871,"Ubicacion":"Poligono general construcciones"}},{"type":"Feature","id":377,"geometry":{"type":"Polygon","coordinates":[[[-75.539398038999934,6.2812798080000221],[-75.53937788099995,6.2812618300000622],[-75.539290795999989,6.2813767280000548],[-75.539313619999973,6.2813926830000355],[-75.539398038999934,6.2812798080000221]]]},"properties":{"OBJECTID":377,"Año":2020,"Tipo":"Vivienda","Aream2":47.771661634687163,"lenght":37.613617789451411,"Ubicacion":"Poligono general construcciones"}},{"type":"Feature","id":378,"geometry":{"type":"Polygon","coordinates":[[[-75.539192445999959,6.2812927780000223],[-75.539222451999933,6.281355637000047],[-75.539279769999951,6.281310506000068],[-75.539235674999986,6.2812788660000365],[-75.539213975999985,6.2812632950000307],[-75.539188656999954,6.2812848400000689],[-75.539192445999959,6.2812927780000223]]]},"properties":{"OBJECTID":378,"Año":2020,"Tipo":"Vivienda","Aream2":50.165397909200216,"lenght":29.389305929123708,"Ubicacion":"Poligono general construcciones"}},{"type":"Feature","id":379,"geometry":{"type":"Polygon","coordinates":[[[-75.539212010999961,6.2813508480000451],[-75.539222451999933,6.281355637000047],[-75.539192445999959,6.2812927780000223],[-75.539178752999987,6.2813120420000246],[-75.539169591999951,6.2813249290000499],[-75.539166127999977,6.2813298030000624],[-75.539212010999961,6.2813508480000451]]]},"properties":{"OBJECTID":379,"Año":2020,"Tipo":"Vivienda","Aream2":16.925634420150807,"lenght":19.587860541475276,"Ubicacion":"Poligono general construcciones"}},{"type":"Feature","id":380,"geometry":{"type":"Polygon","coordinates":[[[-75.539188656999954,6.2812848400000689],[-75.539162503999989,6.2812722480000502],[-75.539156645999981,6.2813057490000688],[-75.539178752999987,6.2813120420000246],[-75.539188656999954,6.2812848400000689]]]},"properties":{"OBJECTID":380,"Año":2020,"Tipo":"Vivienda","Aream2":9.8763889343308282,"lenght":12.719844554562696,"Ubicacion":"Poligono general construcciones"}},{"type":"Feature","id":381,"geometry":{"type":"Polygon","coordinates":[[[-75.539105082999981,6.2812959580000438],[-75.539066555999966,6.2813530470000387],[-75.539132306999988,6.2813915550000274],[-75.539158768999982,6.2813298380000333],[-75.539105082999981,6.2812959580000438]]]},"properties":{"OBJECTID":381,"Año":2020,"Tipo":"Vivienda","Aream2":57.823327315776297,"lenght":30.503934068869711,"Ubicacion":"Poligono general construcciones"}},{"type":"Feature","id":382,"geometry":{"type":"Polygon","coordinates":[[[-75.539132306999988,6.2813915550000274],[-75.539185272999987,6.2814147290000619],[-75.539212010999961,6.2813508480000451],[-75.539158768999982,6.2813298380000333],[-75.539132306999988,6.2813915550000274]]]},"properties":{"OBJECTID":382,"Año":2020,"Tipo":"Vivienda","Aream2":48.017444356088738,"lenght":27.82058163568102,"Ubicacion":"Poligono general construcciones"}},{"type":"Feature","id":383,"geometry":{"type":"Polygon","coordinates":[[[-75.539235674999986,6.2812788660000365],[-75.539279769999951,6.281310506000068],[-75.53932838999998,6.2812654180000322],[-75.539305412999965,6.2812179990000345],[-75.539264704999937,6.281238950000045],[-75.539235674999986,6.2812788660000365]]]},"properties":{"OBJECTID":383,"Año":2020,"Tipo":"Vivienda","Aream2":56.608412622448391,"lenght":29.697499992789567,"Ubicacion":"Poligono general construcciones"}},{"type":"Feature","id":384,"geometry":{"type":"Polygon","coordinates":[[[-75.539357281999969,6.281152812000073],[-75.539317452999967,6.281217272000049],[-75.539347014999976,6.281243236000023],[-75.539384807999966,6.2811727610000503],[-75.539357281999969,6.281152812000073]]]},"properties":{"OBJECTID":384,"Año":2020,"Tipo":"Vivienda","Aream2":34.481245113744535,"lenght":25.343684397462027,"Ubicacion":"Poligono general construcciones"}},{"type":"Feature","id":385,"geometry":{"type":"Polygon","coordinates":[[[-75.539347014999976,6.281243236000023],[-75.539369806999957,6.2812524970000254],[-75.539403615999959,6.2811880670000733],[-75.539384807999966,6.2811727610000503],[-75.539347014999976,6.281243236000023]]]},"properties":{"OBJECTID":385,"Año":2020,"Tipo":"Vivienda","Aream2":22.558256391414194,"lenght":22.301057444955077,"Ubicacion":"Poligono general construcciones"}},{"type":"Feature","id":386,"geometry":{"type":"Polygon","coordinates":[[[-75.539404136999963,6.2812611900000661],[-75.539398645999938,6.2812670850000245],[-75.539435551999986,6.2812896670000669],[-75.539444193999941,6.2812782450000668],[-75.539409294999984,6.2812556530000734],[-75.539404136999963,6.2812611900000661]]]},"properties":{"OBJECTID":386,"Año":2020,"Tipo":"Vivienda","Aream2":7.6891377983363265,"lenght":12.701168097140121,"Ubicacion":"Poligono general construcciones"}},{"type":"Feature","id":387,"geometry":{"type":"Polygon","coordinates":[[[-75.539402462999988,6.2812262310000619],[-75.539387216999955,6.2812557600000218],[-75.539404136999963,6.2812611900000661],[-75.539414556999986,6.2812368830000764],[-75.539402462999988,6.2812262310000619]]]},"properties":{"OBJECTID":387,"Año":2020,"Tipo":"Vivienda","Aream2":6.0434857765336538,"lenght":10.351420886649777,"Ubicacion":"Poligono general construcciones"}},{"type":"Feature","id":388,"geometry":{"type":"Polygon","coordinates":[[[-75.539444193999941,6.2812782450000668],[-75.539465033999988,6.2812988960000666],[-75.539484331999972,6.2812773800000627],[-75.539414556999986,6.2812368830000764],[-75.539409294999984,6.2812556530000734],[-75.539444193999941,6.2812782450000668]]]},"properties":{"OBJECTID":388,"Año":2020,"Tipo":"Vivienda","Aream2":20.239271874161684,"lenght":22.127729120346611,"Ubicacion":"Poligono general construcciones"}},{"type":"Feature","id":389,"geometry":{"type":"Polygon","coordinates":[[[-75.539414556999986,6.2812368830000764],[-75.539484331999972,6.2812773800000627],[-75.539512154999954,6.2812203430000295],[-75.539440368999976,6.2811791860000312],[-75.539428673999964,6.2812053270000661],[-75.539414556999986,6.2812368830000764]]]},"properties":{"OBJECTID":389,"Año":2020,"Tipo":"Vivienda","Aream2":63.109072270324653,"lenght":32.096139377684167,"Ubicacion":"Poligono general construcciones"}},{"type":"Feature","id":390,"geometry":{"type":"Polygon","coordinates":[[[-75.539402462999988,6.2812262310000619],[-75.539414556999986,6.2812368830000764],[-75.539428673999964,6.2812053270000661],[-75.539413721999949,6.2812027460000763],[-75.539402462999988,6.2812262310000619]]]},"properties":{"OBJECTID":390,"Año":2020,"Tipo":"Vivienda","Aream2":5.5834554029498307,"lenght":10.167523519362462,"Ubicacion":"Poligono general construcciones"}},{"type":"Feature","id":391,"geometry":{"type":"Polygon","coordinates":[[[-75.539440368999976,6.2811791860000312],[-75.539512154999954,6.2812203430000295],[-75.539550583999983,6.2811431700000639],[-75.539478859999974,6.2811147330000381],[-75.539440368999976,6.2811791860000312]]]},"properties":{"OBJECTID":391,"Año":2020,"Tipo":"Vivienda","Aream2":78.583883636991899,"lenght":35.536799209526208,"Ubicacion":"Poligono general construcciones"}},{"type":"Feature","id":392,"geometry":{"type":"Polygon","coordinates":[[[-75.539357281999969,6.281152812000073],[-75.539403819999961,6.2810923360000288],[-75.539349535999975,6.2810731860000715],[-75.539316353999936,6.2811289100000636],[-75.539357281999969,6.281152812000073]]]},"properties":{"OBJECTID":392,"Año":2020,"Tipo":"Vivienda","Aream2":44.362296597584901,"lenght":27.232033710257706,"Ubicacion":"Poligono general construcciones"}},{"type":"Feature","id":393,"geometry":{"type":"Polygon","coordinates":[[[-75.539185676999978,6.2810840230000622],[-75.539215905999981,6.2811093150000374],[-75.539248427999951,6.2810556010000482],[-75.539214232999939,6.2810403700000279],[-75.539185676999978,6.2810840230000622]]]},"properties":{"OBJECTID":393,"Año":2020,"Tipo":"Vivienda","Aream2":26.771590643900673,"lenght":21.22077229180006,"Ubicacion":"Poligono general construcciones"}},{"type":"Feature","id":394,"geometry":{"type":"Polygon","coordinates":[[[-75.539185676999978,6.2810840230000622],[-75.53916550799994,6.2810640380000677],[-75.539123006999944,6.281129179000061],[-75.539170002999981,6.2811630930000319],[-75.539215905999981,6.2811093150000374],[-75.539185676999978,6.2810840230000622]]]},"properties":{"OBJECTID":394,"Año":2020,"Tipo":"Vivienda","Aream2":56.294758139695688,"lenght":30.342445000917873,"Ubicacion":"Poligono general construcciones"}},{"type":"Feature","id":395,"geometry":{"type":"Polygon","coordinates":[[[-75.53903321599995,6.2811001600000509],[-75.539090260999956,6.2811367020000262],[-75.539108242999987,6.2811198790000731],[-75.539037837999956,6.2810874180000269],[-75.53903321599995,6.2811001600000509]]]},"properties":{"OBJECTID":395,"Año":2020,"Tipo":"Vivienda","Aream2":16.305029753667721,"lenght":20.299757180956178,"Ubicacion":"Poligono general construcciones"}},{"type":"Feature","id":396,"geometry":{"type":"Polygon","coordinates":[[[-75.539001915999961,6.281129768000028],[-75.539065039999969,6.2811783300000457],[-75.539090260999956,6.2811367020000262],[-75.53903321599995,6.2811001600000509],[-75.539001915999961,6.281129768000028]]]},"properties":{"OBJECTID":396,"Año":2020,"Tipo":"Vivienda","Aream2":40.918695145325024,"lenght":26.460276175297821,"Ubicacion":"Poligono general construcciones"}},{"type":"Feature","id":397,"geometry":{"type":"Polygon","coordinates":[[[-75.539001521999978,6.2811895560000721],[-75.539037791999988,6.2812159510000356],[-75.539065039999969,6.2811783300000457],[-75.539001915999961,6.281129768000028],[-75.53897199499994,6.2811680710000246],[-75.538993084999959,6.2811834170000225],[-75.539001521999978,6.2811895560000721]]]},"properties":{"OBJECTID":397,"Año":2020,"Tipo":"Vivienda","Aream2":46.828150288714077,"lenght":28.332853690561034,"Ubicacion":"Poligono general construcciones"}},{"type":"Feature","id":398,"geometry":{"type":"Polygon","coordinates":[[[-75.538934123999979,6.2812181250000663],[-75.53892346899994,6.281232573000068],[-75.539001999999982,6.2812850770000637],[-75.539029918999972,6.2812481230000685],[-75.539019086999986,6.2812409420000677],[-75.538983514999984,6.2812173610000741],[-75.538971755999967,6.2812095660000296],[-75.538950719999946,6.2811956210000517],[-75.538934123999979,6.2812181250000663]]]},"properties":{"OBJECTID":398,"Año":2020,"Tipo":"Vivienda","Aream2":53.404677265954653,"lenght":31.170881229772625,"Ubicacion":"Poligono general construcciones"}},{"type":"Feature","id":399,"geometry":{"type":"Polygon","coordinates":[[[-75.538983514999984,6.2812173610000741],[-75.539019086999986,6.2812409420000677],[-75.539037791999988,6.2812159510000356],[-75.539001521999978,6.2811895560000721],[-75.538983514999984,6.2812173610000741]]]},"properties":{"OBJECTID":399,"Año":2020,"Tipo":"Vivienda","Aream2":17.222786414982469,"lenght":16.804261164803282,"Ubicacion":"Poligono general construcciones"}},{"type":"Feature","id":400,"geometry":{"type":"Polygon","coordinates":[[[-75.538950719999946,6.2811956210000517],[-75.538971755999967,6.2812095660000296],[-75.538993084999959,6.2811834170000225],[-75.53897199499994,6.2811680710000246],[-75.538950719999946,6.2811956210000517]]]},"properties":{"OBJECTID":400,"Año":2020,"Tipo":"Vivienda","Aream2":10.74199906794124,"lenght":13.263046359406799,"Ubicacion":"Poligono general construcciones"}},{"type":"Feature","id":401,"geometry":{"type":"Polygon","coordinates":[[[-75.538931925999975,6.2811829930000727],[-75.538950719999946,6.2811956210000517],[-75.53897199499994,6.2811680710000246],[-75.538951827999938,6.2811480860000302],[-75.538931925999975,6.2811829930000727]]]},"properties":{"OBJECTID":401,"Año":2020,"Tipo":"Vivienda","Aream2":11.556836171244619,"lenght":13.942842161024458,"Ubicacion":"Poligono general construcciones"}},{"type":"Feature","id":402,"geometry":{"type":"Polygon","coordinates":[[[-75.538931925999975,6.2811829930000727],[-75.538918690999935,6.2812131820000445],[-75.538934123999979,6.2812181250000663],[-75.538950719999946,6.2811956210000517],[-75.538931925999975,6.2811829930000727]]]},"properties":{"OBJECTID":402,"Año":2020,"Tipo":"Vivienda","Aream2":7.1235628786025504,"lenght":11.03860435574877,"Ubicacion":"Poligono general construcciones"}},{"type":"Feature","id":403,"geometry":{"type":"Polygon","coordinates":[[[-75.53887326399996,6.2812501050000265],[-75.538882769999987,6.2812555310000562],[-75.538895992999983,6.2812233340000603],[-75.538879897999948,6.2812153780000699],[-75.53886532599995,6.2812455740000246],[-75.53887326399996,6.2812501050000265]]]},"properties":{"OBJECTID":403,"Año":2020,"Tipo":"Vivienda","Aream2":7.9278473230107931,"lenght":11.768557598422504,"Ubicacion":"Poligono general construcciones"}},{"type":"Feature","id":404,"geometry":{"type":"Polygon","coordinates":[[[-75.53887326399996,6.2812501050000265],[-75.538848070999961,6.2812744440000756],[-75.538876267999967,6.2812943900000278],[-75.538892852999936,6.2812655240000481],[-75.538882769999987,6.2812555310000562],[-75.53887326399996,6.2812501050000265]]]},"properties":{"OBJECTID":404,"Año":2020,"Tipo":"Vivienda","Aream2":12.549023212065434,"lenght":14.16223752161336,"Ubicacion":"Poligono general construcciones"}},{"type":"Feature","id":405,"geometry":{"type":"Polygon","coordinates":[[[-75.538882769999987,6.2812555310000562],[-75.538904930999934,6.281272829000045],[-75.538920214999962,6.2812513320000676],[-75.53890602499996,6.281222615000047],[-75.538882769999987,6.2812555310000562]]]},"properties":{"OBJECTID":405,"Año":2020,"Tipo":"Vivienda","Aream2":11.480466380136949,"lenght":14.030660321358006,"Ubicacion":"Poligono general construcciones"}},{"type":"Feature","id":406,"geometry":{"type":"Polygon","coordinates":[[[-75.538781751999977,6.2811187860000359],[-75.538728658999958,6.2812074100000359],[-75.538775684999962,6.2812473480000222],[-75.538830845999939,6.2811714340000435],[-75.538826823999955,6.2811671200000205],[-75.538813045999973,6.2811523450000664],[-75.53880172099997,6.2811402010000279],[-75.538781751999977,6.2811187860000359]]]},"properties":{"OBJECTID":406,"Año":2020,"Tipo":"Vivienda","Aream2":79.074386937155026,"lenght":36.601175074926644,"Ubicacion":"Poligono general construcciones"}},{"type":"Feature","id":407,"geometry":{"type":"Polygon","coordinates":[[[-75.538744001999987,6.2811315800000216],[-75.538751051999952,6.2811343320000219],[-75.538756312999965,6.2811155630000712],[-75.538743385999965,6.2811072440000544],[-75.538729468999975,6.2810982880000665],[-75.538718877999941,6.2811217690000376],[-75.538725940999939,6.2811245270000313],[-75.538744001999987,6.2811315800000216]]]},"properties":{"OBJECTID":407,"Año":2020,"Tipo":"Vivienda","Aream2":9.0787301050686313,"lenght":12.360260515606335,"Ubicacion":"Poligono general construcciones"}},{"type":"Feature","id":408,"geometry":{"type":"Polygon","coordinates":[[[-75.538719666999953,6.2811465340000723],[-75.538737752999964,6.2811511330000371],[-75.538741644999959,6.2811389520000489],[-75.538744001999987,6.2811315800000216],[-75.538725940999939,6.2811245270000313],[-75.538719666999953,6.2811465340000723]]]},"properties":{"OBJECTID":408,"Año":2020,"Tipo":"Vivienda","Aream2":5.0439393653868425,"lenght":9.0128619792711699,"Ubicacion":"Poligono general construcciones"}},{"type":"Feature","id":409,"geometry":{"type":"Polygon","coordinates":[[[-75.538719666999953,6.2811465340000723],[-75.538712436999958,6.2811733480000385],[-75.538735189999954,6.281174576000069],[-75.538736752999966,6.2811602820000303],[-75.538737752999964,6.2811511330000371],[-75.538719666999953,6.2811465340000723]]]},"properties":{"OBJECTID":409,"Año":2020,"Tipo":"Vivienda","Aream2":6.4559040372728349,"lenght":10.267446706586021,"Ubicacion":"Poligono general construcciones"}},{"type":"Feature","id":410,"geometry":{"type":"Polygon","coordinates":[[[-75.539105082999981,6.2812959580000438],[-75.539158768999982,6.2813298380000333],[-75.539169591999951,6.2813249290000499],[-75.539112376999981,6.2812825330000237],[-75.539105082999981,6.2812959580000438]]]},"properties":{"OBJECTID":410,"Año":2020,"Tipo":"Vivienda","Aream2":10.451611362227119,"lenght":17.909572745620249,"Ubicacion":"Poligono general construcciones"}},{"type":"Feature","id":411,"geometry":{"type":"Polygon","coordinates":[[[-75.538606368999979,6.2813746940000215],[-75.538656609999975,6.2813878400000362],[-75.538666475999946,6.2813529810000546],[-75.538620882999965,6.2813324500000363],[-75.538606368999979,6.2813746940000215]]]},"properties":{"OBJECTID":411,"Año":2020,"Tipo":"Vivienda","Aream2":25.125991045632858,"lenght":20.229033710364295,"Ubicacion":"Poligono general construcciones"}},{"type":"Feature","id":412,"geometry":{"type":"Polygon","coordinates":[[[-75.53856596199995,6.2813463200000683],[-75.538592946999984,6.2813660570000707],[-75.53860819099998,6.2813365280000539],[-75.538581920999945,6.2812998360000734],[-75.538549304999947,6.281334136000055],[-75.53856596199995,6.2813463200000683]]]},"properties":{"OBJECTID":412,"Año":2020,"Tipo":"Vivienda","Aream2":23.706438040492472,"lenght":19.888184787656854,"Ubicacion":"Poligono general construcciones"}},{"type":"Feature","id":413,"geometry":{"type":"Polygon","coordinates":[[[-75.538516815999969,6.2813945430000331],[-75.538539606999962,6.2814038040000355],[-75.538545082999974,6.281391860000042],[-75.53856596199995,6.2813463200000683],[-75.538549304999947,6.281334136000055],[-75.538524838999933,6.2813796260000458],[-75.538516815999969,6.2813945430000331]]]},"properties":{"OBJECTID":413,"Año":2020,"Tipo":"Vivienda","Aream2":18.09425999790065,"lenght":19.588839678899031,"Ubicacion":"Poligono general construcciones"}},{"type":"Feature","id":414,"geometry":{"type":"Polygon","coordinates":[[[-75.538493393999943,6.2813933170000382],[-75.538516815999969,6.2813945430000331],[-75.538524838999933,6.2813796260000458],[-75.538496604999978,6.2813658550000468],[-75.538493393999943,6.2813933170000382]]]},"properties":{"OBJECTID":414,"Año":2020,"Tipo":"Vivienda","Aream2":7.2151282461635997,"lenght":11.003940110719459,"Ubicacion":"Poligono general construcciones"}},{"type":"Feature","id":415,"geometry":{"type":"Polygon","coordinates":[[[-75.538539606999962,6.2814038040000355],[-75.538537641999937,6.2814125170000352],[-75.538558439999974,6.2814244650000433],[-75.538563006999937,6.2814003440000761],[-75.538545082999974,6.281391860000042],[-75.538539606999962,6.2814038040000355]]]},"properties":{"OBJECTID":415,"Año":2020,"Tipo":"Vivienda","Aream2":6.2055764335050307,"lenght":10.005541287348203,"Ubicacion":"Poligono general construcciones"}},{"type":"Feature","id":416,"geometry":{"type":"Polygon","coordinates":[[[-75.538496864999956,6.2814194090000228],[-75.538562522999939,6.2814385040000502],[-75.538558439999974,6.2814244650000433],[-75.538537641999937,6.2814125170000352],[-75.538539606999962,6.2814038040000355],[-75.538516815999969,6.2813945430000331],[-75.538493393999943,6.2813933170000382],[-75.538496864999956,6.2814194090000228]]]},"properties":{"OBJECTID":416,"Año":2020,"Tipo":"Vivienda","Aream2":19.429977092416348,"lenght":21.056447583233478,"Ubicacion":"Poligono general construcciones"}},{"type":"Feature","id":417,"geometry":{"type":"Polygon","coordinates":[[[-75.538522417999957,6.2814460630000326],[-75.538555903999963,6.2814532640000493],[-75.538562522999939,6.2814385040000502],[-75.538496864999956,6.2814194090000228],[-75.538491827999962,6.2814369490000672],[-75.538522417999957,6.2814460630000326]]]},"properties":{"OBJECTID":417,"Año":2020,"Tipo":"Vivienda","Aream2":14.607024372288816,"lenght":18.698483993987669,"Ubicacion":"Poligono general construcciones"}},{"type":"Feature","id":418,"geometry":{"type":"Polygon","coordinates":[[[-75.538241193999966,6.2811482300000421],[-75.538273695999976,6.2811679460000391],[-75.538308982999979,6.2811154750000355],[-75.538281723999944,6.2810988700000507],[-75.538241193999966,6.2811482300000421]]]},"properties":{"OBJECTID":418,"Año":2020,"Tipo":"Vivienda","Aream2":27.051376771301396,"lenght":21.799840721162809,"Ubicacion":"Poligono general construcciones"}},{"type":"Feature","id":419,"geometry":{"type":"Polygon","coordinates":[[[-75.538113104999979,6.2812492670000211],[-75.538147661999972,6.2812616510000225],[-75.538172409999959,6.2811914490000618],[-75.538136802999986,6.2811780240000417],[-75.538113104999979,6.2812492670000211]]]},"properties":{"OBJECTID":419,"Año":2020,"Tipo":"Vivienda","Aream2":34.198590631368802,"lenght":24.812522205368833,"Ubicacion":"Poligono general construcciones"}},{"type":"Feature","id":420,"geometry":{"type":"Polygon","coordinates":[[[-75.538418153999942,6.2810536070000467],[-75.538404282999977,6.281090493000022],[-75.538457316999938,6.281127725000033],[-75.538479907999942,6.2810954820000688],[-75.538418153999942,6.2810536070000467]]]},"properties":{"OBJECTID":420,"Año":2020,"Tipo":"Vivienda","Aream2":33.111846297785533,"lenght":24.140858042075337,"Ubicacion":"Poligono general construcciones"}},{"type":"Feature","id":421,"geometry":{"type":"Polygon","coordinates":[[[-75.538418153999942,6.2810536070000467],[-75.538479907999942,6.2810954820000688],[-75.538499866999985,6.2810726250000357],[-75.538444091999963,6.2810220170000548],[-75.538418153999942,6.2810536070000467]]]},"properties":{"OBJECTID":421,"Año":2020,"Tipo":"Vivienda","Aream2":32.573882305885228,"lenght":24.46847456402287,"Ubicacion":"Poligono general construcciones"}},{"type":"Feature","id":422,"geometry":{"type":"Polygon","coordinates":[[[-75.538444091999963,6.2810220170000548],[-75.538499866999985,6.2810726250000357],[-75.538515735999965,6.281033720000039],[-75.538456683999982,6.2809971870000254],[-75.538444091999963,6.2810220170000548]]]},"properties":{"OBJECTID":422,"Año":2020,"Tipo":"Vivienda","Aream2":29.987342536499192,"lenght":23.744339412387014,"Ubicacion":"Poligono general construcciones"}},{"type":"Feature","id":423,"geometry":{"type":"Polygon","coordinates":[[[-75.538479620999965,6.2811744770000359],[-75.538500374999956,6.2811928540000395],[-75.538515679999989,6.2811602440000343],[-75.538505024999949,6.2811564250000629],[-75.538478818999977,6.2811470350000604],[-75.538479620999965,6.2811744770000359]]]},"properties":{"OBJECTID":423,"Año":2020,"Tipo":"Vivienda","Aream2":11.99065186953329,"lenght":14.421909086744542,"Ubicacion":"Poligono general construcciones"}},{"type":"Feature","id":424,"geometry":{"type":"Polygon","coordinates":[[[-75.538478818999977,6.2811470350000604],[-75.538505024999949,6.2811564250000629],[-75.538514851999935,6.2811274450000383],[-75.538494722999985,6.2811154930000725],[-75.538478818999977,6.2811470350000604]]]},"properties":{"OBJECTID":424,"Año":2020,"Tipo":"Vivienda","Aream2":10.262739414726635,"lenght":12.963723640341446,"Ubicacion":"Poligono general construcciones"}},{"type":"Feature","id":425,"geometry":{"type":"Polygon","coordinates":[[[-75.538295730999948,6.281005614000037],[-75.538335715999949,6.281023297000047],[-75.538361519999967,6.2809551810000244],[-75.538292405999982,6.2809304130000214],[-75.538265525999975,6.2809922570000367],[-75.538295730999948,6.281005614000037]]]},"properties":{"OBJECTID":425,"Año":2020,"Tipo":"Vivienda","Aream2":64.402495044884787,"lenght":32.134640005672736,"Ubicacion":"Poligono general construcciones"}},{"type":"Feature","id":426,"geometry":{"type":"Polygon","coordinates":[[[-75.538295730999948,6.281005614000037],[-75.538284686999987,6.2810632920000558],[-75.538319238999975,6.2810746300000346],[-75.538335715999949,6.281023297000047],[-75.538295730999948,6.281005614000037]]]},"properties":{"OBJECTID":426,"Año":2020,"Tipo":"Vivienda","Aream2":27.310804300724833,"lenght":21.321809591898656,"Ubicacion":"Poligono general construcciones"}},{"type":"Feature","id":427,"geometry":{"type":"Polygon","coordinates":[[[-75.538223185999982,6.2808953530000622],[-75.538218210999958,6.2809176170000569],[-75.538227361999986,6.2809183160000543],[-75.538257641999962,6.2809208480000507],[-75.538267570999949,6.2809050520000369],[-75.53825967299997,6.2809031770000274],[-75.538228386999947,6.2808957490000239],[-75.538223363999975,6.2808945560000211],[-75.538223185999982,6.2808953530000622]]]},"properties":{"OBJECTID":427,"Año":2020,"Tipo":"Vivienda","Aream2":10.567110828874014,"lenght":14.084817464584624,"Ubicacion":"Poligono general construcciones"}},{"type":"Feature","id":428,"geometry":{"type":"Polygon","coordinates":[[[-75.538228386999947,6.2808957490000239],[-75.53825967299997,6.2809031770000274],[-75.538276615999962,6.2808387340000422],[-75.538239118999968,6.2808322210000256],[-75.538236218999941,6.280849384000021],[-75.538228386999947,6.2808957490000239]]]},"properties":{"OBJECTID":428,"Año":2020,"Tipo":"Vivienda","Aream2":28.118999144896041,"lenght":22.267474958304621,"Ubicacion":"Poligono general construcciones"}},{"type":"Feature","id":429,"geometry":{"type":"Polygon","coordinates":[[[-75.538213053999982,6.2808945830000766],[-75.538223185999982,6.2808953530000622],[-75.538228386999947,6.2808957490000239],[-75.538236218999941,6.280849384000021],[-75.538221805999967,6.2808490410000672],[-75.538213053999982,6.2808945830000766]]]},"properties":{"OBJECTID":429,"Año":2020,"Tipo":"Vivienda","Aream2":8.4431641121495549,"lenght":13.628074440644426,"Ubicacion":"Poligono general construcciones"}},{"type":"Feature","id":430,"geometry":{"type":"Polygon","coordinates":[[[-75.538200346999986,6.2808389700000475],[-75.538208337999947,6.2808738090000702],[-75.538212400999953,6.2808410540000637],[-75.538200346999986,6.2808389700000475]]]},"properties":{"OBJECTID":430,"Año":2020,"Tipo":"Vivienda","Aream2":2.4684655082051945,"lenght":8.9582051233339701,"Ubicacion":"Poligono general construcciones"}},{"type":"Feature","id":431,"geometry":{"type":"Polygon","coordinates":[[[-75.538200346999986,6.2808389700000475],[-75.538212400999953,6.2808410540000637],[-75.538223750999975,6.2808363120000763],[-75.538222081999947,6.2807680380000761],[-75.538184212999965,6.2807686380000405],[-75.538184735999948,6.2807709160000513],[-75.538200346999986,6.2808389700000475]]]},"properties":{"OBJECTID":431,"Año":2020,"Tipo":"Vivienda","Aream2":26.663037271498464,"lenght":22.442160104395327,"Ubicacion":"Poligono general construcciones"}},{"type":"Feature","id":432,"geometry":{"type":"Polygon","coordinates":[[[-75.538164542999937,6.2806841510000595],[-75.538165795999987,6.2806896360000337],[-75.53817715699995,6.280737873000021],[-75.538184212999965,6.2807686380000405],[-75.538222081999947,6.2807680380000761],[-75.538223244999983,6.2807251680000604],[-75.538224352999976,6.2806843470000331],[-75.538164542999937,6.2806841510000595]]]},"properties":{"OBJECTID":432,"Año":2020,"Tipo":"Vivienda","Aream2":50.251711999828409,"lenght":29.666554875392563,"Ubicacion":"Poligono general construcciones"}},{"type":"Feature","id":433,"geometry":{"type":"Polygon","coordinates":[[[-75.538164542999937,6.2806841510000595],[-75.538224352999976,6.2806843470000331],[-75.538212231999978,6.2806373460000486],[-75.538209351999967,6.2806261780000341],[-75.538155941999946,6.2806464570000458],[-75.538164397999935,6.2806835180000462],[-75.538164542999937,6.2806841510000595]]]},"properties":{"OBJECTID":433,"Año":2020,"Tipo":"Vivienda","Aream2":34.666716642866163,"lenght":23.863104724101262,"Ubicacion":"Poligono general construcciones"}},{"type":"Feature","id":434,"geometry":{"type":"Polygon","coordinates":[[[-75.538168217999953,6.2805594340000539],[-75.538139448999971,6.2805741730000477],[-75.538155941999946,6.2806464570000458],[-75.538209351999967,6.2806261780000341],[-75.538168217999953,6.2805594340000539]]]},"properties":{"OBJECTID":434,"Año":2020,"Tipo":"Vivienda","Aream2":41.140991736269349,"lenght":26.77356892723477,"Ubicacion":"Poligono general construcciones"}},{"type":"Feature","id":435,"geometry":{"type":"Polygon","coordinates":[[[-75.538224352999976,6.2806843470000331],[-75.538283910999951,6.2806874050000374],[-75.538282354999978,6.2806425600000466],[-75.538212231999978,6.2806373460000486],[-75.538224352999976,6.2806843470000331]]]},"properties":{"OBJECTID":435,"Año":2020,"Tipo":"Vivienda","Aream2":36.104796316559771,"lenght":24.714644548374793,"Ubicacion":"Poligono general construcciones"}},{"type":"Feature","id":436,"geometry":{"type":"Polygon","coordinates":[[[-75.53824098299998,6.2807262580000724],[-75.538284111999985,6.2807289090000609],[-75.538283910999951,6.2806874050000374],[-75.538224352999976,6.2806843470000331],[-75.538223244999983,6.2807251680000604],[-75.53824098299998,6.2807262580000724]]]},"properties":{"OBJECTID":436,"Año":2020,"Tipo":"Vivienda","Aream2":30.359215793533803,"lenght":22.456877180866847,"Ubicacion":"Poligono general construcciones"}},{"type":"Feature","id":437,"geometry":{"type":"Polygon","coordinates":[[[-75.538236731999973,6.2807539080000652],[-75.538282270999957,6.2807630600000266],[-75.538284111999985,6.2807289090000609],[-75.53824098299998,6.2807262580000724],[-75.538236731999973,6.2807539080000652]]]},"properties":{"OBJECTID":437,"Año":2020,"Tipo":"Vivienda","Aream2":16.990150717650746,"lenght":16.800094256280929,"Ubicacion":"Poligono general construcciones"}},{"type":"Feature","id":438,"geometry":{"type":"Polygon","coordinates":[[[-75.538239118999968,6.2808322210000256],[-75.538276615999962,6.2808387340000422],[-75.538282270999957,6.2807630600000266],[-75.538236731999973,6.2807539080000652],[-75.538239118999968,6.2808322210000256]]]},"properties":{"OBJECTID":438,"Año":2020,"Tipo":"Vivienda","Aream2":39.287912222520234,"lenght":26.412179104818843,"Ubicacion":"Poligono general construcciones"}},{"type":"Feature","id":439,"geometry":{"type":"Polygon","coordinates":[[[-75.538287846999935,6.2808092240000519],[-75.538342720999935,6.2808123050000404],[-75.53834231899998,6.2807292960000609],[-75.538311933999978,6.2807242350000365],[-75.538295448999975,6.2807214910000653],[-75.538287846999935,6.2808092240000519]]]},"properties":{"OBJECTID":439,"Año":2020,"Tipo":"Vivienda","Aream2":53.404780644019048,"lenght":30.263218695332153,"Ubicacion":"Poligono general construcciones"}},{"type":"Feature","id":440,"geometry":{"type":"Polygon","coordinates":[[[-75.538311933999978,6.2807242350000365],[-75.53834231899998,6.2807292960000609],[-75.538345534999962,6.2807025030000432],[-75.53831196699997,6.2806785660000628],[-75.538311933999978,6.2807242350000365]]]},"properties":{"OBJECTID":440,"Año":2020,"Tipo":"Vivienda","Aream2":14.470560336583947,"lenght":16.007274744394177,"Ubicacion":"Poligono general construcciones"}},{"type":"Feature","id":441,"geometry":{"type":"Polygon","coordinates":[[[-75.538308217999941,6.2808598960000381],[-75.53833895799994,6.2808638700000756],[-75.538342720999935,6.2808123050000404],[-75.538287846999935,6.2808092240000519],[-75.538284062999935,6.2808567730000391],[-75.538299275999975,6.280858740000042],[-75.538308217999941,6.2808598960000381]]]},"properties":{"OBJECTID":441,"Año":2020,"Tipo":"Vivienda","Aream2":33.5308271491296,"lenght":23.203301951999656,"Ubicacion":"Poligono general construcciones"}},{"type":"Feature","id":442,"geometry":{"type":"Polygon","coordinates":[[[-75.538284062999935,6.2808567730000391],[-75.538267041999973,6.280933841000035],[-75.538279086999978,6.2809344520000536],[-75.538299275999975,6.280858740000042],[-75.538284062999935,6.2808567730000391]]]},"properties":{"OBJECTID":442,"Año":2020,"Tipo":"Vivienda","Aream2":13.038389243354064,"lenght":20.429679065615758,"Ubicacion":"Poligono general construcciones"}},{"type":"Feature","id":443,"geometry":{"type":"Polygon","coordinates":[[[-75.538292405999982,6.2809304130000214],[-75.538361519999967,6.2809551810000244],[-75.538386489999937,6.280870334000042],[-75.538345428999946,6.2808647510000242],[-75.53833895799994,6.2808638700000756],[-75.538308217999941,6.2808598960000381],[-75.538292405999982,6.2809304130000214]]]},"properties":{"OBJECTID":443,"Año":2020,"Tipo":"Vivienda","Aream2":74.531431701485928,"lenght":34.641095332184278,"Ubicacion":"Poligono general construcciones"}},{"type":"Feature","id":444,"geometry":{"type":"Polygon","coordinates":[[[-75.538345428999946,6.2808647510000242],[-75.538386489999937,6.280870334000042],[-75.53839671999998,6.280772546000037],[-75.538350525999988,6.2807660750000309],[-75.538345428999946,6.2808647510000242]]]},"properties":{"OBJECTID":444,"Año":2020,"Tipo":"Vivienda","Aream2":53.027609921681531,"lenght":31.552556014464791,"Ubicacion":"Poligono general construcciones"}},{"type":"Feature","id":445,"geometry":{"type":"Polygon","coordinates":[[[-75.538350525999988,6.2807660750000309],[-75.53839671999998,6.280772546000037],[-75.538401260999933,6.2807430680000493],[-75.538353707999988,6.2807325880000349],[-75.538350525999988,6.2807660750000309]]]},"properties":{"OBJECTID":445,"Año":2020,"Tipo":"Vivienda","Aream2":18.465302870591014,"lenght":17.571053974246684,"Ubicacion":"Poligono general construcciones"}},{"type":"Feature","id":446,"geometry":{"type":"Polygon","coordinates":[[[-75.538414149999937,6.2807798250000246],[-75.538474406999967,6.2807889050000654],[-75.538477541999953,6.2807453760000271],[-75.538417969999955,6.2807396400000357],[-75.538414149999937,6.2807798250000246]]]},"properties":{"OBJECTID":446,"Año":2020,"Tipo":"Vivienda","Aream2":31.01500009376193,"lenght":22.659663721079905,"Ubicacion":"Poligono general construcciones"}},{"type":"Feature","id":447,"geometry":{"type":"Polygon","coordinates":[[[-75.538403023999933,6.2808307560000571],[-75.53846396299997,6.2808425110000599],[-75.538474406999967,6.2807889050000654],[-75.538414149999937,6.2807798250000246],[-75.538404105999973,6.2807778660000508],[-75.538403023999933,6.2808307560000571]]]},"properties":{"OBJECTID":447,"Año":2020,"Tipo":"Vivienda","Aream2":43.41302828396725,"lenght":26.637371194696883,"Ubicacion":"Poligono general construcciones"}},{"type":"Feature","id":448,"geometry":{"type":"Polygon","coordinates":[[[-75.538437534999957,6.2808737270000279],[-75.538451419999944,6.2808773830000746],[-75.53846396299997,6.2808425110000599],[-75.538403023999933,6.2808307560000571],[-75.538396488999979,6.2808629220000398],[-75.538402738999935,6.2808645660000479],[-75.538437534999957,6.2808737270000279]]]},"properties":{"OBJECTID":448,"Año":2020,"Tipo":"Vivienda","Aream2":25.302072511617336,"lenght":20.884862971196743,"Ubicacion":"Poligono general construcciones"}},{"type":"Feature","id":449,"geometry":{"type":"Polygon","coordinates":[[[-75.538402738999935,6.2808645660000479],[-75.538397486999941,6.2809305300000347],[-75.538435622999941,6.2809310150000215],[-75.538437534999957,6.2808737270000279],[-75.538402738999935,6.2808645660000479]]]},"properties":{"OBJECTID":449,"Año":2020,"Tipo":"Vivienda","Aream2":27.721146661235178,"lenght":21.862368263401205,"Ubicacion":"Poligono general construcciones"}},{"type":"Feature","id":450,"geometry":{"type":"Polygon","coordinates":[[[-75.538363001999983,6.2809936250000646],[-75.538371088999952,6.2810056360000317],[-75.538395001999959,6.2809700390000671],[-75.538378223999985,6.2809594100000368],[-75.538363001999983,6.2809936250000646]]]},"properties":{"OBJECTID":450,"Año":2020,"Tipo":"Vivienda","Aream2":8.0239432468140937,"lenght":12.686226417710737,"Ubicacion":"Poligono general construcciones"}},{"type":"Feature","id":451,"geometry":{"type":"Polygon","coordinates":[[[-75.538533992999987,6.2809393150000687],[-75.538574195999956,6.2809484170000474],[-75.538567327999942,6.2809116310000377],[-75.538552124999967,6.2809072620000279],[-75.53849631199995,6.280891223000026],[-75.538484447999963,6.2809281000000396],[-75.538533992999987,6.2809393150000687]]]},"properties":{"OBJECTID":451,"Año":2020,"Tipo":"Vivienda","Aream2":36.86414421189594,"lenght":26.785515208482174,"Ubicacion":"Poligono general construcciones"}},{"type":"Feature","id":452,"geometry":{"type":"Polygon","coordinates":[[[-75.538484447999963,6.2809281000000396],[-75.538476688999936,6.2809837010000251],[-75.538521577999973,6.2809968720000597],[-75.538533992999987,6.2809393150000687],[-75.538484447999963,6.2809281000000396]]]},"properties":{"OBJECTID":452,"Año":2020,"Tipo":"Vivienda","Aream2":34.208529468370031,"lenght":23.521577417037037,"Ubicacion":"Poligono general construcciones"}},{"type":"Feature","id":453,"geometry":{"type":"Polygon","coordinates":[[[-75.538567327999942,6.2809116310000377],[-75.538606181999967,6.2809221540000522],[-75.538607510999952,6.2809132990000762],[-75.538613172999987,6.28087554800004],[-75.538619143999938,6.2808357320000709],[-75.538574241999981,6.2808198850000281],[-75.538567327999942,6.2809116310000377]]]},"properties":{"OBJECTID":453,"Año":2020,"Tipo":"Vivienda","Aream2":47.273394020814266,"lenght":29.566998497613909,"Ubicacion":"Poligono general construcciones"}},{"type":"Feature","id":454,"geometry":{"type":"Polygon","coordinates":[[[-75.538607510999952,6.2809132990000762],[-75.538625580999962,6.28092139000006],[-75.538635436999982,6.2808845220000649],[-75.538613172999987,6.28087554800004],[-75.538607510999952,6.2809132990000762]]]},"properties":{"OBJECTID":454,"Año":2020,"Tipo":"Vivienda","Aream2":10.02115933541527,"lenght":13.291005384440687,"Ubicacion":"Poligono general construcciones"}},{"type":"Feature","id":455,"geometry":{"type":"Polygon","coordinates":[[[-75.538640242999975,6.2809099380000362],[-75.538658329999976,6.2809145360000684],[-75.538681556999961,6.2808755970000334],[-75.538664067999946,6.2808562680000364],[-75.538640242999975,6.2809099380000362]]]},"properties":{"OBJECTID":455,"Año":2020,"Tipo":"Vivienda","Aream2":13.528258483062974,"lenght":16.460671292205934,"Ubicacion":"Poligono general construcciones"}},{"type":"Feature","id":456,"geometry":{"type":"Polygon","coordinates":[[[-75.53849631199995,6.280891223000026],[-75.538552124999967,6.2809072620000279],[-75.538561065999943,6.2808621230000767],[-75.538550688999976,6.2808608990000607],[-75.538515909999944,6.2808567960000232],[-75.538484752999977,6.2808531210000638],[-75.538484249999954,6.2808872650000467],[-75.53849631199995,6.280891223000026]]]},"properties":{"OBJECTID":456,"Año":2020,"Tipo":"Vivienda","Aream2":35.991273245796009,"lenght":25.202963331499028,"Ubicacion":"Poligono general construcciones"}},{"type":"Feature","id":457,"geometry":{"type":"Polygon","coordinates":[[[-75.538515909999944,6.2808567960000232],[-75.538550688999976,6.2808608990000607],[-75.538558204999958,6.2808239780000577],[-75.538543044999983,6.2808221560000561],[-75.538526072999957,6.2808201170000757],[-75.538524898999981,6.2808243550000498],[-75.538515909999944,6.2808567960000232]]]},"properties":{"OBJECTID":457,"Año":2020,"Tipo":"Vivienda","Aream2":15.502126787807512,"lenght":15.835178144898574,"Ubicacion":"Poligono general construcciones"}},{"type":"Feature","id":458,"geometry":{"type":"Polygon","coordinates":[[[-75.538484752999977,6.2808531210000638],[-75.538515909999944,6.2808567960000232],[-75.538524898999981,6.2808243550000498],[-75.53849194999998,6.2808196140000518],[-75.538484752999977,6.2808531210000638]]]},"properties":{"OBJECTID":458,"Año":2020,"Tipo":"Vivienda","Aream2":13.355079257392834,"lenght":14.670639780600835,"Ubicacion":"Poligono general construcciones"}},{"type":"Feature","id":459,"geometry":{"type":"Polygon","coordinates":[[[-75.538517480999985,6.28079271200005],[-75.538482454999951,6.2807928820000711],[-75.538478540999961,6.2808136540000419],[-75.538518002999979,6.2808114540000588],[-75.538517911999975,6.2807927110000605],[-75.538517480999985,6.28079271200005]]]},"properties":{"OBJECTID":459,"Año":2020,"Tipo":"Vivienda","Aream2":9.0324745710894714,"lenght":12.709640120955818,"Ubicacion":"Poligono general construcciones"}},{"type":"Feature","id":460,"geometry":{"type":"Polygon","coordinates":[[[-75.538486344999967,6.2807674250000218],[-75.538482454999951,6.2807928820000711],[-75.538517480999985,6.28079271200005],[-75.538517911999975,6.2807927110000605],[-75.538517258999946,6.2807847270000252],[-75.538515778999965,6.2807666120000363],[-75.538486344999967,6.2807674250000218]]]},"properties":{"OBJECTID":460,"Año":2020,"Tipo":"Vivienda","Aream2":10.232912721525095,"lenght":12.927931704902516,"Ubicacion":"Poligono general construcciones"}},{"type":"Feature","id":461,"geometry":{"type":"Polygon","coordinates":[[[-75.538517258999946,6.2807847270000252],[-75.538517480999985,6.28079271200005],[-75.538518002999979,6.2808114540000588],[-75.538543044999983,6.2808221560000561],[-75.538559728999985,6.2807242250000286],[-75.538500884999962,6.280730535000032],[-75.538486344999967,6.2807674250000218],[-75.538515778999965,6.2807666120000363],[-75.538517258999946,6.2807847270000252]]]},"properties":{"OBJECTID":461,"Año":2020,"Tipo":"Vivienda","Aream2":48.726162591942796,"lenght":33.164400436676758,"Ubicacion":"Poligono general construcciones"}},{"type":"Feature","id":462,"geometry":{"type":"Polygon","coordinates":[[[-75.538626376999957,6.2807857140000465],[-75.538615061999963,6.2808216940000534],[-75.53863851899996,6.2808302830000571],[-75.538642455999934,6.2808141970000406],[-75.538658199999986,6.2807498550000673],[-75.538641416999951,6.280737886000054],[-75.538626376999957,6.2807857140000465]]]},"properties":{"OBJECTID":462,"Año":2020,"Tipo":"Vivienda","Aream2":23.122011616479437,"lenght":23.92195869097095,"Ubicacion":"Poligono general construcciones"}},{"type":"Feature","id":463,"geometry":{"type":"Polygon","coordinates":[[[-75.538641416999951,6.280737886000054],[-75.538630007999984,6.280730578000032],[-75.538612872999977,6.2807842170000754],[-75.538626376999957,6.2807857140000465],[-75.538641416999951,6.280737886000054]]]},"properties":{"OBJECTID":463,"Año":2020,"Tipo":"Vivienda","Aream2":8.6031437416760674,"lenght":14.777349409174718,"Ubicacion":"Poligono general construcciones"}},{"type":"Feature","id":464,"geometry":{"type":"Polygon","coordinates":[[[-75.538642455999934,6.2808141970000406],[-75.538663285999974,6.2808328410000627],[-75.538682346999963,6.2807624570000371],[-75.538658199999986,6.2807498550000673],[-75.538642455999934,6.2808141970000406]]]},"properties":{"OBJECTID":464,"Año":2020,"Tipo":"Vivienda","Aream2":21.872709336416591,"lenght":21.499848275143279,"Ubicacion":"Poligono general construcciones"}},{"type":"Feature","id":465,"geometry":{"type":"Polygon","coordinates":[[[-75.538559728999985,6.2807242250000286],[-75.538573868999947,6.2807429000000639],[-75.538591188999987,6.2807274190000726],[-75.538571744999956,6.2807188110000425],[-75.538559728999985,6.2807242250000286]]]},"properties":{"OBJECTID":465,"Año":2020,"Tipo":"Vivienda","Aream2":4.5970123787765251,"lenght":8.9734407680512795,"Ubicacion":"Poligono general construcciones"}},{"type":"Feature","id":466,"geometry":{"type":"Polygon","coordinates":[[[-75.538629647999983,6.2807095620000268],[-75.538651363999975,6.280719763000036],[-75.538677702999962,6.2806326080000758],[-75.538640117999989,6.2806080210000346],[-75.538616997999952,6.2806801530000484],[-75.538610459999973,6.2807005480000271],[-75.538629647999983,6.2807095620000268]]]},"properties":{"OBJECTID":466,"Año":2020,"Tipo":"Vivienda","Aream2":50.66661185989399,"lenght":30.789648873059171,"Ubicacion":"Poligono general construcciones"}},{"type":"Feature","id":467,"geometry":{"type":"Polygon","coordinates":[[[-75.538616997999952,6.2806801530000484],[-75.538601645999961,6.2806764910000652],[-75.53858969099997,6.2806946230000449],[-75.538617913999985,6.2807199260000743],[-75.538629647999983,6.2807095620000268],[-75.538610459999973,6.2807005480000271],[-75.538616997999952,6.2806801530000484]]]},"properties":{"OBJECTID":467,"Año":2020,"Tipo":"Vivienda","Aream2":8.8591161402264795,"lenght":14.790642935304367,"Ubicacion":"Poligono general construcciones"}},{"type":"Feature","id":468,"geometry":{"type":"Polygon","coordinates":[[[-75.538651363999975,6.280719763000036],[-75.538681546999953,6.2807356830000458],[-75.538711863999936,6.280641145000061],[-75.538677702999962,6.2806326080000758],[-75.538651363999975,6.280719763000036]]]},"properties":{"OBJECTID":468,"Año":2020,"Tipo":"Vivienda","Aream2":40.018861058186054,"lenght":28.725898378071374,"Ubicacion":"Poligono general construcciones"}},{"type":"Feature","id":469,"geometry":{"type":"Polygon","coordinates":[[[-75.538677702999962,6.2806326080000758],[-75.538711863999936,6.280641145000061],[-75.538729622999938,6.280578131000027],[-75.538671298999986,6.2805536450000545],[-75.538640117999989,6.2806080210000346],[-75.538677702999962,6.2806326080000758]]]},"properties":{"OBJECTID":469,"Año":2020,"Tipo":"Vivienda","Aream2":58.533991282799867,"lenght":30.042622262932959,"Ubicacion":"Poligono general construcciones"}},{"type":"Feature","id":470,"geometry":{"type":"Polygon","coordinates":[[[-75.538671298999986,6.2805536450000545],[-75.538729622999938,6.280578131000027],[-75.538739582999938,6.280562686000053],[-75.538679249999973,6.2805375400000685],[-75.538671298999986,6.2805536450000545]]]},"properties":{"OBJECTID":470,"Año":2020,"Tipo":"Vivienda","Aream2":14.177421112993835,"lenght":18.253571475419907,"Ubicacion":"Poligono general construcciones"}},{"type":"Feature","id":471,"geometry":{"type":"Polygon","coordinates":[[[-75.538679249999973,6.2805375400000685],[-75.538739582999938,6.280562686000053],[-75.538748644999941,6.2804997140000296],[-75.538699097999938,6.280491922000067],[-75.538679249999973,6.2805375400000685]]]},"properties":{"OBJECTID":471,"Año":2020,"Tipo":"Vivienda","Aream2":39.430111245627764,"lenght":25.324513388678341,"Ubicacion":"Poligono general construcciones"}},{"type":"Feature","id":472,"geometry":{"type":"Polygon","coordinates":[[[-75.538699097999938,6.280491922000067],[-75.538748644999941,6.2804997140000296],[-75.538743814999975,6.2804696130000366],[-75.538702979999982,6.2804644550000717],[-75.538699097999938,6.280491922000067]]]},"properties":{"OBJECTID":472,"Año":2020,"Tipo":"Vivienda","Aream2":15.885866094985957,"lenght":16.546537832869703,"Ubicacion":"Poligono general construcciones"}},{"type":"Feature","id":473,"geometry":{"type":"Polygon","coordinates":[[[-75.538702979999982,6.2804644550000717],[-75.538743814999975,6.2804696130000366],[-75.53875177499998,6.2804555160000746],[-75.538716931999943,6.28044430500006],[-75.538702979999982,6.2804644550000717]]]},"properties":{"OBJECTID":473,"Año":2020,"Tipo":"Vivienda","Aream2":9.0293789996723035,"lenght":13.108305102789476,"Ubicacion":"Poligono general construcciones"}},{"type":"Feature","id":474,"geometry":{"type":"Polygon","coordinates":[[[-75.538458614999968,6.280429492000053],[-75.538385088999974,6.2804432380000321],[-75.538401501999942,6.280516796000029],[-75.538413673999969,6.2805140390000247],[-75.53847701899997,6.2804996940000706],[-75.538474500999939,6.2804900900000575],[-75.538458614999968,6.280429492000053]]]},"properties":{"OBJECTID":474,"Año":2020,"Tipo":"Vivienda","Aream2":68.859343500820032,"lenght":33.211481099226404,"Ubicacion":"Poligono general construcciones"}},{"type":"Feature","id":475,"geometry":{"type":"Polygon","coordinates":[[[-75.538474500999939,6.2804900900000575],[-75.538498384999968,6.2804908870000418],[-75.538476668999976,6.2804273960000501],[-75.538458614999968,6.280429492000053],[-75.538474500999939,6.2804900900000575]]]},"properties":{"OBJECTID":475,"Año":2020,"Tipo":"Vivienda","Aream2":16.0757719129533,"lenght":19.008150074999932,"Ubicacion":"Poligono general construcciones"}},{"type":"Feature","id":476,"geometry":{"type":"Polygon","coordinates":[[[-75.538413673999969,6.2805140390000247],[-75.538428670999963,6.2806010140000694],[-75.538492841999982,6.2805893220000257],[-75.538480043999982,6.2805168290000211],[-75.53847701899997,6.2804996940000706],[-75.538413673999969,6.2805140390000247]]]},"properties":{"OBJECTID":476,"Año":2020,"Tipo":"Vivienda","Aream2":71.374376502518203,"lenght":34.236114253558547,"Ubicacion":"Poligono general construcciones"}},{"type":"Feature","id":477,"geometry":{"type":"Polygon","coordinates":[[[-75.538480043999982,6.2805168290000211],[-75.538493132999974,6.280555024000023],[-75.538506240999936,6.2805932730000222],[-75.538530955999988,6.2805851200000689],[-75.538511122999978,6.2804961810000464],[-75.538480043999982,6.2805168290000211]]]},"properties":{"OBJECTID":477,"Año":2020,"Tipo":"Vivienda","Aream2":32.296441573011862,"lenght":26.026714455926502,"Ubicacion":"Poligono general construcciones"}},{"type":"Feature","id":478,"geometry":{"type":"Polygon","coordinates":[[[-75.538322314999959,6.2806048770000302],[-75.538356199999953,6.2806944180000528],[-75.538420662999954,6.2806814580000605],[-75.538421032999963,6.2806813840000473],[-75.538419083999941,6.2806741830000306],[-75.538397870999972,6.2805958080000437],[-75.538322314999959,6.2806048770000302]]]},"properties":{"OBJECTID":478,"Año":2020,"Tipo":"Vivienda","Aream2":79.096272899277594,"lenght":36.137351082555554,"Ubicacion":"Poligono general construcciones"}},{"type":"Feature","id":479,"geometry":{"type":"Polygon","coordinates":[[[-75.538419083999941,6.2806741830000306],[-75.538420662999954,6.2806814580000605],[-75.538425146999941,6.2807021170000326],[-75.53845724699994,6.2806992830000468],[-75.538449721999939,6.2806651780000493],[-75.538419083999941,6.2806741830000306]]]},"properties":{"OBJECTID":479,"Año":2020,"Tipo":"Vivienda","Aream2":12.403884229521521,"lenght":14.125422360715522,"Ubicacion":"Poligono general construcciones"}},{"type":"Feature","id":480,"geometry":{"type":"Polygon","coordinates":[[[-75.538250632999961,6.2805851420000636],[-75.538260716999957,6.2805951350000555],[-75.538272050999979,6.2805870460000506],[-75.538259258999972,6.2805703720000565],[-75.538250632999961,6.2805851420000636]]]},"properties":{"OBJECTID":480,"Año":2020,"Tipo":"Vivienda","Aream2":3.2292850676832803,"lenght":7.3286979323870138,"Ubicacion":"Poligono general construcciones"}},{"type":"Feature","id":481,"geometry":{"type":"Polygon","coordinates":[[[-75.53823517099994,6.2805698200000393],[-75.538250632999961,6.2805851420000636],[-75.538259258999972,6.2805703720000565],[-75.538250502999972,6.2805583650000472],[-75.53823517099994,6.2805698200000393]]]},"properties":{"OBJECTID":481,"Año":2020,"Tipo":"Vivienda","Aream2":3.9474593952001888,"lenght":8.0623236779312073,"Ubicacion":"Poligono general construcciones"}},{"type":"Feature","id":482,"geometry":{"type":"Polygon","coordinates":[[[-75.538250502999972,6.2805583650000472],[-75.538238424999975,6.2805510600000503],[-75.538231795999934,6.2805638120000253],[-75.53823517099994,6.2805698200000393],[-75.538250502999972,6.2805583650000472]]]},"properties":{"OBJECTID":482,"Año":2020,"Tipo":"Vivienda","Aream2":2.0395427129639407,"lenght":6.0318359139414142,"Ubicacion":"Poligono general construcciones"}},{"type":"Feature","id":483,"geometry":{"type":"Polygon","coordinates":[[[-75.538211478999983,6.2805414090000227],[-75.538208296999983,6.2805465190000405],[-75.538221053999962,6.2805558300000257],[-75.53822901999996,6.2805430720000572],[-75.538219582999943,6.280528390000029],[-75.538211478999983,6.2805414090000227]]]},"properties":{"OBJECTID":483,"Año":2020,"Tipo":"Vivienda","Aream2":3.5114308643029135,"lenght":7.7047017073368664,"Ubicacion":"Poligono general construcciones"}},{"type":"Feature","id":484,"geometry":{"type":"Polygon","coordinates":[[[-75.538203700999986,6.2805387240000528],[-75.538211478999983,6.2805414090000227],[-75.538219582999943,6.280528390000029],[-75.538201495999942,6.2805237920000536],[-75.538193523999951,6.2805352110000285],[-75.538203700999986,6.2805387240000528]]]},"properties":{"OBJECTID":484,"Año":2020,"Tipo":"Vivienda","Aream2":3.2266924512470712,"lenght":7.4046309485001114,"Ubicacion":"Poligono general construcciones"}},{"type":"Feature","id":485,"geometry":{"type":"Polygon","coordinates":[[[-75.538168217999953,6.2805594340000539],[-75.538202512999987,6.2805954170000291],[-75.538211177999983,6.2805886810000402],[-75.538186586999984,6.2805595390000235],[-75.538176858999975,6.2805480110000644],[-75.538168217999953,6.2805594340000539]]]},"properties":{"OBJECTID":485,"Año":2020,"Tipo":"Vivienda","Aream2":7.8728977500940172,"lenght":14.186180683640444,"Ubicacion":"Poligono general construcciones"}},{"type":"Feature","id":486,"geometry":{"type":"Polygon","coordinates":[[[-75.538176858999975,6.2805480110000644],[-75.538186586999984,6.2805595390000235],[-75.538203700999986,6.2805387240000528],[-75.538193523999951,6.2805352110000285],[-75.538176858999975,6.2805480110000644]]]},"properties":{"OBJECTID":486,"Año":2020,"Tipo":"Vivienda","Aream2":3.6025905446716364,"lenght":8.1667367947583305,"Ubicacion":"Poligono general construcciones"}},{"type":"Feature","id":487,"geometry":{"type":"Polygon","coordinates":[[[-75.538918760999934,6.2810962480000399],[-75.538900154999965,6.2811155340000369],[-75.538920994999955,6.2811361850000367],[-75.538993519999963,6.2810541620000322],[-75.538977373999955,6.281035495000026],[-75.538953680999953,6.2810600530000329],[-75.538918760999934,6.2810962480000399]]]},"properties":{"OBJECTID":487,"Año":2020,"Tipo":"Vivienda","Aream2":36.362491814717416,"lenght":30.395081727700198,"Ubicacion":"Poligono general construcciones"}},{"type":"Feature","id":488,"geometry":{"type":"Polygon","coordinates":[[[-75.538920994999955,6.2811361850000367],[-75.53893381599994,6.2811588840000354],[-75.539014385999963,6.2810801680000736],[-75.538993519999963,6.2810541620000322],[-75.538920994999955,6.2811361850000367]]]},"properties":{"OBJECTID":488,"Año":2020,"Tipo":"Vivienda","Aream2":39.390910404902961,"lenght":31.148810319983319,"Ubicacion":"Poligono general construcciones"}},{"type":"Feature","id":489,"geometry":{"type":"Polygon","coordinates":[[[-75.538808976999974,6.2810764790000349],[-75.538864738999962,6.2811244080000392],[-75.538874662999945,6.2811015990000669],[-75.538824915999953,6.2810523020000346],[-75.538808976999974,6.2810764790000349]]]},"properties":{"OBJECTID":489,"Año":2020,"Tipo":"Vivienda","Aream2":22.867057529468408,"lenght":21.839725225237284,"Ubicacion":"Poligono general construcciones"}},{"type":"Feature","id":490,"geometry":{"type":"Polygon","coordinates":[[[-75.538845893999962,6.281129824000061],[-75.538857447999987,6.281138502000033],[-75.538864738999962,6.2811244080000392],[-75.538808976999974,6.2810764790000349],[-75.538796343999934,6.2810926080000513],[-75.53881936199997,6.2811098960000322],[-75.538828886999966,6.2811170500000344],[-75.538845893999962,6.281129824000061]]]},"properties":{"OBJECTID":490,"Año":2020,"Tipo":"Vivienda","Aream2":16.530025968833129,"lenght":20.613601361753958,"Ubicacion":"Poligono general construcciones"}},{"type":"Feature","id":491,"geometry":{"type":"Polygon","coordinates":[[[-75.538813045999973,6.2811523450000664],[-75.538826823999955,6.2811671200000205],[-75.538845893999962,6.281129824000061],[-75.538828886999966,6.2811170500000344],[-75.538813045999973,6.2811523450000664]]]},"properties":{"OBJECTID":491,"Año":2020,"Tipo":"Vivienda","Aream2":9.7823872310468776,"lenght":13.501953769100201,"Ubicacion":"Poligono general construcciones"}},{"type":"Feature","id":492,"geometry":{"type":"Polygon","coordinates":[[[-75.538781751999977,6.2811187860000359],[-75.53880172099997,6.2811402010000279],[-75.53881936199997,6.2811098960000322],[-75.538796343999934,6.2810926080000513],[-75.538781751999977,6.2811187860000359]]]},"properties":{"OBJECTID":492,"Año":2020,"Tipo":"Vivienda","Aream2":11.248520859764117,"lenght":13.619424092437614,"Ubicacion":"Poligono general construcciones"}},{"type":"Feature","id":493,"geometry":{"type":"Polygon","coordinates":[[[-75.538729468999975,6.2810982880000665],[-75.538743385999965,6.2811072440000544],[-75.538741457999947,6.2810875180000494],[-75.538727422999955,6.2810902640000563],[-75.538729468999975,6.2810982880000665]]]},"properties":{"OBJECTID":493,"Año":2020,"Tipo":"Vivienda","Aream2":2.2983018801787232,"lenght":6.5222421102731101,"Ubicacion":"Poligono general construcciones"}},{"type":"Feature","id":494,"geometry":{"type":"Polygon","coordinates":[[[-75.538859473999935,6.2810575410000524],[-75.538856408999948,6.2810621910000464],[-75.538883986999963,6.2810928510000394],[-75.538930461999939,6.2810189870000386],[-75.538904004999949,6.2810034920000248],[-75.538897585999962,6.2809997330000442],[-75.538893702999985,6.2810056220000661],[-75.538859473999935,6.2810575410000524]]]},"properties":{"OBJECTID":494,"Año":2020,"Tipo":"Vivienda","Aream2":38.610881171551526,"lenght":26.708743289918324,"Ubicacion":"Poligono general construcciones"}},{"type":"Feature","id":495,"geometry":{"type":"Polygon","coordinates":[[[-75.538893702999985,6.2810056220000661],[-75.538873474999946,6.2809944940000264],[-75.538845636999952,6.2810481850000315],[-75.538859473999935,6.2810575410000524],[-75.538893702999985,6.2810056220000661]]]},"properties":{"OBJECTID":495,"Año":2020,"Tipo":"Vivienda","Aream2":14.90087676744835,"lenght":17.972898791371012,"Ubicacion":"Poligono general construcciones"}},{"type":"Feature","id":496,"geometry":{"type":"Polygon","coordinates":[[[-75.538930461999939,6.2810189870000386],[-75.538945244999979,6.281032304000064],[-75.538994553999942,6.2809912290000511],[-75.538948251999955,6.2809626680000292],[-75.538904004999949,6.2810034920000248],[-75.538930461999939,6.2810189870000386]]]},"properties":{"OBJECTID":496,"Año":2020,"Tipo":"Vivienda","Aream2":37.613925390602724,"lenght":25.376227572092098,"Ubicacion":"Poligono general construcciones"}},{"type":"Feature","id":497,"geometry":{"type":"Polygon","coordinates":[[[-75.538840595999943,6.2809745710000584],[-75.538863420999974,6.2809905260000392],[-75.538887293999949,6.2809468980000247],[-75.538854466999965,6.2809376840000368],[-75.538840595999943,6.2809745710000584]]]},"properties":{"OBJECTID":497,"Año":2020,"Tipo":"Vivienda","Aream2":16.620236386599693,"lenght":16.71566968049564,"Ubicacion":"Poligono general construcciones"}},{"type":"Feature","id":498,"geometry":{"type":"Polygon","coordinates":[[[-75.538804300999971,6.2809399360000384],[-75.538835880999954,6.2809678990000748],[-75.538854466999965,6.2809376840000368],[-75.538829534999934,6.2809009860000629],[-75.53881088199995,6.2809297770000398],[-75.538804300999971,6.2809399360000384]]]},"properties":{"OBJECTID":498,"Año":2020,"Tipo":"Vivienda","Aream2":20.633424809168201,"lenght":18.633753938323515,"Ubicacion":"Poligono general construcciones"}},{"type":"Feature","id":499,"geometry":{"type":"Polygon","coordinates":[[[-75.53876364599995,6.2810082630000466],[-75.538804121999988,6.2810410220000676],[-75.538840595999943,6.2809745710000584],[-75.538804300999971,6.2809399360000384],[-75.538786210999945,6.2809635530000492],[-75.538765506999937,6.2809905810000259],[-75.538756433999936,6.2810024260000432],[-75.53876364599995,6.2810082630000466]]]},"properties":{"OBJECTID":499,"Año":2020,"Tipo":"Vivienda","Aream2":52.042119267741874,"lenght":29.43316305507313,"Ubicacion":"Poligono general construcciones"}},{"type":"Feature","id":500,"geometry":{"type":"Polygon","coordinates":[[[-75.538604537999959,6.2809971390000214],[-75.538612476999958,6.2810040800000593],[-75.538638466999942,6.2810268020000422],[-75.538638803999959,6.2810270970000488],[-75.538643487999934,6.2810199590000479],[-75.538679438999964,6.2809651630000758],[-75.538684628999988,6.2809572530000537],[-75.53868444799997,6.2809571440000695],[-75.538652421999984,6.2809379950000448],[-75.538604537999959,6.2809971390000214]]]},"properties":{"OBJECTID":500,"Año":2020,"Tipo":"Vivienda","Aream2":40.354901602805441,"lenght":26.848843073263478,"Ubicacion":"Poligono general construcciones"}},{"type":"Feature","id":501,"geometry":{"type":"Polygon","coordinates":[[[-75.538643487999934,6.2810199590000479],[-75.538667665999981,6.281046371000059],[-75.538709519999941,6.2809865840000612],[-75.538679438999964,6.2809651630000758],[-75.538643487999934,6.2810199590000479]]]},"properties":{"OBJECTID":501,"Año":2020,"Tipo":"Vivienda","Aream2":30.41637550803696,"lenght":23.371947823507561,"Ubicacion":"Poligono general construcciones"}},{"type":"Feature","id":502,"geometry":{"type":"Polygon","coordinates":[[[-75.538730390999945,6.2810019510000643],[-75.538707754999962,6.2810354660000485],[-75.538736577999941,6.2810467060000406],[-75.53876364599995,6.2810082630000466],[-75.538756433999936,6.2810024260000432],[-75.538765506999937,6.2809905810000259],[-75.538744952999934,6.280980391000071],[-75.538730390999945,6.2810019510000643]]]},"properties":{"OBJECTID":502,"Año":2020,"Tipo":"Vivienda","Aream2":22.785118931294665,"lenght":21.1935037976424,"Ubicacion":"Poligono general construcciones"}},{"type":"Feature","id":503,"geometry":{"type":"Polygon","coordinates":[[[-75.53868444799997,6.2809571440000695],[-75.538679438999964,6.2809651630000758],[-75.538704153999959,6.2809825970000475],[-75.538722598999982,6.2809491230000276],[-75.538723385999958,6.2809476930000301],[-75.538708614999962,6.2809380820000342],[-75.538699895999969,6.2809324100000481],[-75.53868444799997,6.2809571440000695]]]},"properties":{"OBJECTID":503,"Año":2020,"Tipo":"Vivienda","Aream2":13.955204859433451,"lenght":15.128252067760927,"Ubicacion":"Poligono general construcciones"}},{"type":"Feature","id":504,"geometry":{"type":"Polygon","coordinates":[[[-75.538722598999982,6.2809491230000276],[-75.538704153999959,6.2809825970000475],[-75.538709519999941,6.2809865840000612],[-75.538717581999947,6.2809925730000487],[-75.538740185999984,6.2809630080000716],[-75.538723385999958,6.2809476930000301],[-75.538722598999982,6.2809491230000276]]]},"properties":{"OBJECTID":504,"Año":2020,"Tipo":"Vivienda","Aream2":9.2018800519435704,"lenght":12.892067352207693,"Ubicacion":"Poligono general construcciones"}},{"type":"Feature","id":505,"geometry":{"type":"Polygon","coordinates":[[[-75.538717581999947,6.2809925730000487],[-75.538730390999945,6.2810019510000643],[-75.538744952999934,6.280980391000071],[-75.53874198699998,6.2809695780000538],[-75.538740185999984,6.2809630080000716],[-75.538717581999947,6.2809925730000487]]]},"properties":{"OBJECTID":505,"Año":2020,"Tipo":"Vivienda","Aream2":5.7937235840062327,"lenght":10.745862709737279,"Ubicacion":"Poligono general construcciones"}},{"type":"Feature","id":506,"geometry":{"type":"Polygon","coordinates":[[[-75.538708614999962,6.2809380820000342],[-75.538722598999982,6.2809491230000276],[-75.538740185999984,6.2809630080000716],[-75.53874198699998,6.2809695780000538],[-75.538744952999934,6.280980391000071],[-75.538765506999937,6.2809905810000259],[-75.538786210999945,6.2809635530000492],[-75.53874949599998,6.2809428070000308],[-75.538727315999949,6.2809302680000201],[-75.538708614999962,6.2809380820000342]]]},"properties":{"OBJECTID":506,"Año":2020,"Tipo":"Vivienda","Aream2":23.114592249077468,"lenght":22.478963399171722,"Ubicacion":"Poligono general construcciones"}},{"type":"Feature","id":507,"geometry":{"type":"Polygon","coordinates":[[[-75.538797736999982,6.2808472370000459],[-75.538791062999962,6.2808707120000236],[-75.538777436999965,6.2809186440000531],[-75.53881088199995,6.2809297770000398],[-75.538826634999964,6.2808548090000613],[-75.538797828999975,6.2808469150000406],[-75.538797736999982,6.2808472370000459]]]},"properties":{"OBJECTID":507,"Año":2020,"Tipo":"Vivienda","Aream2":30.052454134151045,"lenght":23.928292094199797,"Ubicacion":"Poligono general construcciones"}},{"type":"Feature","id":508,"geometry":{"type":"Polygon","coordinates":[[[-75.538763802999938,6.2808664950000548],[-75.538791062999962,6.2808707120000236],[-75.538797736999982,6.2808472370000459],[-75.538797828999975,6.2808469150000406],[-75.53878253299996,6.2808432530000573],[-75.538767686999961,6.2808396970000331],[-75.538763802999938,6.2808664950000548]]]},"properties":{"OBJECTID":508,"Año":2020,"Tipo":"Vivienda","Aream2":9.2605548088659138,"lenght":12.214645552959972,"Ubicacion":"Poligono general construcciones"}},{"type":"Feature","id":509,"geometry":{"type":"Polygon","coordinates":[[[-75.53874949599998,6.2809428070000308],[-75.538786210999945,6.2809635530000492],[-75.53881088199995,6.2809297770000398],[-75.538777436999965,6.2809186440000531],[-75.538791062999962,6.2808707120000236],[-75.538763802999938,6.2808664950000548],[-75.53874949599998,6.2809428070000308]]]},"properties":{"OBJECTID":509,"Año":2020,"Tipo":"Vivienda","Aream2":36.857397335592445,"lenght":30.347559399783293,"Ubicacion":"Poligono general construcciones"}},{"type":"Feature","id":510,"geometry":{"type":"Polygon","coordinates":[[[-75.53878253299996,6.2808432530000573],[-75.538797736999982,6.2808472370000459],[-75.538826634999964,6.2808548090000613],[-75.538858412999957,6.2807857020000597],[-75.538802131999944,6.2807685700000206],[-75.53878253299996,6.2808432530000573]]]},"properties":{"OBJECTID":510,"Año":2020,"Tipo":"Vivienda","Aream2":48.68427247226257,"lenght":28.510908108308698,"Ubicacion":"Poligono general construcciones"}},{"type":"Feature","id":511,"geometry":{"type":"Polygon","coordinates":[[[-75.538767686999961,6.2808396970000331],[-75.538790751999954,6.2807672860000707],[-75.538745217999974,6.2807588040000724],[-75.538731501999962,6.2808278240000277],[-75.538767686999961,6.2808396970000331]]]},"properties":{"OBJECTID":511,"Año":2020,"Tipo":"Vivienda","Aream2":37.661722738441263,"lenght":25.530379597054147,"Ubicacion":"Poligono general construcciones"}},{"type":"Feature","id":512,"geometry":{"type":"Polygon","coordinates":[[[-75.538935540999944,6.2808248250000247],[-75.538888053999983,6.2808277330000237],[-75.538850338999964,6.2809142740000539],[-75.538887293999949,6.2809468980000247],[-75.538935540999944,6.2808248250000247]]]},"properties":{"OBJECTID":512,"Año":2020,"Tipo":"Vivienda","Aream2":61.728307744712588,"lenght":35.681974392519621,"Ubicacion":"Poligono general construcciones"}},{"type":"Feature","id":513,"geometry":{"type":"Polygon","coordinates":[[[-75.538887293999949,6.2809468980000247],[-75.538918854999963,6.2809708440000236],[-75.538980404999961,6.2808326410000745],[-75.538935540999944,6.2808248250000247],[-75.538887293999949,6.2809468980000247]]]},"properties":{"OBJECTID":513,"Año":2020,"Tipo":"Vivienda","Aream2":71.548218853012415,"lenght":40.678717662253312,"Ubicacion":"Poligono general construcciones"}},{"type":"Feature","id":514,"geometry":{"type":"Polygon","coordinates":[[[-75.539001513999949,6.2808859110000412],[-75.539044988999933,6.2809066350000649],[-75.539072224999984,6.280866336000031],[-75.539011811999956,6.2808251240000459],[-75.538987989999953,6.280879465000055],[-75.539001513999949,6.2808859110000412]]]},"properties":{"OBJECTID":514,"Año":2020,"Tipo":"Vivienda","Aream2":44.691334882646949,"lenght":27.024095793690748,"Ubicacion":"Poligono general construcciones"}},{"type":"Feature","id":515,"geometry":{"type":"Polygon","coordinates":[[[-75.538983482999981,6.2809156360000316],[-75.539025743999957,6.2809388610000383],[-75.539044988999933,6.2809066350000649],[-75.539001513999949,6.2808859110000412],[-75.538983482999981,6.2809156360000316]]]},"properties":{"OBJECTID":515,"Año":2020,"Tipo":"Vivienda","Aream2":21.268555296536157,"lenght":18.664325031579359,"Ubicacion":"Poligono general construcciones"}},{"type":"Feature","id":516,"geometry":{"type":"Polygon","coordinates":[[[-75.539057280999941,6.2809581220000723],[-75.539080675999969,6.280966999000043],[-75.539122093999936,6.2808789260000708],[-75.539095005999968,6.2808735890000662],[-75.539057280999941,6.2809581220000723]]]},"properties":{"OBJECTID":516,"Año":2020,"Tipo":"Vivienda","Aream2":30.10975622524742,"lenght":26.830646899292574,"Ubicacion":"Poligono general construcciones"}},{"type":"Feature","id":517,"geometry":{"type":"Polygon","coordinates":[[[-75.538970842999959,6.280930425000065],[-75.539022469999964,6.2809536050000361],[-75.539025743999957,6.2809388610000383],[-75.538983482999981,6.2809156360000316],[-75.538970842999959,6.280930425000065]]]},"properties":{"OBJECTID":517,"Año":2020,"Tipo":"Vivienda","Aream2":10.745816928127573,"lenght":15.421894558484119,"Ubicacion":"Poligono general construcciones"}},{"type":"Feature","id":518,"geometry":{"type":"Polygon","coordinates":[[[-75.538964183999951,6.2809431980000454],[-75.538958248999961,6.280954586000064],[-75.539019297999971,6.2809891010000456],[-75.539035869999964,6.2809575560000326],[-75.539022469999964,6.2809536050000361],[-75.538970842999959,6.280930425000065],[-75.538964183999951,6.2809431980000454]]]},"properties":{"OBJECTID":518,"Año":2020,"Tipo":"Vivienda","Aream2":26.34345429909499,"lenght":22.52515767678975,"Ubicacion":"Poligono general construcciones"}},{"type":"Feature","id":519,"geometry":{"type":"Polygon","coordinates":[[[-75.538983482999981,6.2809156360000316],[-75.538968072999978,6.2809110250000231],[-75.538951457999985,6.2809338660000549],[-75.538964183999951,6.2809431980000454],[-75.538970842999959,6.280930425000065],[-75.538983482999981,6.2809156360000316]]]},"properties":{"OBJECTID":519,"Año":2020,"Tipo":"Vivienda","Aream2":5.4870734517420283,"lenght":10.396895257988456,"Ubicacion":"Poligono general construcciones"}},{"type":"Feature","id":520,"geometry":{"type":"Polygon","coordinates":[[[-75.539057280999941,6.2809581220000723],[-75.539021401999946,6.2810091740000757],[-75.539051574999974,6.2810230850000721],[-75.539068251999936,6.2809934180000369],[-75.539080675999969,6.280966999000043],[-75.539057280999941,6.2809581220000723]]]},"properties":{"OBJECTID":520,"Año":2020,"Tipo":"Vivienda","Aream2":22.536379072633576,"lenght":20.343488728438544,"Ubicacion":"Poligono general construcciones"}},{"type":"Feature","id":521,"geometry":{"type":"Polygon","coordinates":[[[-75.538953680999953,6.2810600530000329],[-75.538921263999953,6.2810539270000731],[-75.538896393999948,6.28109902500006],[-75.538918760999934,6.2810962480000399],[-75.538953680999953,6.2810600530000329]]]},"properties":{"OBJECTID":521,"Año":2020,"Tipo":"Vivienda","Aream2":14.242308228830716,"lenght":17.407347299095399,"Ubicacion":"Poligono general construcciones"}},{"type":"Feature","id":522,"geometry":{"type":"Polygon","coordinates":[[[-75.538736752999966,6.2811602820000303],[-75.538751071999968,6.2811604680000528],[-75.538751395999952,6.2811390440000423],[-75.538741644999959,6.2811389520000489],[-75.538736752999966,6.2811602820000303]]]},"properties":{"OBJECTID":522,"Año":2020,"Tipo":"Vivienda","Aream2":3.1538247071781043,"lenght":7.4546278377408717,"Ubicacion":"Poligono general construcciones"}},{"type":"Feature","id":523,"geometry":{"type":"Polygon","coordinates":[[[-75.538644225999974,6.2810500410000714],[-75.538602812999954,6.281132876000072],[-75.538636395999958,6.2811599090000527],[-75.53867048099994,6.2810750180000241],[-75.538644225999974,6.2810500410000714]]]},"properties":{"OBJECTID":523,"Año":2020,"Tipo":"Vivienda","Aream2":42.73198997284355,"lenght":29.143291610526894,"Ubicacion":"Poligono general construcciones"}},{"type":"Feature","id":524,"geometry":{"type":"Polygon","coordinates":[[[-75.538630575999946,6.281037556000058],[-75.538565957999936,6.2810776170000509],[-75.538576588999945,6.2811141760000737],[-75.538644225999974,6.2810500410000714],[-75.538630575999946,6.281037556000058]]]},"properties":{"OBJECTID":524,"Año":2020,"Tipo":"Vivienda","Aream2":27.593157016081229,"lenght":24.984204298071464,"Ubicacion":"Poligono general construcciones"}},{"type":"Feature","id":525,"geometry":{"type":"Polygon","coordinates":[[[-75.538601245999985,6.2810251460000472],[-75.538630575999946,6.281037556000058],[-75.538638466999942,6.2810268020000422],[-75.538643487999934,6.2810199590000479],[-75.538612476999958,6.2810040800000593],[-75.538601245999985,6.2810251460000472]]]},"properties":{"OBJECTID":525,"Año":2020,"Tipo":"Vivienda","Aream2":9.2299074301266373,"lenght":12.435311352532061,"Ubicacion":"Poligono general construcciones"}},{"type":"Feature","id":526,"geometry":{"type":"Polygon","coordinates":[[[-75.53859496299998,6.2812385600000766],[-75.538630635999937,6.2812655830000494],[-75.53864721399998,6.2812351690000696],[-75.538616787999956,6.2812123050000537],[-75.53859496299998,6.2812385600000766]]]},"properties":{"OBJECTID":526,"Año":2020,"Tipo":"Vivienda","Aream2":17.326477598763294,"lenght":16.772269587126697,"Ubicacion":"Zonas verdes"}},{"type":"Feature","id":527,"geometry":{"type":"Polygon","coordinates":[[[-75.539444813999978,6.2810179130000279],[-75.539446269999985,6.281102631000067],[-75.53952159399995,6.2811148180000487],[-75.539522192999982,6.2810227670000245],[-75.539483608999944,6.281020346000048],[-75.53946063799998,6.2810189050000531],[-75.539444813999978,6.2810179130000279]]]},"properties":{"OBJECTID":527,"Año":2020,"Tipo":"Vivienda","Aream2":82.564704668196327,"lenght":36.579049616697631,"Ubicacion":"Poligono general construcciones"}},{"type":"Feature","id":528,"geometry":{"type":"Polygon","coordinates":[[[-75.539388127999985,6.2810530870000321],[-75.53938629299995,6.281072229000074],[-75.539437575999955,6.2810838360000503],[-75.539444813999978,6.2810179130000279],[-75.539394485999935,6.2809867770000665],[-75.539388127999985,6.2810530870000321]]]},"properties":{"OBJECTID":528,"Año":2020,"Tipo":"Vivienda","Aream2":49.091323774268311,"lenght":29.198293217904883,"Ubicacion":"Poligono general construcciones"}},{"type":"Feature","id":529,"geometry":{"type":"Polygon","coordinates":[[[-75.539350879999972,6.2810487030000672],[-75.539388127999985,6.2810530870000321],[-75.539394485999935,6.2809867770000665],[-75.539349494999954,6.2809786270000245],[-75.539367367999944,6.2809994610000217],[-75.539350879999972,6.2810487030000672]]]},"properties":{"OBJECTID":529,"Año":2020,"Tipo":"Vivienda","Aream2":27.027195191755713,"lenght":25.360256389553761,"Ubicacion":"Poligono general construcciones"}},{"type":"Feature","id":530,"geometry":{"type":"Polygon","coordinates":[[[-75.53931879199996,6.2809910990000617],[-75.539305824999985,6.2810269550000726],[-75.539350879999972,6.2810487030000672],[-75.539367367999944,6.2809994610000217],[-75.539349494999954,6.2809786270000245],[-75.539324392999958,6.2809756110000308],[-75.53931879199996,6.2809910990000617]]]},"properties":{"OBJECTID":530,"Año":2020,"Tipo":"Vivienda","Aream2":34.861275571480434,"lenght":23.15491616326026,"Ubicacion":"Poligono general construcciones"}},{"type":"Feature","id":531,"geometry":{"type":"Polygon","coordinates":[[[-75.53931879199996,6.2809910990000617],[-75.539327416999981,6.2809525850000227],[-75.539298070999962,6.2809370370000579],[-75.53928676999999,6.2809778860000733],[-75.53931879199996,6.2809910990000617]]]},"properties":{"OBJECTID":531,"Año":2020,"Tipo":"Vivienda","Aream2":16.658932993576926,"lenght":16.562294311303681,"Ubicacion":"Poligono general construcciones"}},{"type":"Feature","id":532,"geometry":{"type":"Polygon","coordinates":[[[-75.539163030999987,6.2808979450000493],[-75.539269877999971,6.2809434500000521],[-75.539290535999953,6.2808920960000592],[-75.539199516999986,6.2808438400000455],[-75.539188875999969,6.2808381970000369],[-75.539163030999987,6.2808979450000493]]]},"properties":{"OBJECTID":532,"Año":2020,"Tipo":"Vivienda","Aream2":85.041131461386414,"lenght":38.909002988316047,"Ubicacion":"Poligono general construcciones"}},{"type":"Feature","id":533,"geometry":{"type":"Polygon","coordinates":[[[-75.539163030999987,6.2808979450000493],[-75.539147690999982,6.2809681010000418],[-75.539241947999983,6.2810042540000381],[-75.539269877999971,6.2809434500000521],[-75.539163030999987,6.2808979450000493]]]},"properties":{"OBJECTID":533,"Año":2020,"Tipo":"Vivienda","Aream2":91.412952710055649,"lenght":39.369003508440159,"Ubicacion":"Poligono general construcciones"}},{"type":"Feature","id":534,"geometry":{"type":"Polygon","coordinates":[[[-75.539199516999986,6.2808438400000455],[-75.539290535999953,6.2808920960000592],[-75.539309118999938,6.2808438890000389],[-75.539243043999988,6.2807992320000494],[-75.539199516999986,6.2808438400000455]]]},"properties":{"OBJECTID":534,"Año":2020,"Tipo":"Vivienda","Aream2":62.283117934109058,"lenght":32.835593609413657,"Ubicacion":"Poligono general construcciones"}},{"type":"Feature","id":535,"geometry":{"type":"Polygon","coordinates":[[[-75.539243043999988,6.2807992320000494],[-75.539309118999938,6.2808438890000389],[-75.539328918999956,6.280831241000044],[-75.539326498999969,6.2808285930000238],[-75.539314348999937,6.2808152950000249],[-75.539258505999953,6.2807541790000414],[-75.539243043999988,6.2807992320000494]]]},"properties":{"OBJECTID":535,"Año":2020,"Tipo":"Vivienda","Aream2":37.237221285156089,"lenght":28.242514413564912,"Ubicacion":"Poligono general construcciones"}},{"type":"Feature","id":536,"geometry":{"type":"Polygon","coordinates":[[[-75.539258505999953,6.2807541790000414],[-75.539314348999937,6.2808152950000249],[-75.539317202999939,6.2807863200000611],[-75.539293895999947,6.2807226270000456],[-75.539258505999953,6.2807541790000414]]]},"properties":{"OBJECTID":536,"Año":2020,"Tipo":"Vivienda","Aream2":29.269091759051058,"lenght":25.128017639587725,"Ubicacion":"Poligono general construcciones"}},{"type":"Feature","id":537,"geometry":{"type":"Polygon","coordinates":[[[-75.539315578999947,6.280667084000072],[-75.539309499999945,6.2807068610000556],[-75.539293895999947,6.2807226270000456],[-75.539317202999939,6.2807863200000611],[-75.539314348999937,6.2808152950000249],[-75.539326498999969,6.2808285930000238],[-75.539328918999956,6.280831241000044],[-75.539341386999979,6.2808154900000659],[-75.53935043499996,6.2807411810000531],[-75.539333263999936,6.2806492170000752],[-75.539315578999947,6.280667084000072]]]},"properties":{"OBJECTID":537,"Año":2020,"Tipo":"Vivienda","Aream2":69.733633613148243,"lenght":43.649133274905871,"Ubicacion":"Poligono general construcciones"}},{"type":"Feature","id":538,"geometry":{"type":"Polygon","coordinates":[[[-75.539363364999986,6.2806051380000554],[-75.539359527999977,6.2806762840000374],[-75.539400280999985,6.2806729490000635],[-75.539390542999968,6.2806050060000302],[-75.539363364999986,6.2806051380000554]]]},"properties":{"OBJECTID":538,"Año":2020,"Tipo":"Vivienda","Aream2":28.978385336579521,"lenght":23.005955725933493,"Ubicacion":"Poligono general construcciones"}},{"type":"Feature","id":539,"geometry":{"type":"Polygon","coordinates":[[[-75.539326498999969,6.2808285930000238],[-75.539309118999938,6.2808438890000389],[-75.539312548999987,6.2809045400000514],[-75.539339762999987,6.2809117300000707],[-75.539341386999979,6.2808154900000659],[-75.539326498999969,6.2808285930000238]]]},"properties":{"OBJECTID":539,"Año":2020,"Tipo":"Vivienda","Aream2":28.67714974558648,"lenght":25.236771573748722,"Ubicacion":"Poligono general construcciones"}},{"type":"Feature","id":540,"geometry":{"type":"Polygon","coordinates":[[[-75.539406783999937,6.2808948500000383],[-75.539457829999947,6.2808996520000733],[-75.539460645999952,6.2808337390000588],[-75.539439417999972,6.2808279810000727],[-75.53940993599997,6.2808199830000717],[-75.539381094999953,6.2808121600000391],[-75.539362658999949,6.2808907000000431],[-75.539406783999937,6.2808948500000383]]]},"properties":{"OBJECTID":540,"Año":2020,"Tipo":"Vivienda","Aream2":79.226491929564915,"lenght":35.922232155850757,"Ubicacion":"Poligono general construcciones"}},{"type":"Feature","id":541,"geometry":{"type":"Polygon","coordinates":[[[-75.539396281999984,6.2809261010000341],[-75.539449633999936,6.2809342090000655],[-75.539457829999947,6.2808996520000733],[-75.539406783999937,6.2808948500000383],[-75.539396281999984,6.2809261010000341]]]},"properties":{"OBJECTID":541,"Año":2020,"Tipo":"Vivienda","Aream2":21.764167782041707,"lenght":19.222089143108384,"Ubicacion":"Poligono general construcciones"}},{"type":"Feature","id":542,"geometry":{"type":"Polygon","coordinates":[[[-75.539392526999961,6.2809618650000516],[-75.539438333999954,6.2809750580000241],[-75.539449633999936,6.2809342090000655],[-75.539396281999984,6.2809261010000341],[-75.539377617999946,6.2809575710000445],[-75.539392526999961,6.2809618650000516]]]},"properties":{"OBJECTID":542,"Año":2020,"Tipo":"Vivienda","Aream2":27.592942134587446,"lenght":21.700711117724595,"Ubicacion":"Poligono general construcciones"}},{"type":"Feature","id":543,"geometry":{"type":"Polygon","coordinates":[[[-75.539394485999935,6.2809867770000665],[-75.539433208999981,6.2809960030000411],[-75.539438333999954,6.2809750580000241],[-75.539392526999961,6.2809618650000516],[-75.539394485999935,6.2809867770000665]]]},"properties":{"OBJECTID":543,"Año":2020,"Tipo":"Vivienda","Aream2":12.080104584654679,"lenght":14.830084939728852,"Ubicacion":"Poligono general construcciones"}},{"type":"Feature","id":544,"geometry":{"type":"Polygon","coordinates":[[[-75.53946063799998,6.2810189050000531],[-75.539483608999944,6.281020346000048],[-75.539483317999952,6.2809821620000434],[-75.539455094999937,6.2809822980000263],[-75.53946063799998,6.2810189050000531]]]},"properties":{"OBJECTID":544,"Año":2020,"Tipo":"Vivienda","Aream2":11.694395670436366,"lenght":13.989689717320683,"Ubicacion":"Poligono general construcciones"}},{"type":"Feature","id":545,"geometry":{"type":"Polygon","coordinates":[[[-75.53940993599997,6.2808199830000717],[-75.539439417999972,6.2808279810000727],[-75.539437415999942,6.2807857360000412],[-75.539414423999972,6.2807868940000731],[-75.53940993599997,6.2808199830000717]]]},"properties":{"OBJECTID":545,"Año":2020,"Tipo":"Vivienda","Aream2":12.149915188247148,"lenght":14.299872469953188,"Ubicacion":"Poligono general construcciones"}},{"type":"Feature","id":546,"geometry":{"type":"Polygon","coordinates":[[[-75.539381094999953,6.2808121600000391],[-75.53940993599997,6.2808199830000717],[-75.539414423999972,6.2807868940000731],[-75.539390350999952,6.2807807350000644],[-75.539381094999953,6.2808121600000391]]]},"properties":{"OBJECTID":546,"Año":2020,"Tipo":"Vivienda","Aream2":11.035272593004544,"lenght":13.374264190694321,"Ubicacion":"Poligono general construcciones"}},{"type":"Feature","id":547,"geometry":{"type":"Polygon","coordinates":[[[-75.539390350999952,6.2807807350000644],[-75.539437415999942,6.2807857360000412],[-75.539425734999952,6.2807481380000354],[-75.539383464999958,6.2807415800000399],[-75.539373426999987,6.2807400230000212],[-75.539366231999963,6.2807651630000692],[-75.539390350999952,6.2807807350000644]]]},"properties":{"OBJECTID":547,"Año":2020,"Tipo":"Vivienda","Aream2":27.064476051875801,"lenght":21.520769162917659,"Ubicacion":"Poligono general construcciones"}},{"type":"Feature","id":548,"geometry":{"type":"Polygon","coordinates":[[[-75.539383464999958,6.2807415800000399],[-75.539425734999952,6.2807481380000354],[-75.539439753999943,6.2807330860000548],[-75.539428695999959,6.2806966040000702],[-75.539388868999936,6.2806907860000365],[-75.539383464999958,6.2807415800000399]]]},"properties":{"OBJECTID":548,"Año":2020,"Tipo":"Vivienda","Aream2":30.175617179130168,"lenght":21.33110372180596,"Ubicacion":"Poligono general construcciones"}},{"type":"Feature","id":549,"geometry":{"type":"Polygon","coordinates":[[[-75.539199734999954,6.2807063490000701],[-75.539244921999966,6.2807552910000481],[-75.539299969999945,6.2806818040000394],[-75.539226664999944,6.2806549630000745],[-75.539199734999954,6.2807063490000701]]]},"properties":{"OBJECTID":549,"Año":2020,"Tipo":"Vivienda","Aream2":64.295277872939764,"lenght":32.584808070637486,"Ubicacion":"Poligono general construcciones"}},{"type":"Feature","id":550,"geometry":{"type":"Polygon","coordinates":[[[-75.539132761999952,6.2806920300000684],[-75.539184084999988,6.2807127010000272],[-75.539195390999964,6.2806728980000344],[-75.539163970999937,6.2806604980000316],[-75.539161901999989,6.2806381320000355],[-75.539151263999941,6.2806270880000739],[-75.539132761999952,6.2806920300000684]]]},"properties":{"OBJECTID":550,"Año":2020,"Tipo":"Vivienda","Aream2":32.517600909648607,"lenght":26.088264684242954,"Ubicacion":"Poligono general construcciones"}},{"type":"Feature","id":551,"geometry":{"type":"Polygon","coordinates":[[[-75.539051180999934,6.2806830110000647],[-75.539105619999987,6.2806994830000349],[-75.539123059999952,6.2806314080000334],[-75.539077009999971,6.2806201260000307],[-75.539051180999934,6.2806830110000647]]]},"properties":{"OBJECTID":551,"Año":2020,"Tipo":"Vivienda","Aream2":43.949739545074408,"lenght":26.834725483146087,"Ubicacion":"Poligono general construcciones"}},{"type":"Feature","id":552,"geometry":{"type":"Polygon","coordinates":[[[-75.539012502999981,6.2806497670000567],[-75.539007221999952,6.2806717190000541],[-75.539035501999933,6.2806830880000462],[-75.539057118999949,6.280613947000063],[-75.539022591999981,6.2806078380000372],[-75.539018551999959,6.2806246260000762],[-75.539012502999981,6.2806497670000567]]]},"properties":{"OBJECTID":552,"Año":2020,"Tipo":"Vivienda","Aream2":27.547308781239153,"lenght":22.534191848938754,"Ubicacion":"Poligono general construcciones"}},{"type":"Feature","id":553,"geometry":{"type":"Polygon","coordinates":[[[-75.539018551999959,6.2806246260000762],[-75.539003862999948,6.2806257110000274],[-75.538993494999943,6.2806435440000428],[-75.539012502999981,6.2806497670000567],[-75.539018551999959,6.2806246260000762]]]},"properties":{"OBJECTID":553,"Año":2020,"Tipo":"Vivienda","Aream2":4.6898484003604928,"lenght":8.9857670080116367,"Ubicacion":"Poligono general construcciones"}},{"type":"Feature","id":554,"geometry":{"type":"Polygon","coordinates":[[[-75.539127118999943,6.280821761000027],[-75.539166953999938,6.2808445800000641],[-75.539209537999966,6.2807878880000203],[-75.539157084999943,6.280749442000058],[-75.539127118999943,6.280821761000027]]]},"properties":{"OBJECTID":554,"Año":2020,"Tipo":"Vivienda","Aream2":50.039914602557282,"lenght":28.7797057604485,"Ubicacion":"Poligono general construcciones"}},{"type":"Feature","id":555,"geometry":{"type":"Polygon","coordinates":[[[-75.539038154999957,6.2807991810000203],[-75.53908221599994,6.2808313930000281],[-75.539124577999985,6.2807286790000489],[-75.539068037999982,6.2807101260000309],[-75.539038154999957,6.2807991810000203]]]},"properties":{"OBJECTID":555,"Año":2020,"Tipo":"Vivienda","Aream2":70.265054001872556,"lenght":35.305662895062234,"Ubicacion":"Poligono general construcciones"}},{"type":"Feature","id":556,"geometry":{"type":"Polygon","coordinates":[[[-75.538962581999954,6.2807357410000577],[-75.53902547399997,6.2807710000000725],[-75.539041934999943,6.2807165280000277],[-75.538984289999973,6.2806854290000729],[-75.538962581999954,6.2807357410000577]]]},"properties":{"OBJECTID":556,"Año":2020,"Tipo":"Vivienda","Aream2":46.404878958824142,"lenght":27.582505121423516,"Ubicacion":"Poligono general construcciones"}},{"type":"Feature","id":557,"geometry":{"type":"Polygon","coordinates":[[[-75.538962581999954,6.2807357410000577],[-75.538942973999951,6.2807881370000587],[-75.539011811999956,6.2808251240000459],[-75.53902547399997,6.2807710000000725],[-75.538962581999954,6.2807357410000577]]]},"properties":{"OBJECTID":557,"Año":2020,"Tipo":"Vivienda","Aream2":50.298691033571558,"lenght":28.989087760469534,"Ubicacion":"Poligono general construcciones"}},{"type":"Feature","id":558,"geometry":{"type":"Polygon","coordinates":[[[-75.538920976999975,6.2807449580000707],[-75.538939664999987,6.2807525890000306],[-75.538953016999983,6.2807033620000539],[-75.538894385999981,6.2806848190000437],[-75.538878913999952,6.2807277800000634],[-75.538920976999975,6.2807449580000707]]]},"properties":{"OBJECTID":558,"Año":2020,"Tipo":"Vivienda","Aream2":37.505560899316443,"lenght":24.760183071571412,"Ubicacion":"Poligono general construcciones"}},{"type":"Feature","id":559,"geometry":{"type":"Polygon","coordinates":[[[-75.538878913999952,6.2807277800000634],[-75.538875021999957,6.2807874210000705],[-75.538913729999933,6.2807935090000342],[-75.538920976999975,6.2807449580000707],[-75.538878913999952,6.2807277800000634]]]},"properties":{"OBJECTID":559,"Año":2020,"Tipo":"Vivienda","Aream2":27.536992705458111,"lenght":21.405172811534129,"Ubicacion":"Poligono general construcciones"}},{"type":"Feature","id":560,"geometry":{"type":"Polygon","coordinates":[[[-75.538798200999963,6.2806821480000394],[-75.538775491999957,6.2807418800000505],[-75.538824724999984,6.2807625610000741],[-75.538841154999943,6.2807018130000642],[-75.538798200999963,6.2806821480000394]]]},"properties":{"OBJECTID":560,"Año":2020,"Tipo":"Vivienda","Aream2":38.823185389468385,"lenght":25.167009982151583,"Ubicacion":"Poligono general construcciones"}},{"type":"Feature","id":561,"geometry":{"type":"Polygon","coordinates":[[[-75.538841154999943,6.2807018130000642],[-75.538864198999988,6.280711115000031],[-75.538862965999954,6.2806724190000409],[-75.538825464999945,6.2806612890000224],[-75.538807481999982,6.2806559530000641],[-75.538798200999963,6.2806821480000394],[-75.538841154999943,6.2807018130000642]]]},"properties":{"OBJECTID":561,"Año":2020,"Tipo":"Vivienda","Aream2":25.57252112841342,"lenght":21.739387066341578,"Ubicacion":"Poligono general construcciones"}},{"type":"Feature","id":562,"geometry":{"type":"Polygon","coordinates":[[[-75.538716821999969,6.2807149690000301],[-75.538755560999959,6.2807273330000726],[-75.538778202999936,6.2806540030000519],[-75.538738403999957,6.2806385060000594],[-75.538716821999969,6.2807149690000301]]]},"properties":{"OBJECTID":562,"Año":2020,"Tipo":"Vivienda","Aream2":39.774272133202892,"lenght":26.504078925013424,"Ubicacion":"Poligono general construcciones"}},{"type":"Feature","id":563,"geometry":{"type":"Polygon","coordinates":[[[-75.538039136999942,6.280322558000023],[-75.538109642999984,6.2803912420000643],[-75.538175918999968,6.280323084000031],[-75.538101854999979,6.2802567970000496],[-75.538039136999942,6.280322558000023]]]},"properties":{"OBJECTID":563,"Año":2020,"Tipo":"Vivienda","Aream2":112.53310103428963,"lenght":42.460806089411228,"Ubicacion":"Poligono general construcciones"}},{"type":"Feature","id":564,"geometry":{"type":"Polygon","coordinates":[[[-75.537865421999982,6.2801771930000427],[-75.537917222999965,6.2801993770000308],[-75.537931321999963,6.2801636040000517],[-75.537841901999968,6.2801188140000477],[-75.53781829899998,6.2801570120000747],[-75.537865421999982,6.2801771930000427]]]},"properties":{"OBJECTID":564,"Año":2020,"Tipo":"Vivienda","Aream2":52.693234790047455,"lenght":32.197017135249922,"Ubicacion":"Zonas verdes"}},{"type":"Feature","id":565,"geometry":{"type":"Polygon","coordinates":[[[-75.537846931999979,6.2802109720000203],[-75.537845924999942,6.2802128130000483],[-75.537882645999957,6.280230963000065],[-75.537900767999986,6.2802399210000317],[-75.537917222999965,6.2801993770000308],[-75.537865421999982,6.2801771930000427],[-75.537846931999979,6.2802109720000203]]]},"properties":{"OBJECTID":565,"Año":2020,"Tipo":"Vivienda","Aream2":30.280988253014559,"lenght":22.338224746597437,"Ubicacion":"Zonas verdes"}},{"type":"Feature","id":566,"geometry":{"type":"Polygon","coordinates":[[[-75.53779523999998,6.2802213530000586],[-75.537856805999979,6.2802622340000767],[-75.537882645999957,6.280230963000065],[-75.537846931999979,6.2802109720000203],[-75.537810134999972,6.2801903750000747],[-75.53779523999998,6.2802213530000586]]]},"properties":{"OBJECTID":566,"Año":2020,"Tipo":"Vivienda","Aream2":35.698598559776578,"lenght":25.663493689248348,"Ubicacion":"Zonas verdes"}},{"type":"Feature","id":567,"geometry":{"type":"Polygon","coordinates":[[[-75.537763352999946,6.2802001800000653],[-75.53779523999998,6.2802213530000586],[-75.537810134999972,6.2801903750000747],[-75.537767283999983,6.280183442000066],[-75.537763352999946,6.2802001800000653]]]},"properties":{"OBJECTID":567,"Año":2020,"Tipo":"Vivienda","Aream2":12.533182902915685,"lenght":14.743686699367323,"Ubicacion":"Zonas verdes"}},{"type":"Feature","id":568,"geometry":{"type":"Polygon","coordinates":[[[-75.537776081999937,6.2801311680000254],[-75.537708812999938,6.2801251280000656],[-75.537723435999965,6.2801736750000714],[-75.537763352999946,6.2802001800000653],[-75.537767283999983,6.280183442000066],[-75.537787253999966,6.2801321700000585],[-75.537776081999937,6.2801311680000254]]]},"properties":{"OBJECTID":568,"Año":2020,"Tipo":"Vivienda","Aream2":42.358940634265956,"lenght":27.614914657420801,"Ubicacion":"Zonas verdes"}},{"type":"Feature","id":569,"geometry":{"type":"Polygon","coordinates":[[[-75.537776081999937,6.2801311680000254],[-75.537784754999961,6.2801071900000238],[-75.537751726999943,6.2800922930000525],[-75.537730162999935,6.2801087920000214],[-75.537776081999937,6.2801311680000254]]]},"properties":{"OBJECTID":569,"Año":2020,"Tipo":"Vivienda","Aream2":13.228620607824322,"lenght":15.487144839580063,"Ubicacion":"Zonas verdes"}},{"type":"Feature","id":570,"geometry":{"type":"Polygon","coordinates":[[[-75.537945159999936,6.2800380620000738],[-75.537953480999988,6.2800730480000766],[-75.538043739999978,6.2800452370000244],[-75.538029103999975,6.2799703310000723],[-75.537932841999975,6.2799862700000517],[-75.537935541999957,6.2799976230000425],[-75.537945159999936,6.2800380620000738]]]},"properties":{"OBJECTID":570,"Año":2020,"Tipo":"Vivienda","Aream2":97.015998632719445,"lenght":39.559361309402419,"Ubicacion":"Zonas verdes"}},{"type":"Feature","id":571,"geometry":{"type":"Polygon","coordinates":[[[-75.537935541999957,6.2799976230000425],[-75.537899625999955,6.2800042830000393],[-75.537915277999957,6.2800434810000638],[-75.537945159999936,6.2800380620000738],[-75.537935541999957,6.2799976230000425]]]},"properties":{"OBJECTID":571,"Año":2020,"Tipo":"Vivienda","Aream2":16.970323682636465,"lenght":16.670366266758805,"Ubicacion":"Zonas verdes"}},{"type":"Feature","id":572,"geometry":{"type":"Polygon","coordinates":[[[-75.538128141999948,6.2799029840000458],[-75.538174869999978,6.2798613230000342],[-75.538145003999944,6.2798340950000693],[-75.538036084999987,6.2799381640000433],[-75.538074206999966,6.2799510700000383],[-75.538100019999945,6.2799280570000633],[-75.538128141999948,6.2799029840000458]]]},"properties":{"OBJECTID":572,"Año":2020,"Tipo":"Vivienda","Aream2":66.069225441279343,"lenght":40.515207603643397,"Ubicacion":"Zonas verdes"}},{"type":"Feature","id":573,"geometry":{"type":"Polygon","coordinates":[[[-75.538100019999945,6.2799280570000633],[-75.538107520999972,6.2799532890000478],[-75.538140690999967,6.279925755000022],[-75.538128141999948,6.2799029840000458],[-75.538100019999945,6.2799280570000633]]]},"properties":{"OBJECTID":573,"Año":2020,"Tipo":"Vivienda","Aream2":12.232203161259982,"lenght":14.72646104146499,"Ubicacion":"Zonas verdes"}},{"type":"Feature","id":574,"geometry":{"type":"Polygon","coordinates":[[[-75.53815246299996,6.2799007060000349],[-75.538185965999958,6.2799421970000253],[-75.538213240999937,6.2799254040000392],[-75.538178535999975,6.2798815370000511],[-75.53815246299996,6.2799007060000349]]]},"properties":{"OBJECTID":574,"Año":2020,"Tipo":"Vivienda","Aream2":21.442705434738667,"lenght":19.21344325640657,"Ubicacion":"Zonas verdes"}},{"type":"Feature","id":575,"geometry":{"type":"Polygon","coordinates":[[[-75.538253267999949,6.2800858750000543],[-75.538216247999969,6.2800551120000705],[-75.538175965999983,6.2800874410000347],[-75.538207044999979,6.2801194220000411],[-75.538219336999987,6.2801105010000242],[-75.538253267999949,6.2800858750000543]]]},"properties":{"OBJECTID":575,"Año":2020,"Tipo":"Vivienda","Aream2":30.339782166841839,"lenght":22.294641978240215,"Ubicacion":"Poligono general construcciones"}},{"type":"Feature","id":576,"geometry":{"type":"Polygon","coordinates":[[[-75.538219336999987,6.2801105010000242],[-75.538239278999981,6.2801442590000534],[-75.538273584999956,6.2801060080000752],[-75.538253267999949,6.2800858750000543],[-75.538219336999987,6.2801105010000242]]]},"properties":{"OBJECTID":576,"Año":2020,"Tipo":"Vivienda","Aream2":19.000986699702743,"lenght":17.825893137188558,"Ubicacion":"Poligono general construcciones"}},{"type":"Feature","id":577,"geometry":{"type":"Polygon","coordinates":[[[-75.538262413999973,6.2800096630000439],[-75.538297244999967,6.2800797110000417],[-75.538338641999985,6.2800319060000334],[-75.538303884999948,6.2799773290000758],[-75.538262413999973,6.2800096630000439]]]},"properties":{"OBJECTID":577,"Año":2020,"Tipo":"Vivienda","Aream2":48.672531082176732,"lenght":28.626981977492967,"Ubicacion":"Poligono general construcciones"}},{"type":"Feature","id":578,"geometry":{"type":"Polygon","coordinates":[[[-75.538262413999973,6.2800096630000439],[-75.538242355999955,6.2800430830000664],[-75.538286598999946,6.2800916640000537],[-75.538297244999967,6.2800797110000417],[-75.538262413999973,6.2800096630000439]]]},"properties":{"OBJECTID":578,"Año":2020,"Tipo":"Vivienda","Aream2":22.127107149198501,"lenght":22.006437986216532,"Ubicacion":"Poligono general construcciones"}},{"type":"Feature","id":579,"geometry":{"type":"Polygon","coordinates":[[[-75.538321026999938,6.2800784050000402],[-75.538346031999936,6.2800842350000607],[-75.538362619999987,6.2800710630000367],[-75.538338641999985,6.2800319060000334],[-75.538321026999938,6.2800784050000402]]]},"properties":{"OBJECTID":579,"Año":2020,"Tipo":"Vivienda","Aream2":13.654004682299336,"lenght":15.764930168513306,"Ubicacion":"Poligono general construcciones"}},{"type":"Feature","id":580,"geometry":{"type":"Polygon","coordinates":[[[-75.538286598999946,6.2800916640000537],[-75.538317619999987,6.2801117460000455],[-75.538346031999936,6.2800842350000607],[-75.538321026999938,6.2800784050000402],[-75.538286598999946,6.2800916640000537]]]},"properties":{"OBJECTID":580,"Año":2020,"Tipo":"Vivienda","Aream2":11.973662807286189,"lenght":15.389279604269351,"Ubicacion":"Poligono general construcciones"}},{"type":"Feature","id":581,"geometry":{"type":"Polygon","coordinates":[[[-75.538284630999954,6.2799310080000623],[-75.53833008099997,6.2799831530000461],[-75.538371574999985,6.279955578000056],[-75.53833083699999,6.27989388900005],[-75.538284630999954,6.2799310080000623]]]},"properties":{"OBJECTID":581,"Año":2020,"Tipo":"Vivienda","Aream2":47.616562892827602,"lenght":27.902250037434193,"Ubicacion":"Poligono general construcciones"}},{"type":"Feature","id":582,"geometry":{"type":"Polygon","coordinates":[[[-75.538384599999972,6.2799436140000466],[-75.538433132999955,6.2798957740000674],[-75.538355403999958,6.2798092720000227],[-75.538305617999981,6.2798440270000242],[-75.538384599999972,6.2799436140000466]]]},"properties":{"OBJECTID":582,"Año":2020,"Tipo":"Vivienda","Aream2":95.604836135202333,"lenght":41.187128118197961,"Ubicacion":"Poligono general construcciones"}},{"type":"Feature","id":583,"geometry":{"type":"Polygon","coordinates":[[[-75.538469575999954,6.2798075280000489],[-75.538442001999954,6.2797624370000449],[-75.538382706999982,6.2797984290000386],[-75.538405477999959,6.2798340220000455],[-75.538469575999954,6.2798075280000489]]]},"properties":{"OBJECTID":583,"Año":2020,"Tipo":"Vivienda","Aream2":40.09605811442367,"lenght":25.872467691300031,"Ubicacion":"Poligono general construcciones"}},{"type":"Feature","id":584,"geometry":{"type":"Polygon","coordinates":[[[-75.538405477999959,6.2798340220000455],[-75.538430632999962,6.2798707930000432],[-75.538494718999971,6.2798419190000345],[-75.538469575999954,6.2798075280000489],[-75.538405477999959,6.2798340220000455]]]},"properties":{"OBJECTID":584,"Año":2020,"Tipo":"Vivienda","Aream2":36.439008489287403,"lenght":25.095903071140288,"Ubicacion":"Poligono general construcciones"}},{"type":"Feature","id":585,"geometry":{"type":"Polygon","coordinates":[[[-75.538430632999962,6.2798707930000432],[-75.538452155999948,6.27989449100005],[-75.538460910999959,6.2798885900000414],[-75.538498390999962,6.2798633240000754],[-75.538494718999971,6.2798419190000345],[-75.538430632999962,6.2798707930000432]]]},"properties":{"OBJECTID":585,"Año":2020,"Tipo":"Vivienda","Aream2":19.857551561044112,"lenght":19.892576581295916,"Ubicacion":"Poligono general construcciones"}},{"type":"Feature","id":586,"geometry":{"type":"Polygon","coordinates":[[[-75.538460910999959,6.2798885900000414],[-75.538468904999945,6.2799146420000511],[-75.538509198999975,6.2798846940000317],[-75.538498390999962,6.2798633240000754],[-75.538460910999959,6.2798885900000414]]]},"properties":{"OBJECTID":586,"Año":2020,"Tipo":"Vivienda","Aream2":14.464329202211948,"lenght":16.220256345292668,"Ubicacion":"Poligono general construcciones"}},{"type":"Feature","id":587,"geometry":{"type":"Polygon","coordinates":[[[-75.538468904999945,6.2799146420000511],[-75.538482103999968,6.2799383800000328],[-75.53851883599998,6.2799096390000386],[-75.538509198999975,6.2798846940000317],[-75.538468904999945,6.2799146420000511]]]},"properties":{"OBJECTID":587,"Año":2020,"Tipo":"Vivienda","Aream2":15.577527855802275,"lenght":16.678545934301916,"Ubicacion":"Poligono general construcciones"}},{"type":"Feature","id":588,"geometry":{"type":"Polygon","coordinates":[[[-75.538483529999951,6.279943974000048],[-75.538488165999979,6.2799621530000422],[-75.538548644999935,6.2799249660000669],[-75.53851883599998,6.2799096390000386],[-75.538482103999968,6.2799383800000328],[-75.538483529999951,6.279943974000048]]]},"properties":{"OBJECTID":588,"Año":2020,"Tipo":"Vivienda","Aream2":18.869861536925569,"lenght":19.439889858947176,"Ubicacion":"Poligono general construcciones"}},{"type":"Feature","id":589,"geometry":{"type":"Polygon","coordinates":[[[-75.538488165999979,6.2799621530000422],[-75.538500157999977,6.2799823270000275],[-75.538551114999962,6.2799439960000427],[-75.538548644999935,6.2799249660000669],[-75.538488165999979,6.2799621530000422]]]},"properties":{"OBJECTID":589,"Año":2020,"Tipo":"Vivienda","Aream2":16.712310961276749,"lenght":19.630656167315916,"Ubicacion":"Poligono general construcciones"}},{"type":"Feature","id":590,"geometry":{"type":"Polygon","coordinates":[[[-75.53843594999995,6.2799862080000253],[-75.538451572999975,6.2800194560000477],[-75.538482403999978,6.2800002650000692],[-75.538453656999934,6.2799587500000484],[-75.53843594999995,6.2799862080000253]]]},"properties":{"OBJECTID":590,"Año":2020,"Tipo":"Vivienda","Aream2":17.44001632522119,"lenght":17.283079033930282,"Ubicacion":"Poligono general construcciones"}},{"type":"Feature","id":591,"geometry":{"type":"Polygon","coordinates":[[[-75.538403854999956,6.2799899350000601],[-75.538424257999964,6.2800279200000659],[-75.538451572999975,6.2800194560000477],[-75.53843594999995,6.2799862080000253],[-75.538403854999956,6.2799899350000601]]]},"properties":{"OBJECTID":591,"Año":2020,"Tipo":"Vivienda","Aream2":14.295432885641803,"lenght":15.574168947719174,"Ubicacion":"Poligono general construcciones"}},{"type":"Feature","id":592,"geometry":{"type":"Polygon","coordinates":[[[-75.538384599999972,6.2799436140000466],[-75.538403854999956,6.2799899350000601],[-75.53843594999995,6.2799862080000253],[-75.538453656999934,6.2799587500000484],[-75.538483529999951,6.279943974000048],[-75.538452155999948,6.27989449100005],[-75.538384599999972,6.2799436140000466]]]},"properties":{"OBJECTID":592,"Año":2020,"Tipo":"Vivienda","Aream2":61.69227989029681,"lenght":32.151670521389178,"Ubicacion":"Poligono general construcciones"}},{"type":"Feature","id":593,"geometry":{"type":"Polygon","coordinates":[[[-75.538450211999987,6.2797385950000262],[-75.538541167999938,6.2798547850000546],[-75.538593823999975,6.2798145740000564],[-75.538594492999948,6.2798140630000603],[-75.538576288999934,6.2797943650000434],[-75.538547665999943,6.2797633940000424],[-75.538530896999987,6.2797452500000759],[-75.538515620999988,6.2797287200000369],[-75.538490470999989,6.279701507000027],[-75.538450211999987,6.2797385950000262]]]},"properties":{"OBJECTID":593,"Año":2020,"Tipo":"Vivienda","Aream2":111.9431693918085,"lenght":46.7621068738449,"Ubicacion":"Poligono general construcciones"}},{"type":"Feature","id":594,"geometry":{"type":"Polygon","coordinates":[[[-75.538593823999975,6.2798145740000564],[-75.538541167999938,6.2798547850000546],[-75.538567540999964,6.2798975020000398],[-75.538603471999977,6.2798658310000519],[-75.538623204999965,6.2798484370000551],[-75.538594492999948,6.2798140630000603],[-75.538593823999975,6.2798145740000564]]]},"properties":{"OBJECTID":594,"Año":2020,"Tipo":"Vivienda","Aream2":40.849885819696304,"lenght":26.14301416276588,"Ubicacion":"Poligono general construcciones"}},{"type":"Feature","id":595,"geometry":{"type":"Polygon","coordinates":[[[-75.538567540999964,6.2798975020000398],[-75.538590208999949,6.2799116730000719],[-75.538616229999946,6.2798817940000617],[-75.538603471999977,6.2798658310000519],[-75.538567540999964,6.2798975020000398]]]},"properties":{"OBJECTID":595,"Año":2020,"Tipo":"Vivienda","Aream2":12.386338184601248,"lenght":14.902078047275245,"Ubicacion":"Poligono general construcciones"}},{"type":"Feature","id":596,"geometry":{"type":"Polygon","coordinates":[[[-75.538576288999934,6.2797943650000434],[-75.538593823999975,6.2798145740000564],[-75.538623204999965,6.2798484370000551],[-75.538634017999982,6.2798709960000565],[-75.538689738999949,6.2798338330000547],[-75.538646483999969,6.2797435940000241],[-75.538576288999934,6.2797943650000434]]]},"properties":{"OBJECTID":596,"Año":2020,"Tipo":"Vivienda","Aream2":88.579650862928773,"lenght":38.754633187438401,"Ubicacion":"Poligono general construcciones"}},{"type":"Feature","id":597,"geometry":{"type":"Polygon","coordinates":[[[-75.538547665999943,6.2797633940000424],[-75.538576288999934,6.2797943650000434],[-75.538646483999969,6.2797435940000241],[-75.538639128999989,6.2796984050000333],[-75.538547665999943,6.2797633940000424]]]},"properties":{"OBJECTID":597,"Año":2020,"Tipo":"Vivienda","Aream2":50.424791212959164,"lenght":31.731200801936801,"Ubicacion":"Poligono general construcciones"}},{"type":"Feature","id":598,"geometry":{"type":"Polygon","coordinates":[[[-75.538530896999987,6.2797452500000759],[-75.538547665999943,6.2797633940000424],[-75.538639128999989,6.2796984050000333],[-75.538624717999937,6.2796699120000312],[-75.538530896999987,6.2797452500000759]]]},"properties":{"OBJECTID":598,"Año":2020,"Tipo":"Vivienda","Aream2":39.835291280038092,"lenght":31.994768474280875,"Ubicacion":"Poligono general construcciones"}},{"type":"Feature","id":599,"geometry":{"type":"Polygon","coordinates":[[[-75.538515620999988,6.2797287200000369],[-75.538530896999987,6.2797452500000759],[-75.538624717999937,6.2796699120000312],[-75.538621010999975,6.2796413670000675],[-75.538609353999959,6.2796510290000356],[-75.538515620999988,6.2797287200000369]]]},"properties":{"OBJECTID":599,"Año":2020,"Tipo":"Vivienda","Aream2":36.931932005069655,"lenght":34.13392404229883,"Ubicacion":"Poligono general construcciones"}},{"type":"Feature","id":600,"geometry":{"type":"Polygon","coordinates":[[[-75.538490470999989,6.279701507000027],[-75.538515620999988,6.2797287200000369],[-75.538609353999959,6.2796510290000356],[-75.538576883999951,6.2796165890000566],[-75.538490470999989,6.279701507000027]]]},"properties":{"OBJECTID":600,"Año":2020,"Tipo":"Vivienda","Aream2":62.664403946971277,"lenght":36.212054188595651,"Ubicacion":"Poligono general construcciones"}},{"type":"Feature","id":601,"geometry":{"type":"Polygon","coordinates":[[[-75.538781180999933,6.2798048260000314],[-75.53880527299998,6.2798677850000217],[-75.53884798699994,6.279846156000076],[-75.538832636999985,6.2798126710000588],[-75.538819135999972,6.2797832200000698],[-75.538781180999933,6.2798048260000314]]]},"properties":{"OBJECTID":601,"Año":2020,"Tipo":"Vivienda","Aream2":38.085820308676688,"lenght":25.246444973455159,"Ubicacion":"Poligono general construcciones"}},{"type":"Feature","id":602,"geometry":{"type":"Polygon","coordinates":[[[-75.53874796599996,6.2798228390000759],[-75.538780319999944,6.2798726660000739],[-75.53880527299998,6.2798677850000217],[-75.538781180999933,6.2798048260000314],[-75.53874796599996,6.2798228390000759]]]},"properties":{"OBJECTID":602,"Año":2020,"Tipo":"Vivienda","Aream2":24.032525538126635,"lenght":21.024315896019363,"Ubicacion":"Poligono general construcciones"}},{"type":"Feature","id":603,"geometry":{"type":"Polygon","coordinates":[[[-75.53874796599996,6.2798228390000759],[-75.538721822999946,6.2798277260000646],[-75.538758969999947,6.2798846710000475],[-75.538780319999944,6.2798726660000739],[-75.53874796599996,6.2798228390000759]]]},"properties":{"OBJECTID":603,"Año":2020,"Tipo":"Vivienda","Aream2":19.111821401406463,"lenght":19.747792816003642,"Ubicacion":"Poligono general construcciones"}},{"type":"Feature","id":604,"geometry":{"type":"Polygon","coordinates":[[[-75.538781180999933,6.2798048260000314],[-75.538819135999972,6.2797832200000698],[-75.538832636999985,6.2798126710000588],[-75.53887390999995,6.2797960450000687],[-75.538816347999955,6.2796987350000677],[-75.538757081999961,6.279740676000074],[-75.538783466999973,6.2797857730000715],[-75.538781180999933,6.2798048260000314]]]},"properties":{"OBJECTID":604,"Año":2020,"Tipo":"Vivienda","Aream2":82.663945834085951,"lenght":41.784633155746121,"Ubicacion":"Poligono general construcciones"}},{"type":"Feature","id":605,"geometry":{"type":"Polygon","coordinates":[[[-75.538757081999961,6.279740676000074],[-75.538706106999939,6.2797754370000689],[-75.53874796599996,6.2798228390000759],[-75.538781180999933,6.2798048260000314],[-75.538783466999973,6.2797857730000715],[-75.538757081999961,6.279740676000074]]]},"properties":{"OBJECTID":605,"Año":2020,"Tipo":"Vivienda","Aream2":43.102412669977149,"lenght":25.907552926669773,"Ubicacion":"Poligono general construcciones"}},{"type":"Feature","id":606,"geometry":{"type":"Polygon","coordinates":[[[-75.538877009999965,6.2796746430000212],[-75.538840099999959,6.2796914790000642],[-75.538897626999983,6.2797816490000287],[-75.538959294999984,6.2797444550000705],[-75.538933319999956,6.2796982010000306],[-75.538911305999989,6.2796590000000378],[-75.538877009999965,6.2796746430000212]]]},"properties":{"OBJECTID":606,"Año":2020,"Tipo":"Vivienda","Aream2":93.91565090586478,"lenght":39.304415320775192,"Ubicacion":"Poligono general construcciones"}},{"type":"Feature","id":607,"geometry":{"type":"Polygon","coordinates":[[[-75.538911305999989,6.2796590000000378],[-75.538933319999956,6.2796982010000306],[-75.538962562999984,6.2796825540000327],[-75.538936200999956,6.2796422180000491],[-75.538911305999989,6.2796590000000378]]]},"properties":{"OBJECTID":607,"Año":2020,"Tipo":"Vivienda","Aream2":17.978961847735015,"lenght":17.296670847228071,"Ubicacion":"Poligono general construcciones"}},{"type":"Feature","id":608,"geometry":{"type":"Polygon","coordinates":[[[-75.538962562999984,6.2796825540000327],[-75.538972014999956,6.2796694170000364],[-75.539004398999964,6.2797251950000259],[-75.539018618999989,6.2797144140000682],[-75.538964589999978,6.2796099470000399],[-75.538936200999956,6.2796422180000491],[-75.538962562999984,6.2796825540000327]]]},"properties":{"OBJECTID":608,"Año":2020,"Tipo":"Vivienda","Aream2":38.164161346715389,"lenght":33.996369666784439,"Ubicacion":"Poligono general construcciones"}},{"type":"Feature","id":609,"geometry":{"type":"Polygon","coordinates":[[[-75.538933319999956,6.2796982010000306],[-75.538959294999984,6.2797444550000705],[-75.539004398999964,6.2797251950000259],[-75.538972014999956,6.2796694170000364],[-75.538962562999984,6.2796825540000327],[-75.538933319999956,6.2796982010000306]]]},"properties":{"OBJECTID":609,"Año":2020,"Tipo":"Vivienda","Aream2":33.301275854053479,"lenght":23.891431081484118,"Ubicacion":"Poligono general construcciones"}},{"type":"Feature","id":610,"geometry":{"type":"Polygon","coordinates":[[[-75.538822860999971,6.2795701700000564],[-75.538833738999983,6.2796058210000751],[-75.538881219999951,6.2795865490000438],[-75.538870347999989,6.2795520890000489],[-75.538822860999971,6.2795701700000564]]]},"properties":{"OBJECTID":610,"Año":2020,"Tipo":"Vivienda","Aream2":22.863227598130102,"lenght":19.414037999494056,"Ubicacion":"Poligono general construcciones"}},{"type":"Feature","id":611,"geometry":{"type":"Polygon","coordinates":[[[-75.538870347999989,6.2795520890000489],[-75.53886072499995,6.2795295230000647],[-75.53881679899996,6.2795463980000363],[-75.538822860999971,6.2795701700000564],[-75.538870347999989,6.2795520890000489]]]},"properties":{"OBJECTID":611,"Año":2020,"Tipo":"Vivienda","Aream2":14.641383511577786,"lenght":16.258101383687961,"Ubicacion":"Poligono general construcciones"}},{"type":"Feature","id":612,"geometry":{"type":"Polygon","coordinates":[[[-75.538833738999983,6.2796058210000751],[-75.538848085999973,6.2796212230000492],[-75.538909816999933,6.2795971210000516],[-75.538906138999948,6.2795745270000225],[-75.538881219999951,6.2795865490000438],[-75.538833738999983,6.2796058210000751]]]},"properties":{"OBJECTID":612,"Año":2020,"Tipo":"Vivienda","Aream2":18.098439066410826,"lenght":20.927224055356852,"Ubicacion":"Poligono general construcciones"}},{"type":"Feature","id":613,"geometry":{"type":"Polygon","coordinates":[[[-75.538848085999973,6.2796212230000492],[-75.53886130099994,6.279648532000067],[-75.53892187799994,6.2796315760000425],[-75.538909816999933,6.2795971210000516],[-75.538848085999973,6.2796212230000492]]]},"properties":{"OBJECTID":613,"Año":2020,"Tipo":"Vivienda","Aream2":26.294775720202239,"lenght":21.689576603068673,"Ubicacion":"Poligono general construcciones"}},{"type":"Feature","id":614,"geometry":{"type":"Polygon","coordinates":[[[-75.53886130099994,6.279648532000067],[-75.538877009999965,6.2796746430000212],[-75.538911305999989,6.2796590000000378],[-75.53892187799994,6.2796315760000425],[-75.53886130099994,6.279648532000067]]]},"properties":{"OBJECTID":614,"Año":2020,"Tipo":"Vivienda","Aream2":16.056212780538157,"lenght":17.755379366409475,"Ubicacion":"Poligono general construcciones"}},{"type":"Feature","id":615,"geometry":{"type":"Polygon","coordinates":[[[-75.538870347999989,6.2795520890000489],[-75.538881219999951,6.2795865490000438],[-75.538906138999948,6.2795745270000225],[-75.538890538999965,6.2795460400000707],[-75.538870347999989,6.2795520890000489]]]},"properties":{"OBJECTID":615,"Año":2020,"Tipo":"Vivienda","Aream2":10.154061612780348,"lenght":12.984239965049413,"Ubicacion":"Poligono general construcciones"}},{"type":"Feature","id":616,"geometry":{"type":"Polygon","coordinates":[[[-75.538974634999988,6.2806124050000562],[-75.538994437999975,6.280614594000042],[-75.538998176999939,6.2806008650000535],[-75.538975292999964,6.2805910750000749],[-75.538974634999988,6.2806124050000562]]]},"properties":{"OBJECTID":616,"Año":2020,"Tipo":"Vivienda","Aream2":4.7412313858499271,"lenght":8.8937763848800255,"Ubicacion":"Poligono general construcciones"}},{"type":"Feature","id":617,"geometry":{"type":"Polygon","coordinates":[[[-75.538969358999964,6.2806230940000205],[-75.538983835999943,6.2806260700000394],[-75.538994437999975,6.280614594000042],[-75.538974634999988,6.2806124050000562],[-75.538969358999964,6.2806230940000205]]]},"properties":{"OBJECTID":617,"Año":2020,"Tipo":"Vivienda","Aream2":2.5762983336489866,"lenght":6.8879489833961225,"Ubicacion":"Poligono general construcciones"}},{"type":"Feature","id":618,"geometry":{"type":"Polygon","coordinates":[[[-75.538972117999947,6.280651874000057],[-75.538982453999949,6.2806550210000296],[-75.538983835999943,6.2806260700000394],[-75.538969358999964,6.2806230940000205],[-75.538950436999983,6.2806452740000509],[-75.538972117999947,6.280651874000057]]]},"properties":{"OBJECTID":618,"Año":2020,"Tipo":"Vivienda","Aream2":8.0658695982896784,"lenght":11.770960300868719,"Ubicacion":"Poligono general construcciones"}},{"type":"Feature","id":619,"geometry":{"type":"Polygon","coordinates":[[[-75.538951022999981,6.280666535000023],[-75.538951359999942,6.2806787840000311],[-75.538966712999979,6.2806776850000574],[-75.538974188999987,6.2806771500000309],[-75.538972117999947,6.280651874000057],[-75.538950436999983,6.2806452740000509],[-75.538951022999981,6.280666535000023]]]},"properties":{"OBJECTID":619,"Año":2020,"Tipo":"Vivienda","Aream2":7.9620574645658388,"lenght":11.554136717150092,"Ubicacion":"Poligono general construcciones"}},{"type":"Feature","id":620,"geometry":{"type":"Polygon","coordinates":[[[-75.538909427999954,6.2806652770000255],[-75.538905688999989,6.2806790050000245],[-75.538967403999948,6.2806908920000524],[-75.538966712999979,6.2806776850000574],[-75.538951359999942,6.2806787840000311],[-75.538951022999981,6.280666535000023],[-75.538928984999984,6.2806658680000282],[-75.538909427999954,6.2806652770000255]]]},"properties":{"OBJECTID":620,"Año":2020,"Tipo":"Vivienda","Aream2":11.600602947370243,"lenght":17.656821918223915,"Ubicacion":"Poligono general construcciones"}},{"type":"Feature","id":621,"geometry":{"type":"Polygon","coordinates":[[[-75.538928984999984,6.2806658680000282],[-75.538951022999981,6.280666535000023],[-75.538950436999983,6.2806452740000509],[-75.538957168999957,6.2806208680000282],[-75.538959385999988,6.2806071470000688],[-75.538940348999972,6.280605716000025],[-75.538928984999984,6.2806658680000282]]]},"properties":{"OBJECTID":621,"Año":2020,"Tipo":"Vivienda","Aream2":14.086270534431984,"lenght":18.014381659551617,"Ubicacion":"Poligono general construcciones"}},{"type":"Feature","id":622,"geometry":{"type":"Polygon","coordinates":[[[-75.538909427999954,6.2806652770000255],[-75.538928984999984,6.2806658680000282],[-75.538940348999972,6.280605716000025],[-75.538923565999937,6.2805981810000731],[-75.538909427999954,6.2806652770000255]]]},"properties":{"OBJECTID":622,"Año":2020,"Tipo":"Vivienda","Aream2":14.785930742386904,"lenght":18.55686163109473,"Ubicacion":"Poligono general construcciones"}},{"type":"Feature","id":623,"geometry":{"type":"Polygon","coordinates":[[[-75.538940348999972,6.280605716000025],[-75.538959385999988,6.2806071470000688],[-75.538963087999946,6.2805858020000755],[-75.538947856999982,6.2805843530000516],[-75.538940348999972,6.280605716000025]]]},"properties":{"OBJECTID":623,"Año":2020,"Tipo":"Vivienda","Aream2":4.5777076164476362,"lenght":8.7071071313558512,"Ubicacion":"Poligono general construcciones"}},{"type":"Feature","id":624,"geometry":{"type":"Polygon","coordinates":[[[-75.538947856999982,6.2805843530000516],[-75.538951606999944,6.2805729090000568],[-75.53893332399997,6.280569951000075],[-75.538932625999962,6.2805829030000382],[-75.538947856999982,6.2805843530000516]]]},"properties":{"OBJECTID":624,"Año":2020,"Tipo":"Vivienda","Aream2":2.5621847447520922,"lenght":6.5098217910124667,"Ubicacion":"Poligono general construcciones"}},{"type":"Feature","id":625,"geometry":{"type":"Polygon","coordinates":[[[-75.538870140999961,6.2805742240000768],[-75.538859108999986,6.2806487640000341],[-75.538873806999959,6.280650577000074],[-75.538888812999971,6.2806524280000531],[-75.53890064899997,6.2805815350000671],[-75.538876607999953,6.2805756450000558],[-75.538870164999935,6.2805740670000318],[-75.538870140999961,6.2805742240000768]]]},"properties":{"OBJECTID":625,"Año":2020,"Tipo":"Vivienda","Aream2":27.5976177493778,"lenght":23.08792772024929,"Ubicacion":"Poligono general construcciones"}},{"type":"Feature","id":626,"geometry":{"type":"Polygon","coordinates":[[[-75.53882693099996,6.2806510600000252],[-75.538825464999945,6.2806612890000224],[-75.538851555999941,6.2806609880000224],[-75.538860736999936,6.2805721570000514],[-75.538861007999969,6.2805695400000445],[-75.538838921999968,6.2805673630000456],[-75.53882693099996,6.2806510600000252]]]},"properties":{"OBJECTID":626,"Año":2020,"Tipo":"Vivienda","Aream2":27.462397477575504,"lenght":26.007871088948363,"Ubicacion":"Poligono general construcciones"}},{"type":"Feature","id":627,"geometry":{"type":"Polygon","coordinates":[[[-75.538838921999968,6.2805673630000456],[-75.53881759899997,6.2805651810000427],[-75.538807481999982,6.2806559530000641],[-75.53882693099996,6.2806510600000252],[-75.538838921999968,6.2805673630000456]]]},"properties":{"OBJECTID":627,"Año":2020,"Tipo":"Vivienda","Aream2":21.586354226244936,"lenght":24.046146240398002,"Ubicacion":"Poligono general construcciones"}},{"type":"Feature","id":628,"geometry":{"type":"Polygon","coordinates":[[[-75.538851555999941,6.2806609880000224],[-75.538872891999972,6.2806654540000295],[-75.538873806999959,6.280650577000074],[-75.538859108999986,6.2806487640000341],[-75.538851555999941,6.2806609880000224]]]},"properties":{"OBJECTID":628,"Año":2020,"Tipo":"Vivienda","Aream2":3.1513468044216966,"lenght":7.2897220845395712,"Ubicacion":"Poligono general construcciones"}},{"type":"Feature","id":629,"geometry":{"type":"Polygon","coordinates":[[[-75.538860542999942,6.2804735720000622],[-75.538904738999975,6.2804832590000501],[-75.538912085999982,6.2804283830000713],[-75.538865645999977,6.2804270850000421],[-75.538860542999942,6.2804735720000622]]]},"properties":{"OBJECTID":629,"Año":2020,"Tipo":"Vivienda","Aream2":28.534578909927827,"lenght":21.445764632764668,"Ubicacion":"Poligono general construcciones"}},{"type":"Feature","id":630,"geometry":{"type":"Polygon","coordinates":[[[-75.538865645999977,6.2804270850000421],[-75.538912085999982,6.2804283830000713],[-75.538923396999962,6.2804062400000475],[-75.538870094999936,6.2804026900000736],[-75.538865645999977,6.2804270850000421]]]},"properties":{"OBJECTID":630,"Año":2020,"Tipo":"Vivienda","Aream2":14.439428991665817,"lenght":16.547417700997528,"Ubicacion":"Poligono general construcciones"}},{"type":"Feature","id":631,"geometry":{"type":"Polygon","coordinates":[[[-75.538853419999953,6.2805044700000394],[-75.538845906999939,6.2805370640000433],[-75.538838921999968,6.2805673630000456],[-75.538860736999936,6.2805721570000514],[-75.538870140999961,6.2805742240000768],[-75.538876607999953,6.2805756450000558],[-75.538904738999975,6.2804832590000501],[-75.538860542999942,6.2804735720000622],[-75.538853419999953,6.2805044700000394]]]},"properties":{"OBJECTID":631,"Año":2020,"Tipo":"Vivienda","Aream2":49.38984642241175,"lenght":30.606376965151156,"Ubicacion":"Poligono general construcciones"}},{"type":"Feature","id":632,"geometry":{"type":"Polygon","coordinates":[[[-75.538765269999942,6.2804913970000484],[-75.538853419999953,6.2805044700000394],[-75.538860542999942,6.2804735720000622],[-75.538837551999961,6.2804696170000511],[-75.538797876999979,6.2804627920000371],[-75.538761502999989,6.2804565340000522],[-75.538756337999985,6.2804900730000668],[-75.538765269999942,6.2804913970000484]]]},"properties":{"OBJECTID":632,"Año":2020,"Tipo":"Vivienda","Aream2":39.856928572939722,"lenght":29.244768815214304,"Ubicacion":"Poligono general construcciones"}},{"type":"Feature","id":633,"geometry":{"type":"Polygon","coordinates":[[[-75.538765269999942,6.2804913970000484],[-75.538760360999959,6.2805349920000708],[-75.538845906999939,6.2805370640000433],[-75.538853419999953,6.2805044700000394],[-75.538765269999942,6.2804913970000484]]]},"properties":{"OBJECTID":633,"Año":2020,"Tipo":"Vivienda","Aream2":41.075826702974446,"lenght":27.885411417705697,"Ubicacion":"Poligono general construcciones"}},{"type":"Feature","id":634,"geometry":{"type":"Polygon","coordinates":[[[-75.538933509999936,6.2805388370000514],[-75.538950702999955,6.2805432080000401],[-75.538961828999959,6.2804829820000236],[-75.538928200999976,6.2804707050000275],[-75.538920650999955,6.2804679480000232],[-75.538909546999946,6.2805327440000269],[-75.538933509999936,6.2805388370000514]]]},"properties":{"OBJECTID":634,"Año":2020,"Tipo":"Vivienda","Aream2":33.236740901289288,"lenght":23.596755666214289,"Ubicacion":"Poligono general construcciones"}},{"type":"Feature","id":635,"geometry":{"type":"Polygon","coordinates":[[[-75.538909546999946,6.2805327440000269],[-75.538911209999981,6.2805616800000621],[-75.538924917999964,6.2805631370000583],[-75.538933509999936,6.2805388370000514],[-75.538909546999946,6.2805327440000269]]]},"properties":{"OBJECTID":635,"Año":2020,"Tipo":"Vivienda","Aream2":6.2975273696393579,"lenght":10.318898152212927,"Ubicacion":"Poligono general construcciones"}},{"type":"Feature","id":636,"geometry":{"type":"Polygon","coordinates":[[[-75.538961828999959,6.2804829820000236],[-75.538970973999938,6.2804852230000279],[-75.538973001999977,6.2804767670000388],[-75.538986655999963,6.2804198330000531],[-75.538989626999978,6.2804074410000226],[-75.538978873999952,6.2804048880000209],[-75.538964325999984,6.2804014340000549],[-75.538939329999948,6.2803954990000648],[-75.538928200999976,6.2804707050000275],[-75.538961828999959,6.2804829820000236]]]},"properties":{"OBJECTID":636,"Año":2020,"Tipo":"Vivienda","Aream2":46.213277590156032,"lenght":27.981492897512407,"Ubicacion":"Poligono general construcciones"}},{"type":"Feature","id":637,"geometry":{"type":"Polygon","coordinates":[[[-75.538973001999977,6.2804767670000388],[-75.539006778999976,6.2804911430000629],[-75.539020181999945,6.2804293820000225],[-75.539007503999983,6.2804257710000684],[-75.538986655999963,6.2804198330000531],[-75.538973001999977,6.2804767670000388]]]},"properties":{"OBJECTID":637,"Año":2020,"Tipo":"Vivienda","Aream2":26.428952873007518,"lenght":21.386788671229002,"Ubicacion":"Poligono general construcciones"}},{"type":"Feature","id":638,"geometry":{"type":"Polygon","coordinates":[[[-75.539020181999945,6.2804293820000225],[-75.539015185999972,6.2804979570000228],[-75.539071590999981,6.2805136780000339],[-75.539079583999978,6.2804351870000232],[-75.539062017999981,6.2804334700000481],[-75.539033669999981,6.2804307000000676],[-75.539020181999945,6.2804293820000225]]]},"properties":{"OBJECTID":638,"Año":2020,"Tipo":"Vivienda","Aream2":52.977812745925348,"lenght":29.417536097152066,"Ubicacion":"Poligono general construcciones"}},{"type":"Feature","id":639,"geometry":{"type":"Polygon","coordinates":[[[-75.539033669999981,6.2804307000000676],[-75.539062017999981,6.2804334700000481],[-75.539069998999935,6.2803423090000479],[-75.539034251999965,6.2803485760000513],[-75.539033669999981,6.2804307000000676]]]},"properties":{"OBJECTID":639,"Año":2020,"Tipo":"Vivienda","Aream2":33.898982113491499,"lenght":26.374323047945822,"Ubicacion":"Poligono general construcciones"}},{"type":"Feature","id":640,"geometry":{"type":"Polygon","coordinates":[[[-75.539020181999945,6.2804293820000225],[-75.539033669999981,6.2804307000000676],[-75.539034251999965,6.2803485760000513],[-75.539017524999963,6.2803524650000213],[-75.539020181999945,6.2804293820000225]]]},"properties":{"OBJECTID":640,"Año":2020,"Tipo":"Vivienda","Aream2":14.722703652303926,"lenght":20.996846728729199,"Ubicacion":"Poligono general construcciones"}},{"type":"Feature","id":641,"geometry":{"type":"Polygon","coordinates":[[[-75.538986655999963,6.2804198330000531],[-75.539007503999983,6.2804257710000684],[-75.539017524999963,6.2803524650000213],[-75.538981013999944,6.2803579750000722],[-75.538982431999955,6.2803661130000705],[-75.538989626999978,6.2804074410000226],[-75.538986655999963,6.2804198330000531]]]},"properties":{"OBJECTID":641,"Año":2020,"Tipo":"Vivienda","Aream2":22.179281650404146,"lenght":21.632492569106418,"Ubicacion":"Poligono general construcciones"}},{"type":"Feature","id":642,"geometry":{"type":"Polygon","coordinates":[[[-75.538964325999984,6.2804014340000549],[-75.538978873999952,6.2804048880000209],[-75.538982431999955,6.2803661130000705],[-75.538971905999972,6.2803633500000728],[-75.538964325999984,6.2804014340000549]]]},"properties":{"OBJECTID":642,"Año":2020,"Tipo":"Vivienda","Aream2":6.1097460908045083,"lenght":11.461111932779787,"Ubicacion":"Poligono general construcciones"}},{"type":"Feature","id":643,"geometry":{"type":"Polygon","coordinates":[[[-75.539108516999988,6.2804365690000736],[-75.539129079999952,6.2804387550000342],[-75.53914217199997,6.2803460990000417],[-75.539142326999979,6.280345005000072],[-75.539114886999982,6.2803375210000354],[-75.539108516999988,6.2804365690000736]]]},"properties":{"OBJECTID":643,"Año":2020,"Tipo":"Vivienda","Aream2":28.903675711349223,"lenght":26.88697498061217,"Ubicacion":"Poligono general construcciones"}},{"type":"Feature","id":644,"geometry":{"type":"Polygon","coordinates":[[[-75.53914217199997,6.2803460990000417],[-75.539129079999952,6.2804387550000342],[-75.539158783999937,6.2804424190000532],[-75.53916292699995,6.280354806000048],[-75.539149413999951,6.2803483760000631],[-75.539142326999979,6.280345005000072],[-75.53914217199997,6.2803460990000417]]]},"properties":{"OBJECTID":644,"Año":2020,"Tipo":"Vivienda","Aream2":28.637583283629862,"lenght":26.010915931639879,"Ubicacion":"Poligono general construcciones"}},{"type":"Feature","id":645,"geometry":{"type":"Polygon","coordinates":[[[-75.538797876999979,6.2804627920000371],[-75.538837551999961,6.2804696170000511],[-75.538835286999984,6.2804455130000747],[-75.538798741999983,6.2804441670000415],[-75.538797876999979,6.2804627920000371]]]},"properties":{"OBJECTID":645,"Año":2020,"Tipo":"Vivienda","Aream2":9.9320147077782366,"lenght":13.242942955418206,"Ubicacion":"Poligono general construcciones"}},{"type":"Feature","id":646,"geometry":{"type":"Polygon","coordinates":[[[-75.538860484999987,6.2803044800000407],[-75.538860110999963,6.2803844580000714],[-75.538904259999981,6.2803842440000608],[-75.538903851999976,6.2803744130000609],[-75.538900812999941,6.2803012380000496],[-75.538884980999967,6.280302511000059],[-75.538860484999987,6.2803044800000407]]]},"properties":{"OBJECTID":646,"Año":2020,"Tipo":"Vivienda","Aream2":42.168965154897215,"lenght":27.399166614248522,"Ubicacion":"Poligono general construcciones"}},{"type":"Feature","id":647,"geometry":{"type":"Polygon","coordinates":[[[-75.538841017999971,6.2801842130000409],[-75.538840109999967,6.2801842350000356],[-75.538843730999986,6.2803030390000458],[-75.538884980999967,6.280302511000059],[-75.538879687999952,6.2801832810000633],[-75.538841017999971,6.2801842130000409]]]},"properties":{"OBJECTID":647,"Año":2020,"Tipo":"Vivienda","Aream2":58.921410427931583,"lenght":35.294674750836236,"Ubicacion":"Poligono general construcciones"}},{"type":"Feature","id":648,"geometry":{"type":"Polygon","coordinates":[[[-75.538777392999975,6.280122843000072],[-75.538781361999952,6.2801563380000403],[-75.538798560999965,6.2801487700000393],[-75.538821619999965,6.2801386240000738],[-75.53881615499995,6.2801104690000216],[-75.538805558999968,6.2801138510000669],[-75.538777392999975,6.280122843000072]]]},"properties":{"OBJECTID":648,"Año":2020,"Tipo":"Vivienda","Aream2":15.777613171958205,"lenght":16.273438376972621,"Ubicacion":"Poligono general construcciones"}},{"type":"Feature","id":649,"geometry":{"type":"Polygon","coordinates":[[[-75.538748604999967,6.2801511650000634],[-75.538781361999952,6.2801563380000403],[-75.538777392999975,6.280122843000072],[-75.538747691999959,6.2801199410000663],[-75.538748604999967,6.2801511650000634]]]},"properties":{"OBJECTID":649,"Año":2020,"Tipo":"Vivienda","Aream2":12.250042980554912,"lenght":14.158879826800707,"Ubicacion":"Poligono general construcciones"}},{"type":"Feature","id":650,"geometry":{"type":"Polygon","coordinates":[[[-75.538781361999952,6.2801563380000403],[-75.53878227499996,6.2801875620000374],[-75.538830982999968,6.2801858020000623],[-75.538821619999965,6.2801386240000738],[-75.538798560999965,6.2801487700000393],[-75.538781361999952,6.2801563380000403]]]},"properties":{"OBJECTID":650,"Año":2020,"Tipo":"Vivienda","Aream2":21.958912842395289,"lenght":19.036815771084264,"Ubicacion":"Poligono general construcciones"}},{"type":"Feature","id":651,"geometry":{"type":"Polygon","coordinates":[[[-75.538748604999967,6.2801511650000634],[-75.538734327999975,6.2801893190000442],[-75.538741000999948,6.2801890740000204],[-75.53878227499996,6.2801875620000374],[-75.538781361999952,6.2801563380000403],[-75.538748604999967,6.2801511650000634]]]},"properties":{"OBJECTID":651,"Año":2020,"Tipo":"Vivienda","Aream2":17.274837666583867,"lenght":16.941670915356148,"Ubicacion":"Poligono general construcciones"}},{"type":"Feature","id":652,"geometry":{"type":"Polygon","coordinates":[[[-75.53878227499996,6.2801875620000374],[-75.538785043999951,6.280234594000035],[-75.538785601999962,6.2802439090000348],[-75.538811979999934,6.2802381490000698],[-75.538831976999973,6.2802337830000283],[-75.538830982999968,6.2801858020000623],[-75.53878227499996,6.2801875620000374]]]},"properties":{"OBJECTID":652,"Año":2020,"Tipo":"Vivienda","Aream2":30.518158094921546,"lenght":22.199066162572482,"Ubicacion":"Poligono general construcciones"}},{"type":"Feature","id":653,"geometry":{"type":"Polygon","coordinates":[[[-75.538741000999948,6.2801890740000204],[-75.538739891999967,6.28023803800005],[-75.538756114999956,6.2802368010000578],[-75.538785043999951,6.280234594000035],[-75.53878227499996,6.2801875620000374],[-75.538741000999948,6.2801890740000204]]]},"properties":{"OBJECTID":653,"Año":2020,"Tipo":"Vivienda","Aream2":25.415809173422058,"lenght":20.211035778976719,"Ubicacion":"Poligono general construcciones"}},{"type":"Feature","id":654,"geometry":{"type":"Polygon","coordinates":[[[-75.538785601999962,6.2802439090000348],[-75.538787247999949,6.2802713220000328],[-75.538805798999988,6.2802742240000384],[-75.53881086399997,6.2802750160000755],[-75.538810879999971,6.2802744790000702],[-75.538811577999979,6.2802514030000225],[-75.538811979999934,6.2802381490000698],[-75.538785043999951,6.280234594000035],[-75.538785601999962,6.2802439090000348]]]},"properties":{"OBJECTID":654,"Año":2020,"Tipo":"Vivienda","Aream2":11.361632516490909,"lenght":13.801739315855604,"Ubicacion":"Poligono general construcciones"}},{"type":"Feature","id":655,"geometry":{"type":"Polygon","coordinates":[[[-75.538811979999934,6.2802381490000698],[-75.538811577999979,6.2802514030000225],[-75.538833558999954,6.2802459620000377],[-75.538831976999973,6.2802337830000283],[-75.538811979999934,6.2802381490000698]]]},"properties":{"OBJECTID":655,"Año":2020,"Tipo":"Vivienda","Aream2":3.3027477956526186,"lenght":7.5964124814071514,"Ubicacion":"Poligono general construcciones"}},{"type":"Feature","id":656,"geometry":{"type":"Polygon","coordinates":[[[-75.538811577999979,6.2802514030000225],[-75.538810879999971,6.2802744790000702],[-75.53881086399997,6.2802750160000755],[-75.538834463999933,6.2802756630000545],[-75.538833558999954,6.2802459620000377],[-75.538811577999979,6.2802514030000225]]]},"properties":{"OBJECTID":656,"Año":2020,"Tipo":"Vivienda","Aream2":7.4398588921174031,"lenght":11.018635128861497,"Ubicacion":"Poligono general construcciones"}},{"type":"Feature","id":657,"geometry":{"type":"Polygon","coordinates":[[[-75.538756114999956,6.2802368010000578],[-75.538751471999944,6.2802714960000685],[-75.538787247999949,6.2802713220000328],[-75.538785601999962,6.2802439090000348],[-75.538785043999951,6.280234594000035],[-75.538756114999956,6.2802368010000578]]]},"properties":{"OBJECTID":657,"Año":2020,"Tipo":"Vivienda","Aream2":14.125278314606174,"lenght":15.112047558651096,"Ubicacion":"Poligono general construcciones"}},{"type":"Feature","id":658,"geometry":{"type":"Polygon","coordinates":[[[-75.538751848999937,6.2803491850000341],[-75.538839410999969,6.2803540910000493],[-75.538834463999933,6.2802756630000545],[-75.538810879999971,6.2802744790000702],[-75.538805798999988,6.2802742240000384],[-75.538751471999944,6.2802714960000685],[-75.538751848999937,6.2803491850000341]]]},"properties":{"OBJECTID":658,"Año":2020,"Tipo":"Vivienda","Aream2":81.338616604193845,"lenght":36.18787145721204,"Ubicacion":"Poligono general construcciones"}},{"type":"Feature","id":659,"geometry":{"type":"Polygon","coordinates":[[[-75.538665342999934,6.2802824380000288],[-75.538662516999977,6.2802932540000711],[-75.538673459999984,6.2802958870000225],[-75.538705955999944,6.28030370700003],[-75.538712606999979,6.2802625440000384],[-75.538671484999952,6.2802589360000525],[-75.538665342999934,6.2802824380000288]]]},"properties":{"OBJECTID":659,"Año":2020,"Tipo":"Vivienda","Aream2":20.205702240563788,"lenght":18.048825069837907,"Ubicacion":"Poligono general construcciones"}},{"type":"Feature","id":660,"geometry":{"type":"Polygon","coordinates":[[[-75.538843730999986,6.2803030390000458],[-75.538838775999977,6.2803799920000642],[-75.538860110999963,6.2803844580000714],[-75.538860484999987,6.2803044800000407],[-75.538843730999986,6.2803030390000458]]]},"properties":{"OBJECTID":660,"Año":2020,"Tipo":"Vivienda","Aream2":18.389221622448776,"lenght":21.648891963031787,"Ubicacion":"Poligono general construcciones"}},{"type":"Feature","id":661,"geometry":{"type":"Polygon","coordinates":[[[-75.538900812999941,6.2803012380000496],[-75.538903851999976,6.2803744130000609],[-75.538958961999981,6.2803626510000754],[-75.538955463999969,6.2803417890000333],[-75.538942500999951,6.280264475000024],[-75.53890062399995,6.2802623940000331],[-75.538900812999941,6.2803012380000496]]]},"properties":{"OBJECTID":661,"Año":2020,"Tipo":"Vivienda","Aream2":63.610425356118583,"lenght":34.284844883193585,"Ubicacion":"Poligono general construcciones"}},{"type":"Feature","id":662,"geometry":{"type":"Polygon","coordinates":[[[-75.538955463999969,6.2803417890000333],[-75.538995398999987,6.2803419090000716],[-75.53897892699996,6.2802330830000415],[-75.538977311999986,6.2802224150000256],[-75.538959421999948,6.2802250600000207],[-75.538934714999982,6.2802287140000317],[-75.538942500999951,6.280264475000024],[-75.538955463999969,6.2803417890000333]]]},"properties":{"OBJECTID":662,"Año":2020,"Tipo":"Vivienda","Aream2":58.629541742889096,"lenght":35.272288935494444,"Ubicacion":"Poligono general construcciones"}},{"type":"Feature","id":663,"geometry":{"type":"Polygon","coordinates":[[[-75.53897892699996,6.2802330830000415],[-75.539002929999981,6.2803251160000286],[-75.539039422999963,6.2803157980000606],[-75.539023740999937,6.2802214270000718],[-75.539009097999951,6.2802252360000352],[-75.53898712299997,6.2802309520000676],[-75.53897892699996,6.2802330830000415]]]},"properties":{"OBJECTID":663,"Año":2020,"Tipo":"Vivienda","Aream2":48.929912222276613,"lenght":30.394776629986765,"Ubicacion":"Poligono general construcciones"}},{"type":"Feature","id":664,"geometry":{"type":"Polygon","coordinates":[[[-75.538959421999948,6.2802250600000207],[-75.538957461999985,6.280210324000052],[-75.53897479799997,6.2802153300000327],[-75.53898712299997,6.2802309520000676],[-75.539009097999951,6.2802252360000352],[-75.538993773999948,6.2801636850000477],[-75.538923498999964,6.2801833560000659],[-75.538916235999977,6.280185389000053],[-75.538934714999982,6.2802287140000317],[-75.538959421999948,6.2802250600000207]]]},"properties":{"OBJECTID":664,"Año":2020,"Tipo":"Vivienda","Aream2":48.281756647442677,"lenght":32.257054069735396,"Ubicacion":"Poligono general construcciones"}},{"type":"Feature","id":665,"geometry":{"type":"Polygon","coordinates":[[[-75.538993773999948,6.2801636850000477],[-75.538974393999979,6.2800914200000761],[-75.53890217299994,6.2801108130000216],[-75.538923498999964,6.2801833560000659],[-75.538993773999948,6.2801636850000477]]]},"properties":{"OBJECTID":665,"Año":2020,"Tipo":"Vivienda","Aream2":68.015839190120587,"lenght":32.991727744845321,"Ubicacion":"Poligono general construcciones"}},{"type":"Feature","id":666,"geometry":{"type":"Polygon","coordinates":[[[-75.538841017999971,6.2801842130000409],[-75.538902478999944,6.2801740300000688],[-75.538889243999961,6.2801131600000417],[-75.538835236999944,6.2801210390000506],[-75.538841017999971,6.2801842130000409]]]},"properties":{"OBJECTID":666,"Año":2020,"Tipo":"Vivienda","Aream2":44.885176177850305,"lenght":26.842158260798172,"Ubicacion":"Poligono general construcciones"}},{"type":"Feature","id":667,"geometry":{"type":"Polygon","coordinates":[[[-75.539048409999964,6.280128383000033],[-75.539038236999943,6.2800713070000711],[-75.538995658999966,6.2800814150000406],[-75.539003521999973,6.2801331710000454],[-75.539011574999961,6.2801323120000347],[-75.539048409999964,6.280128383000033]]]},"properties":{"OBJECTID":667,"Año":2020,"Tipo":"Vivienda","Aream2":29.954193091413607,"lenght":22.042269421896698,"Ubicacion":"Poligono general construcciones"}},{"type":"Feature","id":668,"geometry":{"type":"Polygon","coordinates":[[[-75.539011574999961,6.2801323120000347],[-75.539007437999942,6.2801560020000693],[-75.539048523999952,6.2801519950000397],[-75.539048409999964,6.280128383000033],[-75.539011574999961,6.2801323120000347]]]},"properties":{"OBJECTID":668,"Año":2020,"Tipo":"Vivienda","Aream2":11.1822702769608,"lenght":13.940254760575684,"Ubicacion":"Poligono general construcciones"}},{"type":"Feature","id":669,"geometry":{"type":"Polygon","coordinates":[[[-75.539007437999942,6.2801560020000693],[-75.539018992999956,6.2801841290000766],[-75.539055518999987,6.2801816660000327],[-75.539048523999952,6.2801519950000397],[-75.539007437999942,6.2801560020000693]]]},"properties":{"OBJECTID":669,"Año":2020,"Tipo":"Vivienda","Aream2":14.095573080473585,"lenght":15.355997680491559,"Ubicacion":"Poligono general construcciones"}},{"type":"Feature","id":670,"geometry":{"type":"Polygon","coordinates":[[[-75.539072460999989,6.28006504800004],[-75.539081963999934,6.2801411690000464],[-75.539108587999976,6.2801372310000261],[-75.539096818999951,6.2800649290000479],[-75.539072460999989,6.28006504800004]]]},"properties":{"OBJECTID":670,"Año":2020,"Tipo":"Vivienda","Aream2":23.421647886962962,"lenght":22.261962875499808,"Ubicacion":"Poligono general construcciones"}},{"type":"Feature","id":671,"geometry":{"type":"Polygon","coordinates":[[[-75.539108587999976,6.2801372310000261],[-75.53913218799994,6.2801378780000618],[-75.539121610999985,6.2800724830000263],[-75.539119631999938,6.2800602490000301],[-75.539107347999959,6.2800627690000397],[-75.539096818999951,6.2800649290000479],[-75.539108587999976,6.2801372310000261]]]},"properties":{"OBJECTID":671,"Año":2020,"Tipo":"Vivienda","Aream2":21.596701240746601,"lenght":21.99081727352759,"Ubicacion":"Poligono general construcciones"}},{"type":"Feature","id":672,"geometry":{"type":"Polygon","coordinates":[[[-75.53911269699995,6.2800427630000399],[-75.539083024999968,6.2800459540000588],[-75.539072460999989,6.28006504800004],[-75.539096818999951,6.2800649290000479],[-75.539107347999959,6.2800627690000397],[-75.53911269699995,6.2800427630000399]]]},"properties":{"OBJECTID":672,"Año":2020,"Tipo":"Vivienda","Aream2":7.7731429405217769,"lenght":11.892872839649662,"Ubicacion":"Poligono general construcciones"}},{"type":"Feature","id":673,"geometry":{"type":"Polygon","coordinates":[[[-75.539121610999985,6.2800724830000263],[-75.539130350999983,6.280073145000074],[-75.539130972999942,6.2800441990000309],[-75.53911269699995,6.2800427630000399],[-75.539107347999959,6.2800627690000397],[-75.539119631999938,6.2800602490000301],[-75.539121610999985,6.2800724830000263]]]},"properties":{"OBJECTID":673,"Año":2020,"Tipo":"Vivienda","Aream2":5.9114053959993846,"lenght":11.25059741161995,"Ubicacion":"Poligono general construcciones"}},{"type":"Feature","id":674,"geometry":{"type":"Polygon","coordinates":[[[-75.539211128999966,6.2800917940000431],[-75.539198750999958,6.2800507240000343],[-75.539156168999966,6.2800600710000367],[-75.539162443999942,6.2800981250000518],[-75.539179014999945,6.2800959700000476],[-75.539211128999966,6.2800917940000431]]]},"properties":{"OBJECTID":674,"Año":2020,"Tipo":"Vivienda","Aream2":22.995157471322351,"lenght":19.269055500248676,"Ubicacion":"Poligono general construcciones"}},{"type":"Feature","id":675,"geometry":{"type":"Polygon","coordinates":[[[-75.539179014999945,6.2800959700000476],[-75.539179296999976,6.2801201310000465],[-75.53920971499997,6.2801138900000524],[-75.539211128999966,6.2800917940000431],[-75.539179014999945,6.2800959700000476]]]},"properties":{"OBJECTID":675,"Año":2020,"Tipo":"Vivienda","Aream2":8.8161712616299521,"lenght":12.142228814437694,"Ubicacion":"Poligono general construcciones"}},{"type":"Feature","id":676,"geometry":{"type":"Polygon","coordinates":[[[-75.539162443999942,6.2800981250000518],[-75.539156489999982,6.280126335000034],[-75.539169786999935,6.2801227170000402],[-75.539179296999976,6.2801201310000465],[-75.539179014999945,6.2800959700000476],[-75.539162443999942,6.2800981250000518]]]},"properties":{"OBJECTID":676,"Año":2020,"Tipo":"Vivienda","Aream2":6.1660717462269261,"lenght":10.326824707202416,"Ubicacion":"Poligono general construcciones"}},{"type":"Feature","id":677,"geometry":{"type":"Polygon","coordinates":[[[-75.539169786999935,6.2801227170000402],[-75.539181091999978,6.2801764860000731],[-75.539239241999951,6.280155799000056],[-75.539253825999936,6.2801506110000673],[-75.539227967999977,6.2801107550000665],[-75.53920971499997,6.2801138900000524],[-75.539169786999935,6.2801227170000402]]]},"properties":{"OBJECTID":677,"Año":2020,"Tipo":"Vivienda","Aream2":42.033941902604944,"lenght":26.452061238727048,"Ubicacion":"Poligono general construcciones"}},{"type":"Feature","id":678,"geometry":{"type":"Polygon","coordinates":[[[-75.539186795999967,6.2801925800000618],[-75.539198070999987,6.2802243890000682],[-75.539230484999962,6.2802049350000289],[-75.539231298999937,6.2802026470000669],[-75.539233579999973,6.2801957510000648],[-75.539236783999968,6.2801860670000451],[-75.539237919999948,6.2801807200000326],[-75.539239214999952,6.2801746310000226],[-75.539240622999955,6.2801717520000579],[-75.539239241999951,6.280155799000056],[-75.539181091999978,6.2801764860000731],[-75.539186795999967,6.2801925800000618]]]},"properties":{"OBJECTID":678,"Año":2020,"Tipo":"Vivienda","Aream2":29.234420296384485,"lenght":22.254675686152126,"Ubicacion":"Poligono general construcciones"}},{"type":"Feature","id":679,"geometry":{"type":"Polygon","coordinates":[[[-75.539115016999972,6.2802072740000767],[-75.539138882999964,6.2802627610000741],[-75.539175352999962,6.2802488730000618],[-75.539162963999956,6.2802055180000593],[-75.539186795999967,6.2801925800000618],[-75.539181091999978,6.2801764860000731],[-75.539139352999939,6.2801959350000516],[-75.539115016999972,6.2802072740000767]]]},"properties":{"OBJECTID":679,"Año":2020,"Tipo":"Vivienda","Aream2":38.395684088970754,"lenght":28.944271436555546,"Ubicacion":"Poligono general construcciones"}},{"type":"Feature","id":680,"geometry":{"type":"Polygon","coordinates":[[[-75.539070695999953,6.2802163670000368],[-75.539069389999952,6.2802166350000448],[-75.539083374999962,6.2802752160000637],[-75.539125945999956,6.280263585000057],[-75.539115016999972,6.2802072740000767],[-75.539070695999953,6.2802163670000368]]]},"properties":{"OBJECTID":680,"Año":2020,"Tipo":"Vivienda","Aream2":32.612068468079471,"lenght":23.045416680173574,"Ubicacion":"Poligono general construcciones"}},{"type":"Feature","id":681,"geometry":{"type":"Polygon","coordinates":[[[-75.539081963999934,6.2801411690000464],[-75.539086833999988,6.280203603000075],[-75.539139352999939,6.2801959350000516],[-75.53913218799994,6.2801378780000618],[-75.539108587999976,6.2801372310000261],[-75.539081963999934,6.2801411690000464]]]},"properties":{"OBJECTID":681,"Año":2020,"Tipo":"Vivienda","Aream2":38.964117628945019,"lenght":24.862616701343995,"Ubicacion":"Poligono general construcciones"}},{"type":"Feature","id":682,"geometry":{"type":"Polygon","coordinates":[[[-75.539028167999959,6.2801924620000591],[-75.53905079499998,6.2803066040000317],[-75.539089589999946,6.2803010840000297],[-75.539083374999962,6.2802752160000637],[-75.539070695999953,6.2802163670000368],[-75.539064685999961,6.2801884770000242],[-75.539028167999959,6.2801924620000591]]]},"properties":{"OBJECTID":682,"Año":2020,"Tipo":"Vivienda","Aream2":53.30490347007693,"lenght":34.030432673833516,"Ubicacion":"Poligono general construcciones"}},{"type":"Feature","id":683,"geometry":{"type":"Polygon","coordinates":[[[-75.539099485999941,6.2803010350000363],[-75.539102696999976,6.2803352950000431],[-75.539114886999982,6.2803375210000354],[-75.53914217199997,6.2803460990000417],[-75.539149413999951,6.2803483760000631],[-75.53914967999998,6.2802916520000736],[-75.539099485999941,6.2803010350000363]]]},"properties":{"OBJECTID":683,"Año":2020,"Tipo":"Vivienda","Aream2":26.61151066315001,"lenght":21.108411504916717,"Ubicacion":"Poligono general construcciones"}},{"type":"Feature","id":684,"geometry":{"type":"Polygon","coordinates":[[[-75.539221770999973,6.2803974380000227],[-75.539262090999955,6.280397740000069],[-75.539253924999969,6.2802835290000303],[-75.539240216999985,6.2802849850000371],[-75.539193820999969,6.2802899140000363],[-75.539200431999973,6.2803972780000663],[-75.539221770999973,6.2803974380000227]]]},"properties":{"OBJECTID":684,"Año":2020,"Tipo":"Vivienda","Aream2":82.835700613760579,"lenght":38.076322663562671,"Ubicacion":"Poligono general construcciones"}},{"type":"Feature","id":685,"geometry":{"type":"Polygon","coordinates":[[[-75.539221770999973,6.2803974380000227],[-75.539223407999941,6.2804261100000645],[-75.539269858999944,6.2804296930000305],[-75.539262090999955,6.280397740000069],[-75.539221770999973,6.2803974380000227]]]},"properties":{"OBJECTID":685,"Año":2020,"Tipo":"Vivienda","Aream2":15.987237508635371,"lenght":16.432583491630417,"Ubicacion":"Poligono general construcciones"}},{"type":"Feature","id":686,"geometry":{"type":"Polygon","coordinates":[[[-75.539192922999973,6.2802617360000568],[-75.539193820999969,6.2802899140000363],[-75.539240216999985,6.2802849850000371],[-75.539239333999944,6.2802569410000615],[-75.539192922999973,6.2802617360000568]]]},"properties":{"OBJECTID":686,"Año":2020,"Tipo":"Vivienda","Aream2":16.021395160913265,"lenght":16.549298083116142,"Ubicacion":"Poligono general construcciones"}},{"type":"Feature","id":687,"geometry":{"type":"Polygon","coordinates":[[[-75.539239333999944,6.2802569410000615],[-75.539237411999977,6.2802259810000578],[-75.539223862999961,6.2802339210000468],[-75.539223978999985,6.2802323780000506],[-75.539224820999948,6.2802286840000647],[-75.539195077999977,6.2802350670000351],[-75.539192922999973,6.2802617360000568],[-75.539239333999944,6.2802569410000615]]]},"properties":{"OBJECTID":687,"Año":2020,"Tipo":"Vivienda","Aream2":15.248478292106123,"lenght":17.248955116238346,"Ubicacion":"Poligono general construcciones"}},{"type":"Feature","id":688,"geometry":{"type":"Polygon","coordinates":[[[-75.539271510999981,6.2802994390000322],[-75.53928704499998,6.2803633440000226],[-75.539306032999946,6.2803548730000216],[-75.53928517099996,6.2802909940000404],[-75.539271510999981,6.2802994390000322]]]},"properties":{"OBJECTID":688,"Año":2020,"Tipo":"Vivienda","Aream2":14.651735347115398,"lenght":18.785617014861955,"Ubicacion":"Poligono general construcciones"}},{"type":"Feature","id":689,"geometry":{"type":"Polygon","coordinates":[[[-75.538554831999988,6.2800788860000694],[-75.538557967999964,6.2801308110000491],[-75.53860401999998,6.2801228010000614],[-75.538649472999964,6.2801148950000538],[-75.538641949999942,6.280035195000039],[-75.538554087999955,6.2800665640000375],[-75.538554831999988,6.2800788860000694]]]},"properties":{"OBJECTID":689,"Año":2020,"Tipo":"Vivienda","Aream2":80.666976808488286,"lenght":36.577585075206592,"Ubicacion":"Poligono general construcciones"}},{"type":"Feature","id":690,"geometry":{"type":"Polygon","coordinates":[[[-75.538641949999942,6.280035195000039],[-75.538552471999935,6.2799785030000521],[-75.538554087999955,6.2800665640000375],[-75.538641949999942,6.280035195000039]]]},"properties":{"OBJECTID":690,"Año":2020,"Tipo":"Vivienda","Aream2":47.667765334184182,"lenght":31.787744940113093,"Ubicacion":"Poligono general construcciones"}},{"type":"Feature","id":691,"geometry":{"type":"Polygon","coordinates":[[[-75.538557967999964,6.2801308110000491],[-75.538565499999947,6.2802162350000685],[-75.538565518999974,6.2802164630000448],[-75.538580820999982,6.2802160630000685],[-75.538604720999956,6.2802154380000275],[-75.538621412999987,6.2802150010000446],[-75.53860401999998,6.2801228010000614],[-75.538557967999964,6.2801308110000491]]]},"properties":{"OBJECTID":691,"Año":2020,"Tipo":"Vivienda","Aream2":56.211132174917914,"lenght":31.250020199950985,"Ubicacion":"Poligono general construcciones"}},{"type":"Feature","id":692,"geometry":{"type":"Polygon","coordinates":[[[-75.538554831999988,6.2800788860000694],[-75.538526870999988,6.280095258000074],[-75.538535380999974,6.2801333010000349],[-75.538557967999964,6.2801308110000491],[-75.538554831999988,6.2800788860000694]]]},"properties":{"OBJECTID":692,"Año":2020,"Tipo":"Vivienda","Aream2":14.589912982783252,"lenght":16.166131841708914,"Ubicacion":"Poligono general construcciones"}},{"type":"Feature","id":693,"geometry":{"type":"Polygon","coordinates":[[[-75.53860401999998,6.2801228010000614],[-75.538620274999971,6.2802023680000616],[-75.538627468999948,6.2802375840000764],[-75.538666694999961,6.2802326340000718],[-75.538649472999964,6.2801148950000538],[-75.53860401999998,6.2801228010000614]]]},"properties":{"OBJECTID":693,"Año":2020,"Tipo":"Vivienda","Aream2":61.857830193422778,"lenght":35.601569351423059,"Ubicacion":"Poligono general construcciones"}},{"type":"Feature","id":694,"geometry":{"type":"Polygon","coordinates":[[[-75.538614472999939,6.2802554990000203],[-75.538620418999983,6.2802554700000428],[-75.538641827999982,6.280255367000052],[-75.538656099999969,6.2802552970000534],[-75.538666694999961,6.2802326340000718],[-75.538627468999948,6.2802375840000764],[-75.538621412999987,6.2802150010000446],[-75.538604720999956,6.2802154380000275],[-75.538614472999939,6.2802554990000203]]]},"properties":{"OBJECTID":694,"Año":2020,"Tipo":"Vivienda","Aream2":16.24823819269421,"lenght":20.745085689155129,"Ubicacion":"Poligono general construcciones"}},{"type":"Feature","id":695,"geometry":{"type":"Polygon","coordinates":[[[-75.538580820999982,6.2802160630000685],[-75.538583566999989,6.2802592190000723],[-75.538620418999983,6.2802554700000428],[-75.538604720999956,6.2802154380000275],[-75.538580820999982,6.2802160630000685]]]},"properties":{"OBJECTID":695,"Año":2020,"Tipo":"Vivienda","Aream2":15.71350117818748,"lenght":16.28518165090885,"Ubicacion":"Poligono general construcciones"}},{"type":"Feature","id":696,"geometry":{"type":"Polygon","coordinates":[[[-75.538565499999947,6.2802162350000685],[-75.538529838999978,6.2802166360000342],[-75.538530526999978,6.2802392300000633],[-75.538531252999974,6.2802630440000371],[-75.538583566999989,6.2802592190000723],[-75.538580820999982,6.2802160630000685],[-75.538565499999947,6.2802162350000685]]]},"properties":{"OBJECTID":696,"Año":2020,"Tipo":"Vivienda","Aream2":28.369490464450184,"lenght":21.366575727328861,"Ubicacion":"Poligono general construcciones"}},{"type":"Feature","id":697,"geometry":{"type":"Polygon","coordinates":[[[-75.538503784999989,6.280239368000025],[-75.538477615999966,6.280239502000029],[-75.538478943999962,6.2802680580000469],[-75.538531252999974,6.2802630440000371],[-75.538530526999978,6.2802392300000633],[-75.538503784999989,6.280239368000025]]]},"properties":{"OBJECTID":697,"Año":2020,"Tipo":"Vivienda","Aream2":16.896825876775988,"lenght":17.468975383272419,"Ubicacion":"Poligono general construcciones"}},{"type":"Feature","id":698,"geometry":{"type":"Polygon","coordinates":[[[-75.538529838999978,6.2802166360000342],[-75.538502471999948,6.2802143890000366],[-75.538503784999989,6.280239368000025],[-75.538530526999978,6.2802392300000633],[-75.538529838999978,6.2802166360000342]]]},"properties":{"OBJECTID":698,"Año":2020,"Tipo":"Vivienda","Aream2":7.8648647476725699,"lenght":11.265640428852329,"Ubicacion":"Poligono general construcciones"}},{"type":"Feature","id":699,"geometry":{"type":"Polygon","coordinates":[[[-75.538478943999962,6.2802680580000469],[-75.538497395999968,6.2803941210000289],[-75.538659118999988,6.28038738500004],[-75.53865499799997,6.2803559230000587],[-75.538644645999966,6.2802768830000559],[-75.538641827999982,6.280255367000052],[-75.538478943999962,6.2802680580000469]]]},"properties":{"OBJECTID":699,"Año":2020,"Tipo":"Vivienda","Aream2":258.5069170098086,"lenght":64.815264254609104,"Ubicacion":"Poligono general construcciones"}},{"type":"Feature","id":700,"geometry":{"type":"Polygon","coordinates":[[[-75.53865499799997,6.2803559230000587],[-75.538688587999957,6.2803324970000745],[-75.538673459999984,6.2802958870000225],[-75.538665342999934,6.2802824380000288],[-75.538644645999966,6.2802768830000559],[-75.53865499799997,6.2803559230000587]]]},"properties":{"OBJECTID":700,"Año":2020,"Tipo":"Vivienda","Aream2":23.859321743408795,"lenght":21.839805936538855,"Ubicacion":"Poligono general construcciones"}},{"type":"Feature","id":701,"geometry":{"type":"Polygon","coordinates":[[[-75.538238250999939,6.2801775870000256],[-75.538221489999955,6.2801550560000692],[-75.53818591299995,6.2801766510000334],[-75.538194324999949,6.280194462000054],[-75.538238250999939,6.2801775870000256]]]},"properties":{"OBJECTID":701,"Año":2020,"Tipo":"Vivienda","Aream2":12.779224957987509,"lenght":15.098490294485408,"Ubicacion":"Poligono general construcciones"}},{"type":"Feature","id":702,"geometry":{"type":"Polygon","coordinates":[[[-75.538194324999949,6.280194462000054],[-75.538171617999978,6.2801719600000752],[-75.53813606999995,6.2801995050000414],[-75.538159966999956,6.2802220010000269],[-75.538194324999949,6.280194462000054]]]},"properties":{"OBJECTID":702,"Año":2020,"Tipo":"Vivienda","Aream2":17.483160120725255,"lenght":17.016432449893284,"Ubicacion":"Poligono general construcciones"}},{"type":"Feature","id":703,"geometry":{"type":"Polygon","coordinates":[[[-75.538159966999956,6.2802220010000269],[-75.538179215999946,6.2802671320000627],[-75.538214052999933,6.2802473010000313],[-75.538217170999985,6.2802455260000443],[-75.538207546999956,6.2802240140000549],[-75.538194324999949,6.280194462000054],[-75.538159966999956,6.2802220010000269]]]},"properties":{"OBJECTID":703,"Año":2020,"Tipo":"Vivienda","Aream2":27.619691988721492,"lenght":21.320609638776432,"Ubicacion":"Poligono general construcciones"}},{"type":"Feature","id":704,"geometry":{"type":"Polygon","coordinates":[[[-75.538194324999949,6.280194462000054],[-75.538207546999956,6.2802240140000549],[-75.538253861999976,6.2802084540000465],[-75.538238250999939,6.2801775870000256],[-75.538194324999949,6.280194462000054]]]},"properties":{"OBJECTID":704,"Año":2020,"Tipo":"Vivienda","Aream2":19.548005225344053,"lenght":18.022317822277802,"Ubicacion":"Poligono general construcciones"}},{"type":"Feature","id":705,"geometry":{"type":"Polygon","coordinates":[[[-75.538207546999956,6.2802240140000549],[-75.538214052999933,6.2802473010000313],[-75.538220865999961,6.2802716900000632],[-75.538263520999976,6.2802381610000566],[-75.538253861999976,6.2802084540000465],[-75.538207546999956,6.2802240140000549]]]},"properties":{"OBJECTID":705,"Año":2020,"Tipo":"Vivienda","Aream2":24.521781717090647,"lenght":20.341236289777513,"Ubicacion":"Poligono general construcciones"}},{"type":"Feature","id":706,"geometry":{"type":"Polygon","coordinates":[[[-75.538214052999933,6.2802473010000313],[-75.538179215999946,6.2802671320000627],[-75.538185259999977,6.2802873350000255],[-75.538220865999961,6.2802716900000632],[-75.538217170999985,6.2802455260000443],[-75.538214052999933,6.2802473010000313]]]},"properties":{"OBJECTID":706,"Año":2020,"Tipo":"Vivienda","Aream2":11.548556452169164,"lenght":14.392029179341179,"Ubicacion":"Poligono general construcciones"}},{"type":"Feature","id":707,"geometry":{"type":"Polygon","coordinates":[[[-75.538185259999977,6.2802873350000255],[-75.538222366999946,6.2803359490000616],[-75.538256770999965,6.2803179310000701],[-75.538231656999983,6.2802894900000297],[-75.538244664999979,6.2802739560000305],[-75.538220865999961,6.2802716900000632],[-75.538185259999977,6.2802873350000255]]]},"properties":{"OBJECTID":707,"Año":2020,"Tipo":"Vivienda","Aream2":29.430622250271128,"lenght":24.452840983783652,"Ubicacion":"Poligono general construcciones"}},{"type":"Feature","id":708,"geometry":{"type":"Polygon","coordinates":[[[-75.538220865999961,6.2802716900000632],[-75.538244664999979,6.2802739560000305],[-75.538231656999983,6.2802894900000297],[-75.538256770999965,6.2803179310000701],[-75.53829826599997,6.2802903570000694],[-75.538263520999976,6.2802381610000566],[-75.538220865999961,6.2802716900000632]]]},"properties":{"OBJECTID":708,"Año":2020,"Tipo":"Vivienda","Aream2":36.976294836192693,"lenght":27.538194463183395,"Ubicacion":"Poligono general construcciones"}},{"type":"Feature","id":709,"geometry":{"type":"Polygon","coordinates":[[[-75.538317828999936,6.2801646810000307],[-75.538365472999942,6.2802573740000298],[-75.53839736499998,6.2802412240000649],[-75.538391333999982,6.280232303000048],[-75.538333728999987,6.2801470860000563],[-75.538317828999936,6.2801646810000307]]]},"properties":{"OBJECTID":709,"Año":2020,"Tipo":"Vivienda","Aream2":38.817931604266015,"lenght":30.679291035578345,"Ubicacion":"Poligono general construcciones"}},{"type":"Feature","id":710,"geometry":{"type":"Polygon","coordinates":[[[-75.538301902999933,6.2801769450000506],[-75.538349524999944,6.2802650680000625],[-75.538365472999942,6.2802573740000298],[-75.538317828999936,6.2801646810000307],[-75.538301902999933,6.2801769450000506]]]},"properties":{"OBJECTID":710,"Año":2020,"Tipo":"Vivienda","Aream2":23.456644746461162,"lenght":26.793447009372031,"Ubicacion":"Poligono general construcciones"}},{"type":"Feature","id":711,"geometry":{"type":"Polygon","coordinates":[[[-75.538301902999933,6.2801769450000506],[-75.538282200999959,6.2801953210000647],[-75.538324449999948,6.2802743300000543],[-75.538349524999944,6.2802650680000625],[-75.538301902999933,6.2801769450000506]]]},"properties":{"OBJECTID":711,"Año":2020,"Tipo":"Vivienda","Aream2":30.504291925659306,"lenght":26.931192420500203,"Ubicacion":"Poligono general construcciones"}},{"type":"Feature","id":712,"geometry":{"type":"Polygon","coordinates":[[[-75.538333728999987,6.2801470860000563],[-75.538391333999982,6.280232303000048],[-75.538410164999959,6.280212218000031],[-75.538352673999952,6.2801294750000238],[-75.538333728999987,6.2801470860000563]]]},"properties":{"OBJECTID":712,"Año":2020,"Tipo":"Vivienda","Aream2":32.695496080921345,"lenght":28.433826698877198,"Ubicacion":"Poligono general construcciones"}},{"type":"Feature","id":713,"geometry":{"type":"Polygon","coordinates":[[[-75.538768802999982,6.2800779470000521],[-75.538777392999975,6.280122843000072],[-75.538805558999968,6.2801138510000669],[-75.538837423999951,6.2801012250000667],[-75.538817426999969,6.2800586690000273],[-75.538768802999982,6.2800779470000521]]]},"properties":{"OBJECTID":713,"Año":2020,"Tipo":"Vivienda","Aream2":33.080710002072294,"lenght":23.111077113751925,"Ubicacion":"Poligono general construcciones"}},{"type":"Feature","id":714,"geometry":{"type":"Polygon","coordinates":[[[-75.538757141999952,6.280027733000054],[-75.538768802999982,6.2800779470000521],[-75.538817426999969,6.2800586690000273],[-75.538872157999947,6.2800431700000559],[-75.538846750999937,6.2799838820000673],[-75.538757141999952,6.280027733000054]]]},"properties":{"OBJECTID":714,"Año":2020,"Tipo":"Vivienda","Aream2":71.739895849715396,"lenght":35.960944368094189,"Ubicacion":"Poligono general construcciones"}},{"type":"Feature","id":715,"geometry":{"type":"Polygon","coordinates":[[[-75.538896541999975,6.2800483830000644],[-75.538835713999958,6.280062388000033],[-75.538851908999959,6.2801057250000554],[-75.538908202999949,6.2800985970000625],[-75.53890536199998,6.2800863640000557],[-75.538896541999975,6.2800483830000644]]]},"properties":{"OBJECTID":715,"Año":2020,"Tipo":"Vivienda","Aream2":35.333651496459282,"lenght":24.007662669624608,"Ubicacion":"Poligono general construcciones"}},{"type":"Feature","id":716,"geometry":{"type":"Polygon","coordinates":[[[-75.538896541999975,6.2800483830000644],[-75.53890536199998,6.2800863640000557],[-75.538942352999982,6.2800771040000427],[-75.538939093999943,6.2800329430000374],[-75.538896541999975,6.2800483830000644]]]},"properties":{"OBJECTID":716,"Año":2020,"Tipo":"Vivienda","Aream2":20.908988037936616,"lenght":18.440419150027434,"Ubicacion":"Poligono general construcciones"}},{"type":"Feature","id":717,"geometry":{"type":"Polygon","coordinates":[[[-75.538868528999956,6.2799867980000386],[-75.538859724999952,6.2799906750000218],[-75.538896541999975,6.2800483830000644],[-75.538939093999943,6.2800329430000374],[-75.538917452999954,6.2799652590000505],[-75.538868528999956,6.2799867980000386]]]},"properties":{"OBJECTID":717,"Año":2020,"Tipo":"Vivienda","Aream2":45.791636613808855,"lenght":27.42252216531449,"Ubicacion":"Poligono general construcciones"}},{"type":"Feature","id":718,"geometry":{"type":"Polygon","coordinates":[[[-75.538917452999954,6.2799652590000505],[-75.538891239999941,6.2798968360000345],[-75.538837375999947,6.2799344180000389],[-75.538868528999956,6.2799867980000386],[-75.538917452999954,6.2799652590000505]]]},"properties":{"OBJECTID":718,"Año":2020,"Tipo":"Vivienda","Aream2":48.380305575348558,"lenght":28.030207544334921,"Ubicacion":"Poligono general construcciones"}},{"type":"Feature","id":719,"geometry":{"type":"Polygon","coordinates":[[[-75.538846750999937,6.2799838820000673],[-75.538825197999984,6.2799344780000297],[-75.538745405999975,6.2799622860000568],[-75.538757141999952,6.280027733000054],[-75.538846750999937,6.2799838820000673]]]},"properties":{"OBJECTID":719,"Año":2020,"Tipo":"Vivienda","Aream2":66.842591484153814,"lenght":33.708227252185729,"Ubicacion":"Poligono general construcciones"}},{"type":"Feature","id":720,"geometry":{"type":"Polygon","coordinates":[[[-75.538790810999956,6.2799072250000449],[-75.53878688399999,6.279882108000038],[-75.538745076999987,6.2798944980000329],[-75.53874671799997,6.2799188640000239],[-75.538790810999956,6.2799072250000449]]]},"properties":{"OBJECTID":720,"Año":2020,"Tipo":"Vivienda","Aream2":13.417843701164502,"lenght":15.385722835689851,"Ubicacion":"Poligono general construcciones"}},{"type":"Feature","id":721,"geometry":{"type":"Polygon","coordinates":[[[-75.53874671799997,6.2799188640000239],[-75.538753704999976,6.2799470120000365],[-75.538797786999965,6.2799330870000745],[-75.538790810999956,6.2799072250000449],[-75.53874671799997,6.2799188640000239]]]},"properties":{"OBJECTID":721,"Año":2020,"Tipo":"Vivienda","Aream2":15.666906522189883,"lenght":16.333945104573676,"Ubicacion":"Poligono general construcciones"}},{"type":"Feature","id":722,"geometry":{"type":"Polygon","coordinates":[[[-75.538837058999945,6.2798689160000549],[-75.538838758999987,6.2799054680000381],[-75.538886605999949,6.2798831480000672],[-75.538875055999938,6.2798557830000732],[-75.538837058999945,6.2798689160000549]]]},"properties":{"OBJECTID":722,"Año":2020,"Tipo":"Vivienda","Aream2":18.229547747808521,"lenght":17.624741422246966,"Ubicacion":"Poligono general construcciones"}},{"type":"Feature","id":723,"geometry":{"type":"Polygon","coordinates":[[[-75.539040968999984,6.2798496460000592],[-75.538984940999967,6.2797547100000202],[-75.538899871999945,6.2797932060000221],[-75.538958290999972,6.2799102200000334],[-75.538991814999974,6.2798856590000582],[-75.539040968999984,6.2798496460000592]]]},"properties":{"OBJECTID":723,"Año":2020,"Tipo":"Vivienda","Aream2":143.50794248429455,"lenght":48.336662378215046,"Ubicacion":"Poligono general construcciones"}},{"type":"Feature","id":724,"geometry":{"type":"Polygon","coordinates":[[[-75.53906353299999,6.2800198670000213],[-75.53907251399994,6.2800366750000762],[-75.539127079999957,6.2800066570000581],[-75.539040968999984,6.2798496460000592],[-75.538991814999974,6.2798856590000582],[-75.539020297999969,6.2799389590000487],[-75.53906353299999,6.2800198670000213]]]},"properties":{"OBJECTID":724,"Año":2020,"Tipo":"Vivienda","Aream2":131.48221712446383,"lenght":52.385233116779268,"Ubicacion":"Poligono general construcciones"}},{"type":"Feature","id":725,"geometry":{"type":"Polygon","coordinates":[[[-75.539020297999969,6.2799389590000487],[-75.539004362999947,6.2799632180000344],[-75.539038021999943,6.2800368420000723],[-75.53906353299999,6.2800198670000213],[-75.539020297999969,6.2799389590000487]]]},"properties":{"OBJECTID":725,"Año":2020,"Tipo":"Vivienda","Aream2":29.304233138367248,"lenght":25.704572116432619,"Ubicacion":"Poligono general construcciones"}},{"type":"Feature","id":726,"geometry":{"type":"Polygon","coordinates":[[[-75.538972339999987,6.2799817500000472],[-75.538956915999961,6.2799406940000608],[-75.538927310999952,6.2799575940000523],[-75.538944998999966,6.279994830000021],[-75.538972339999987,6.2799817500000472]]]},"properties":{"OBJECTID":726,"Año":2020,"Tipo":"Vivienda","Aream2":16.682439418456163,"lenght":16.537776036425107,"Ubicacion":"Poligono general construcciones"}},{"type":"Feature","id":727,"geometry":{"type":"Polygon","coordinates":[[[-75.538944998999966,6.279994830000021],[-75.538967361999937,6.280054132000032],[-75.538997775999974,6.2800471290000246],[-75.538972339999987,6.2799817500000472],[-75.538944998999966,6.279994830000021]]]},"properties":{"OBJECTID":727,"Año":2020,"Tipo":"Vivienda","Aream2":24.975387615566873,"lenght":21.578763006150268,"Ubicacion":"Poligono general construcciones"}},{"type":"Feature","id":728,"geometry":{"type":"Polygon","coordinates":[[[-75.538972339999987,6.2799817500000472],[-75.538997775999974,6.2800471290000246],[-75.539005350999957,6.28003947600007],[-75.538986772999976,6.2799755860000346],[-75.538972339999987,6.2799817500000472]]]},"properties":{"OBJECTID":728,"Año":2020,"Tipo":"Vivienda","Aream2":10.567752735614617,"lenght":18.047924970483198,"Ubicacion":"Poligono general construcciones"}},{"type":"Feature","id":729,"geometry":{"type":"Polygon","coordinates":[[[-75.538813427999969,6.2793417140000543],[-75.538825736999968,6.2794273430000658],[-75.538863749999962,6.2794176370000514],[-75.538844322999978,6.2793356140000469],[-75.538813427999969,6.2793417140000543]]]},"properties":{"OBJECTID":729,"Año":2020,"Tipo":"Vivienda","Aream2":36.890325174796999,"lenght":26.719446388018277,"Ubicacion":"Zonas verdes"}},{"type":"Feature","id":730,"geometry":{"type":"Polygon","coordinates":[[[-75.537908730999959,6.2802534970000465],[-75.537938498999949,6.280270109000071],[-75.537956630999986,6.2802418390000412],[-75.537922292999951,6.280224487000055],[-75.537908730999959,6.2802534970000465]]]},"properties":{"OBJECTID":730,"Año":2020,"Tipo":"Vivienda","Aream2":14.531985369788568,"lenght":15.287657131435015,"Ubicacion":"Zonas verdes"}},{"type":"Feature","id":731,"geometry":{"type":"Polygon","coordinates":[[[-75.537958866999986,6.2802319270000453],[-75.537982525999951,6.2802447600000733],[-75.537988556999949,6.2802325440000573],[-75.53795803099996,6.2802166980000607],[-75.537958866999986,6.2802319270000453]]]},"properties":{"OBJECTID":731,"Año":2020,"Tipo":"Vivienda","Aream2":5.0070492844487182,"lenght":9.978513572832048,"Ubicacion":"Zonas verdes"}},{"type":"Feature","id":732,"geometry":{"type":"Polygon","coordinates":[[[-75.537793034999936,6.2800979140000663],[-75.537789347999933,6.2801223060000666],[-75.537806880999938,6.2801275530000567],[-75.537811296999962,6.2800963030000503],[-75.537793034999936,6.2800979140000663]]]},"properties":{"OBJECTID":732,"Año":2020,"Tipo":"Vivienda","Aream2":6.1855140871968768,"lenght":10.273852473847997,"Ubicacion":"Zonas verdes"}},{"type":"Feature","id":733,"geometry":{"type":"MultiPolygon","coordinates":[[[[-75.538873811999963,6.2810898680000378],[-75.538875053999959,6.2810844380000503],[-75.538873068999976,6.2810822760000633],[-75.53886571299995,6.2810906160000286],[-75.538870636999945,6.2810955350000768],[-75.538874079999971,6.281089990000055],[-75.538873811999963,6.2810898680000378]]],[[[-75.538870636999945,6.2810955350000768],[-75.538865526999984,6.2810908260000247],[-75.53886571299995,6.2810906160000286],[-75.538822569999979,6.2810475170000473],[-75.538792930999989,6.281093424000062],[-75.538768094999966,6.2811389780000582],[-75.538742558999957,6.2811383850000766],[-75.538744236999946,6.2811324890000719],[-75.538752036999938,6.2811354390000247],[-75.538757484999962,6.2811146780000513],[-75.538744611999959,6.2811063240000635],[-75.538742000999946,6.2810863820000691],[-75.538725886999941,6.2810891500000707],[-75.538728014999947,6.2810988570000745],[-75.538717029999987,6.281122162000031],[-75.538723549999986,6.2811257740000315],[-75.538710603999959,6.2811738150000451],[-75.538735496999948,6.2811756030000652],[-75.538738207999984,6.2811624020000636],[-75.538752767999938,6.2811628170000517],[-75.538750884999956,6.2811660710000297],[-75.538726155999939,6.281207180000024],[-75.538774870999987,6.2812512720000768],[-75.538799246999986,6.281221194000068],[-75.538833142999977,6.2811708720000752],[-75.538829502999988,6.2811678740000616],[-75.538847571999952,6.2811343190000457],[-75.538858407999953,6.2811425270000427],[-75.538876117999962,6.281100585000047],[-75.538870636999945,6.2810955350000768]]],[[[-75.538876528999936,6.2810860460000413],[-75.538874079999971,6.281089990000055],[-75.538884498999948,6.2810947300000635],[-75.538904331999959,6.2810636150000505],[-75.538917551999987,6.2810434690000534],[-75.538924251999958,6.2810327940000548],[-75.53893048599997,6.2810213810000732],[-75.538946549999935,6.2810345370000391],[-75.53896072799995,6.2810212340000362],[-75.538975595999943,6.281035599000063],[-75.538953600999946,6.281058286000075],[-75.538919349999958,6.2810518820000425],[-75.538895332999971,6.2810993820000363],[-75.53891409199997,6.2810984170000665],[-75.538898108999945,6.2811154700000316],[-75.538920194999946,6.2811367810000434],[-75.538933258999975,6.2811599910000382],[-75.538948387999937,6.2811462080000524],[-75.538950796999984,6.281147512000075],[-75.53893362499997,6.2811763670000573],[-75.538915714999973,6.2812142030000473],[-75.53893153599995,6.2812188640000386],[-75.538922749999983,6.2812325540000415],[-75.538926668999977,6.281236136000075],[-75.538920148999978,6.281249492000029],[-75.538906387999987,6.2812205590000758],[-75.538886567999953,6.2812496180000608],[-75.538897606999967,6.2812216200000535],[-75.538877769999942,6.2812125540000352],[-75.538862436999977,6.2812458570000445],[-75.538870925999959,6.2812505300000225],[-75.538846166999974,6.2812753590000625],[-75.538876878999986,6.2812958480000702],[-75.538894246999973,6.2812672170000496],[-75.538905341999964,6.2812745220000465],[-75.538921990999938,6.2812507860000437],[-75.538929031999942,6.2812380180000673],[-75.539003555999955,6.2812893810000219],[-75.539032900999985,6.2812490700000581],[-75.539024283999936,6.2812414300000228],[-75.539108839999983,6.281123985000022],[-75.539172717999975,6.2811659250000389],[-75.539214835999985,6.2811150270000553],[-75.539251646999958,6.2810555980000231],[-75.539214084999969,6.2810355850000406],[-75.539185389999943,6.2810784260000219],[-75.539162949999934,6.2810606860000462],[-75.539122833999954,6.2811227870000721],[-75.539080498999965,6.2810999470000297],[-75.539018756999951,6.2810794610000471],[-75.538967606999961,6.2810198390000664],[-75.538994650999939,6.2809975630000281],[-75.539028741999971,6.281016998000041],[-75.539051768999968,6.281030739000073],[-75.539126516999943,6.2808753980000347],[-75.539113447999966,6.2808722840000542],[-75.539128761999962,6.2808291400000371],[-75.539168731999951,6.2808501280000542],[-75.539213591999953,6.280788484000027],[-75.539203646999965,6.2807747640000571],[-75.539220743999977,6.2807354950000445],[-75.539249146999964,6.2807626470000741],[-75.539236310999968,6.2807939530000567],[-75.53919831199994,6.2808386870000277],[-75.539183469999955,6.2808338170000297],[-75.539159286999961,6.2808891930000641],[-75.539143358999979,6.2809705070000632],[-75.539232097999957,6.2810065210000516],[-75.53924488399997,6.2810117090000404],[-75.53930550299998,6.2808613920000766],[-75.539311002999966,6.2809065570000371],[-75.539343107999969,6.2809152120000249],[-75.539344847999985,6.2808233430000655],[-75.539353564999942,6.2807434500000454],[-75.539343565999957,6.2806836260000409],[-75.539399980999974,6.2806765740000401],[-75.539400039999975,6.2806887740000548],[-75.53938581999995,6.2806897470000536],[-75.539381087999971,6.280738346000021],[-75.539370695999935,6.2807372670000632],[-75.539363609999953,6.2807659950000243],[-75.539386941999965,6.2807814710000684],[-75.539359837999939,6.2808941200000277],[-75.539402635999977,6.2808982040000387],[-75.53937504299995,6.2809591330000671],[-75.539389177999965,6.2809633390000386],[-75.539390176999973,6.2809829910000303],[-75.539327585999956,6.2809735790000332],[-75.539331771999969,6.2809520950000319],[-75.539297136999949,6.2809339620000628],[-75.539284277999968,6.2809830530000568],[-75.539314359999935,6.2809935260000316],[-75.539303473999951,6.281030180000073],[-75.539343998999982,6.281052351000028],[-75.539384663999954,6.2810566720000338],[-75.539382973999977,6.2810808560000737],[-75.539345662999949,6.2810695140000234],[-75.539314005999984,6.281128739000053],[-75.539350807999938,6.2811526340000228],[-75.539315198999986,6.2812131320000617],[-75.539303460999975,6.2812138660000301],[-75.539259321999964,6.2812380300000541],[-75.539242472999945,6.2812625670000557],[-75.539234882999949,6.2812736210000253],[-75.539215398999943,6.2812609500000463],[-75.539188919999958,6.2812829430000647],[-75.539162170999987,6.2812706790000448],[-75.539154447999977,6.2813115760000642],[-75.539111530999946,6.2812795310000524],[-75.53906178699998,6.2813505310000437],[-75.539124520999962,6.2813935950000541],[-75.539111195999965,6.2814235650000683],[-75.539094373999944,6.2814227190000338],[-75.53908265299998,6.2814510420000715],[-75.539092840999956,6.2814566410000339],[-75.539045380999937,6.2815409190000651],[-75.539023955999937,6.2815259170000672],[-75.538997323999979,6.2815953770000306],[-75.539047257999982,6.2816316420000362],[-75.539076622999971,6.2815725120000252],[-75.53913393299996,6.2816043590000277],[-75.539137954999944,6.2816336400000523],[-75.539116276999948,6.2816739900000584],[-75.539102352999976,6.2817128910000406],[-75.53902355699995,6.2816882080000482],[-75.539002530999937,6.2817903350000392],[-75.539013500999943,6.2817969890000427],[-75.538998877999973,6.2818373050000673],[-75.539074574999972,6.2818710590000251],[-75.539085690999968,6.2819463430000724],[-75.539088303999961,6.2820056240000213],[-75.539371427999981,6.2820871060000627],[-75.539371551999977,6.2820871310000257],[-75.539372774999947,6.2820872830000667],[-75.539313135999976,6.2819105520000562],[-75.539212418999966,6.2819166510000741],[-75.539155025999946,6.281920125000056],[-75.539148750999971,6.281783330000053],[-75.539157306999982,6.2817262960000448],[-75.539164233999941,6.2816936840000608],[-75.539181713999938,6.2816549220000297],[-75.539191895999977,6.2816340710000418],[-75.539158515999986,6.2816190230000757],[-75.539145988999962,6.2815894610000669],[-75.539136747999976,6.2815853030000426],[-75.539139147999947,6.2815786910000497],[-75.53910369099998,6.2815614920000371],[-75.539105624999934,6.281555686000047],[-75.539141808999943,6.2815713680000727],[-75.539216148999969,6.2816055090000305],[-75.539178818999972,6.2816937180000423],[-75.539162333999968,6.2817840970000702],[-75.539164116999984,6.2818347140000697],[-75.539167291999945,6.2818985610000482],[-75.539309055999979,6.2818947870000557],[-75.539315451999983,6.2817476000000738],[-75.539203060999967,6.28169183600005],[-75.53922879199996,6.2815961480000624],[-75.539229235999983,6.2815864360000546],[-75.53925206599996,6.281574158000069],[-75.539249988999984,6.2815292180000597],[-75.539214874999971,6.2814361330000565],[-75.539222352999957,6.2814314430000309],[-75.539262749999978,6.2815406800000346],[-75.539390029999936,6.2815301890000228],[-75.53944256699998,6.2815675290000286],[-75.539472499999988,6.281518596000069],[-75.539530368999976,6.2814220810000734],[-75.539549305999969,6.2813265700000329],[-75.539564807999966,6.2812079030000518],[-75.539554062999969,6.281110199000068],[-75.539383708999935,6.2805481900000473],[-75.539335933999951,6.280608682000036],[-75.539257498999973,6.2806616530000383],[-75.539155880999942,6.2806222800000455],[-75.539088062999951,6.2806141390000221],[-75.538953651999975,6.2805725130000383],[-75.538968766999972,6.280495214000041],[-75.539079228999981,6.2805189730000279],[-75.539089789999935,6.2804437620000613],[-75.539162193999971,6.2804464140000391],[-75.539169953999988,6.2803913330000682],[-75.53915718099995,6.2802687650000735],[-75.539182258999972,6.2802602650000381],[-75.53919908599994,6.2804338450000614],[-75.539293495999971,6.2804379570000606],[-75.539264905999971,6.2803685590000669],[-75.539316741999983,6.2803654850000612],[-75.539300518999937,6.2802823690000764],[-75.539250074999984,6.2802744070000358],[-75.539248334999968,6.2802294770000344],[-75.539241188999938,6.2802237680000417],[-75.539223862999961,6.2802339220000363],[-75.539223978999985,6.2802323790000401],[-75.539225804999944,6.2802243690000523],[-75.539227210999968,6.2802156120000632],[-75.539227638999989,6.2802129430000377],[-75.539231298999937,6.2802026470000669],[-75.539233579999973,6.2801957520000542],[-75.539236783999968,6.2801860670000451],[-75.539237919999948,6.280180721000022],[-75.539239214999952,6.2801746310000226],[-75.539245919999985,6.2801609170000461],[-75.539253825999936,6.2801506110000673],[-75.539257177999957,6.280147950000071],[-75.539233992999982,6.2801072780000595],[-75.539216227999987,6.2801072170000225],[-75.539202698999986,6.2800496420000513],[-75.539139512999952,6.2800598170000512],[-75.539131739999959,6.2800411360000226],[-75.53908387499996,6.2800391260000765],[-75.539133225999933,6.280008869000028],[-75.539059645999941,6.2798711870000261],[-75.539026020999984,6.2798123970000574],[-75.539011518999985,6.2797855040000741],[-75.53898914499996,6.2797426540000743],[-75.539032964999933,6.2797103570000559],[-75.538971111999956,6.2796028980000642],[-75.538924726999937,6.2796442540000612],[-75.538929182999937,6.279621382000073],[-75.538894512999946,6.2795356330000232],[-75.538873089999981,6.2795444200000361],[-75.538869324999951,6.2795215880000228],[-75.538812792999977,6.2795424280000702],[-75.538828646999946,6.2796095310000624],[-75.538845657999957,6.2796327550000228],[-75.538867779999975,6.279673778000074],[-75.538788927999974,6.2797085560000596],[-75.538674219999962,6.2797866840000438],[-75.538656713999956,6.2797437820000255],[-75.538643154999988,6.2796908640000311],[-75.538629765999985,6.2796612230000619],[-75.538627806999955,6.2796338130000322],[-75.538610162999987,6.2796415160000265],[-75.538576532999969,6.2796089260000372],[-75.538442425999961,6.2797379950000618],[-75.538452536999955,6.2797511990000316],[-75.53837647499995,6.2797945270000355],[-75.538312696999981,6.2798281980000752],[-75.538298573999953,6.2798527060000424],[-75.538332151999953,6.2798856820000424],[-75.538277118999986,6.2799321100000611],[-75.538306988999977,6.2799698970000577],[-75.538260339999965,6.280005587000062],[-75.538228873999969,6.2800537840000743],[-75.538211135999973,6.280051578000041],[-75.538167795999982,6.280086195000024],[-75.538182022999933,6.2801002930000323],[-75.538223349999953,6.2801462500000298],[-75.538181112999951,6.2801726870000607],[-75.538167340999962,6.2801657340000361],[-75.53812837299995,6.2802008050000495],[-75.538160755999968,6.2802356690000352],[-75.538180517999933,6.280292212000063],[-75.538164730999938,6.2803019160000417],[-75.538102812999966,6.2802482900000314],[-75.538027344999989,6.2803199490000452],[-75.538110846999984,6.2803981480000743],[-75.538194192999981,6.2803085400000214],[-75.538206905999971,6.2803341590000628],[-75.538224889999981,6.2803394820000449],[-75.538404229999969,6.2802440850000494],[-75.538400746999969,6.2802292360000251],[-75.538419230999978,6.2802176490000647],[-75.538464936999958,6.280224568000051],[-75.538490770999942,6.2804015320000417],[-75.538479443999961,6.2804201530000228],[-75.538380076999943,6.2804365780000353],[-75.538387154999953,6.2804904940000483],[-75.538392318999968,6.2805192600000623],[-75.538409234999961,6.2805228340000667],[-75.538418700999955,6.2805913390000683],[-75.538317807999988,6.2806000540000468],[-75.53835070599996,6.2806972370000267],[-75.538309027999958,6.2806732180000608],[-75.538303565999968,6.2807147980000764],[-75.538288488999967,6.2807212400000481],[-75.538289211999938,6.2806367530000671],[-75.538219237999954,6.2806342600000562],[-75.53820460999998,6.280600702000072],[-75.538218177999966,6.2805868280000254],[-75.538196849999963,6.2805494820000263],[-75.538261256999988,6.2806054410000343],[-75.538286153999934,6.2805888970000296],[-75.538207919999934,6.28050963000004],[-75.538164459999962,6.2805438950000507],[-75.538137405999976,6.2805652250000321],[-75.538164397999935,6.2806835180000462],[-75.538165795999987,6.2806896360000337],[-75.53817715699995,6.280737873000021],[-75.538184735999948,6.2807709160000513],[-75.538210999999933,6.2808854140000676],[-75.538216579999983,6.2809088670000506],[-75.538219223999988,6.2809176940000384],[-75.538227361999986,6.2809183170000438],[-75.538257641999962,6.2809208480000507],[-75.538257542999986,6.2809380000000488],[-75.538238270999955,6.2809721340000237],[-75.538286502999938,6.281008221000036],[-75.53827683999998,6.281089937000047],[-75.538231430999986,6.2811539060000428],[-75.538279496999962,6.281176523000056],[-75.538318951999941,6.2811187490000293],[-75.538352506999956,6.2811503000000357],[-75.538303001999964,6.2812202820000493],[-75.538294988999951,6.2812632790000293],[-75.538211616999945,6.2812120420000497],[-75.538172163999945,6.2812702730000751],[-75.538150478999967,6.2812622500000543],[-75.538174894999941,6.2811896900000761],[-75.538136713999961,6.2811737780000385],[-75.538111243999936,6.2812469780000697],[-75.53809591199996,6.2812720460000264],[-75.53807080699994,6.2812579010000604],[-75.538037211999949,6.2813149780000685],[-75.538014422999936,6.2813347230000431],[-75.538056113999971,6.2813694360000341],[-75.538108226999952,6.2812798240000234],[-75.538097361999974,6.2812753140000268],[-75.538114658999973,6.2812528920000545],[-75.538136928999961,6.2812616800000569],[-75.538127023999948,6.2812708360000329],[-75.538105620999943,6.2813099140000759],[-75.538076615999955,6.2813526300000717],[-75.538112102999946,6.2813806290000684],[-75.538121670999942,6.2813703450000276],[-75.538148263999972,6.2813291940000227],[-75.538131823999947,6.2813149320000434],[-75.53814678599997,6.2812864150000678],[-75.538137412999959,6.2812741750000214],[-75.538146893999965,6.2812650210000243],[-75.538176815999975,6.2812803380000446],[-75.538188096999988,6.2812929920000329],[-75.53818033899995,6.2813084920000506],[-75.538248229999965,6.281358760000046],[-75.538255818999971,6.2813550830000509],[-75.538266783999973,6.281365289000064],[-75.538215860999969,6.2814363620000222],[-75.538241483999968,6.2814636800000585],[-75.538183106999952,6.281544216000043],[-75.538175341999988,6.2815324450000389],[-75.538135733999979,6.2815687420000472],[-75.538183669999967,6.281600471000047],[-75.538204048999944,6.2815775460000509],[-75.538223417999973,6.2815984280000521],[-75.538275545999966,6.2815403360000346],[-75.53827937899996,6.2815422250000665],[-75.538225770999986,6.2816067460000227],[-75.538244022999947,6.2816186560000347],[-75.538231191999955,6.2816306370000348],[-75.538265857999988,6.2816526430000295],[-75.538277452999978,6.28166000300007],[-75.538322490999974,6.281681284000058],[-75.538524976999952,6.2817706680000356],[-75.538559569999961,6.2817059790000371],[-75.538571954999952,6.2816972430000533],[-75.53858452999998,6.2817186180000704],[-75.538603610999985,6.2816988240000455],[-75.538614996999968,6.2817044950000422],[-75.538600641999949,6.2817451570000458],[-75.53861802199998,6.2817350940000551],[-75.538653253999939,6.2817624880000267],[-75.538659054999982,6.2817660320000641],[-75.538656484999933,6.2817700760000434],[-75.538651524999977,6.2817721200000278],[-75.538670808999939,6.281780187000038],[-75.538681275999977,6.2817860730000348],[-75.53871298699994,6.2817250440000407],[-75.538695117999964,6.2817165910000767],[-75.538701033999985,6.2816795080000247],[-75.538696277999975,6.2816765940000323],[-75.538701196999966,6.2816664030000311],[-75.538729248999971,6.2816744570000651],[-75.538753653999947,6.2815416580000374],[-75.538763597999946,6.2815434170000231],[-75.538778846999946,6.2814751100000308],[-75.538720695999984,6.2814503130000503],[-75.538701235999952,6.2815083140000638],[-75.53867659499997,6.281505217000074],[-75.538662365999983,6.281574636000073],[-75.538649543999952,6.2816311820000692],[-75.538629537999952,6.281629401000032],[-75.538681562999955,6.281435818000034],[-75.538608151999938,6.2813819000000422],[-75.538662415999966,6.2813920680000592],[-75.538674705999938,6.2813466290000406],[-75.538627171999963,6.281326517000025],[-75.538610485999982,6.2813255550000235],[-75.538585331999968,6.2812847780000425],[-75.538547390999952,6.2813216880000482],[-75.538527061999957,6.2813675360000616],[-75.538491293999982,6.2813595620000342],[-75.538482529999953,6.281409864000068],[-75.538483471999939,6.2814259550000315],[-75.53847021699994,6.2814242980000472],[-75.538455405999969,6.2814874840000243],[-75.538470459999985,6.2814951900000437],[-75.538459793999948,6.2815323210000429],[-75.538518249999981,6.2815471640000737],[-75.538538328999948,6.2814954270000385],[-75.538522647999969,6.2814866360000678],[-75.538531367999951,6.2814573840000207],[-75.538556927999934,6.2814609110000674],[-75.538569752999933,6.2814347380000299],[-75.538564559999941,6.2814222750000681],[-75.538570172999982,6.2813972110000691],[-75.538554475999945,6.2813852900000597],[-75.538568927999961,6.2813554880000311],[-75.53859390599996,6.2813736540000491],[-75.538623227999949,6.2814316700000745],[-75.538612761999957,6.2814962510000214],[-75.538592530999949,6.2814949170000318],[-75.538569926999969,6.2816031000000407],[-75.538568181999949,6.281634360000055],[-75.538567022999985,6.2816635750000387],[-75.538559109999937,6.2816706990000739],[-75.538569459999962,6.2816918730000566],[-75.538555040999938,6.281699647000039],[-75.538528060999965,6.2816769590000376],[-75.53854191299996,6.2816466160000459],[-75.538472529999979,6.2816333970000642],[-75.53846439299997,6.281647218000046],[-75.538453279999942,6.2816437450000535],[-75.538467839999953,6.2816197610000586],[-75.538407347999964,6.2815740910000386],[-75.538357878999989,6.2816508320000253],[-75.538355612999965,6.2816507960000649],[-75.538369356999965,6.2816305090000242],[-75.538354101999971,6.2816177260000359],[-75.538338698999951,6.2816341200000352],[-75.538338571999986,6.2816317500000309],[-75.538339505999943,6.2816249120000407],[-75.538358573999972,6.2816028270000288],[-75.538363813999979,6.2816119500000696],[-75.538379003999978,6.2815918490000513],[-75.538366439999947,6.2815846050000346],[-75.538359130999936,6.2815981260000626],[-75.538345093999965,6.2815836960000411],[-75.538315204999947,6.2816130980000366],[-75.538304394999955,6.2816063270000768],[-75.538299122999945,6.2815973700000427],[-75.538330932999941,6.2815707520000501],[-75.538247832999957,6.2814817240000593],[-75.538331876999962,6.2813718650000396],[-75.538295719999951,6.2813300670000558],[-75.538273688999936,6.2813569820000339],[-75.538258095999936,6.2813471290000393],[-75.538301753999974,6.2812784080000483],[-75.538308135999955,6.2812303870000505],[-75.53838710499997,6.2813030720000711],[-75.538362239999969,6.2813380180000422],[-75.538341768999942,6.2814135770000235],[-75.538356719999967,6.2814274050000449],[-75.53831949299996,6.2815044130000501],[-75.538378413999965,6.2815358550000724],[-75.538419786999953,6.2814052550000383],[-75.538452253999935,6.2813478410000698],[-75.538499411999965,6.2812506410000424],[-75.538505273999988,6.2812317470000494],[-75.538515892999953,6.2812389770000436],[-75.538531982999984,6.2812147390000632],[-75.538508390999937,6.2811923480000473],[-75.538521462999938,6.2811598500000514],[-75.53850984099995,6.2811547500000415],[-75.538511138999979,6.2811501500000304],[-75.538518069999952,6.2811255000000301],[-75.538494751999963,6.2811118040000338],[-75.53847252199995,6.2811396650000688],[-75.538469444999976,6.2811711920000448],[-75.538450977999958,6.2811930980000739],[-75.538434976999952,6.2812238800000273],[-75.53837045399996,6.2811514260000649],[-75.538400470999989,6.2811020380000286],[-75.538463578999938,6.2811339230000272],[-75.538504951999982,6.2810747910000373],[-75.538522524999962,6.2810333140000694],[-75.538470743999937,6.2809999110000376],[-75.53847697499998,6.2809889590000694],[-75.538524736999989,6.2809999010000297],[-75.538536631999989,6.2809456450000312],[-75.538577028999953,6.280954715000064],[-75.538575266999942,6.2809191660000465],[-75.538608289999956,6.2809253120000221],[-75.538609642999972,6.2809180560000755],[-75.538625319999937,6.2809240620000537],[-75.538630833999946,6.2809110330000522],[-75.538636294999947,6.2809127270000431],[-75.538659182999936,6.280918123000049],[-75.538684462999981,6.2808737700000279],[-75.538664281999957,6.2808520370000451],[-75.538639346999958,6.2809065180000516],[-75.538632650999944,6.2809046310000554],[-75.538638261999949,6.2808817920000592],[-75.538616409999975,6.2808717310000475],[-75.538622858999986,6.2808312920000731],[-75.538640614999963,6.2808348540000338],[-75.538644099999942,6.2808197020000307],[-75.538665304999938,6.280836837000038],[-75.538686648999942,6.2807615990000727],[-75.538628338999956,6.2807270740000263],[-75.538632220999943,6.2807164540000713],[-75.538682928999947,6.2807381510000369],[-75.53869549999996,6.2807170620000647],[-75.538715377999949,6.2807235850000325],[-75.538750153999956,6.2807333450000442],[-75.53872583499998,6.2808338540000364],[-75.538759513999935,6.2808447230000297],[-75.538743952999937,6.2809325030000309],[-75.538730123999983,6.2809226410000747],[-75.538711536999983,6.2809321310000428],[-75.538698812999939,6.2809272500000475],[-75.538682698999935,6.2809509810000463],[-75.538648706999936,6.2809348410000325],[-75.538602665999974,6.2809972520000201],[-75.538610456999947,6.2810045080000236],[-75.538598202999935,6.2810268260000726],[-75.538625893999949,6.2810378070000752],[-75.538591695999969,6.2810574010000551],[-75.538562553999952,6.2810719460000541],[-75.538574640999968,6.2811199690000308],[-75.538630281999986,6.2810697110000433],[-75.538598196999942,6.2811321400000679],[-75.538636685999961,6.2811679620000405],[-75.538675187999957,6.2810756360000255],[-75.538635973999988,6.2810375010000712],[-75.538642553999978,6.2810301880000452],[-75.538669136999943,6.2810555430000363],[-75.538710341999945,6.2809912610000538],[-75.538726430999986,6.2810031580000327],[-75.538704692999943,6.2810369280000486],[-75.538737599999934,6.2810489700000289],[-75.538764704999949,6.2810120990000655],[-75.538804855999956,6.2810439480000468],[-75.53884167199999,6.280977761000031],[-75.538864002999958,6.2809923500000764],[-75.538888572999952,6.2809511650000331],[-75.538919171999964,6.2809732840000265],[-75.538936363999937,6.2809425460000625],[-75.538951081999983,6.2809083490000717],[-75.538981777999936,6.2808311290000347],[-75.538977465999949,6.2808299580000266],[-75.538984126999935,6.2808113250000588],[-75.539010431999941,6.2808254560000591],[-75.539005636999946,6.2808375620000447],[-75.538987076999945,6.2808795850000365],[-75.538999334999971,6.2808881570000494],[-75.538983378999944,6.2809129810000286],[-75.538967411999977,6.2809084140000664],[-75.538949620999972,6.2809348180000484],[-75.538962955999978,6.2809447540000747],[-75.538955792999957,6.2809558990000482],[-75.53901680599995,6.2809894970000641],[-75.539030696999987,6.2809932240000421],[-75.539023167999972,6.2810044580000408],[-75.538995911999962,6.2809910790000458],[-75.538948175999963,6.2809612490000291],[-75.538918078999984,6.2809864480000215],[-75.538902984999936,6.2810010720000378],[-75.53889731999999,6.2809968160000267],[-75.538893870999971,6.2810021410000445],[-75.538872002999938,6.2809911550000379],[-75.538843383999961,6.2810494220000237],[-75.538856024999973,6.28105774200003],[-75.538855122999962,6.2810622810000609],[-75.538875053999959,6.2810844380000503],[-75.538876528999936,6.2810860460000413]]]]},"properties":{"OBJECTID":733,"Año":2020,"Tipo":"Poligono construcciones ","Aream2":21661.243747380526,"lenght":3111.2760476574936,"Ubicacion":null}},{"type":"Feature","id":734,"geometry":{"type":"MultiPolygon","coordinates":[[[[-75.539300517999948,6.2802823690000764],[-75.539275791999955,6.2802034880000406],[-75.539241188999938,6.2802237670000522],[-75.539248334999968,6.2802294770000344],[-75.539250074999984,6.2802744070000358],[-75.539300517999948,6.2802823690000764]]],[[[-75.539300517999948,6.2802823690000764],[-75.539316741999983,6.2803654860000506],[-75.539264904999982,6.2803685590000669],[-75.539293495999971,6.2804379570000606],[-75.53919908599994,6.2804338450000614],[-75.539182258999972,6.2802602650000381],[-75.53915718099995,6.2802687650000735],[-75.539169953999988,6.2803913330000682],[-75.539162193999971,6.2804464140000391],[-75.539089789999935,6.2804437620000613],[-75.539079228999981,6.2805189730000279],[-75.538968766999972,6.280495214000041],[-75.538953651999975,6.2805725130000383],[-75.539088061999962,6.2806141390000221],[-75.539155880999942,6.2806222800000455],[-75.539257498999973,6.2806616520000489],[-75.53933593499994,6.280608682000036],[-75.539383708999935,6.2805481890000578],[-75.53937978099998,6.2805352310000444],[-75.539300517999948,6.2802823690000764]]],[[[-75.538288488999967,6.2807212400000481],[-75.538303565999968,6.2807147980000764],[-75.538309026999968,6.2806732180000608],[-75.53835070599996,6.2806972370000267],[-75.538317807999988,6.2806000540000468],[-75.538418700999955,6.2805913390000683],[-75.538409234999961,6.2805228340000667],[-75.538392318999968,6.2805192600000623],[-75.538387154999953,6.2804904930000589],[-75.538380076999943,6.2804365780000353],[-75.538479443999961,6.2804201530000228],[-75.538490770999942,6.2804015320000417],[-75.538464937999947,6.280224568000051],[-75.538419230999978,6.2802176490000647],[-75.538400746999969,6.2802292360000251],[-75.538404229999969,6.2802440850000494],[-75.538224889999981,6.2803394820000449],[-75.538206905999971,6.2803341590000628],[-75.538194192999981,6.2803085400000214],[-75.538110846999984,6.2803981470000281],[-75.538027343999943,6.2803199500000346],[-75.538102812999966,6.2802482910000208],[-75.538164730999938,6.2803019160000417],[-75.538180517999933,6.280292212000063],[-75.538160755999968,6.2802356690000352],[-75.53812837299995,6.2802008060000389],[-75.538167340999962,6.2801657340000361],[-75.538181111999961,6.2801726870000607],[-75.538223350999942,6.2801462490000404],[-75.538182022999933,6.2801002930000323],[-75.538167795999982,6.280086195000024],[-75.538211135999973,6.280051578000041],[-75.538228873999969,6.2800537840000743],[-75.538260339999965,6.280005587000062],[-75.538306988999977,6.2799698970000577],[-75.538277118999986,6.2799321100000611],[-75.538332152999942,6.279885681000053],[-75.538298573999953,6.2798527060000424],[-75.538312696999981,6.2798281980000752],[-75.53837647499995,6.2797945270000355],[-75.538452536999955,6.2797511990000316],[-75.53844242699995,6.2797379950000618],[-75.538576532999969,6.2796089260000372],[-75.538610163999977,6.2796415160000265],[-75.538627806999955,6.2796338140000216],[-75.538629765999985,6.2796612230000619],[-75.538643154999988,6.2796908640000311],[-75.538656712999966,6.2797437820000255],[-75.538674220999951,6.2797866840000438],[-75.538788927999974,6.2797085550000702],[-75.538867779999975,6.279673778000074],[-75.538845657999957,6.2796327550000228],[-75.538828647999935,6.2796095310000624],[-75.538812792999977,6.2795424280000702],[-75.53886932599994,6.2795215880000228],[-75.538873089999981,6.2795444200000361],[-75.538894512999946,6.2795356330000232],[-75.538929183999983,6.279621382000073],[-75.538924726999937,6.2796442550000506],[-75.538971111999956,6.2796028980000642],[-75.539032964999933,6.2797103570000559],[-75.53898914499996,6.279742653000028],[-75.539011518999985,6.2797855040000741],[-75.539026020999984,6.2798123970000574],[-75.539059645999941,6.2798711870000261],[-75.539133225999933,6.280008869000028],[-75.53908387499996,6.2800391260000765],[-75.539131739999959,6.2800411350000331],[-75.539139512999952,6.2800598160000618],[-75.539202698999986,6.2800496410000619],[-75.539216227999987,6.2801072170000225],[-75.539233993999972,6.2801072780000595],[-75.539257176999968,6.280147950000071],[-75.539260484999943,6.2801453230000561],[-75.539267582999969,6.2801447630000666],[-75.539267628999937,6.2801447590000521],[-75.53926998999998,6.2801445730000296],[-75.539274950999982,6.2801438540000731],[-75.539275983999971,6.2801437070000361],[-75.539280970999982,6.2801429860000439],[-75.539282738999987,6.2801427290000333],[-75.539274430999967,6.2801255540000511],[-75.539181893999967,6.279915643000038],[-75.53903476399995,6.2796300840000754],[-75.538981998999986,6.2795714160000671],[-75.538978562999944,6.2795668790000718],[-75.538967747999948,6.2795555690000242],[-75.538914374999933,6.2794962310000528],[-75.538871480999944,6.2793693700000404],[-75.538871425999957,6.2793691720000311],[-75.538852549999945,6.2792790680000508],[-75.538812329999985,6.2792807630000311],[-75.537708812999938,6.2801251280000656],[-75.537723436999954,6.2801736750000714],[-75.538082279999969,6.2804119490000403],[-75.538096430999985,6.280476363000048],[-75.53811908299997,6.280484925000053],[-75.538122200999965,6.2804985920000718],[-75.538137405999976,6.2805652250000321],[-75.538164460999951,6.2805438950000507],[-75.538207919999934,6.28050963000004],[-75.538286153999934,6.2805888970000296],[-75.538261256999988,6.2806054400000448],[-75.538196849999963,6.2805494820000263],[-75.538218177999966,6.2805868280000254],[-75.53820460999998,6.280600702000072],[-75.538219237999954,6.2806342600000562],[-75.538289212999985,6.2806367530000671],[-75.538288488999967,6.2807212400000481]]],[[[-75.53807080699994,6.2812579010000604],[-75.53809591199996,6.2812720460000264],[-75.538111243999936,6.2812469780000697],[-75.538136713999961,6.2811737780000385],[-75.538174894999941,6.2811896900000761],[-75.538150478999967,6.2812622500000543],[-75.538172163999945,6.2812702730000751],[-75.538211615999955,6.2812120420000497],[-75.538294988999951,6.2812632790000293],[-75.538303001999964,6.2812202820000493],[-75.538352506999956,6.2811503000000357],[-75.538318951999941,6.2811187490000293],[-75.538279495999973,6.281176523000056],[-75.538231430999986,6.2811539060000428],[-75.53827683999998,6.281089937000047],[-75.538286502999938,6.281008221000036],[-75.538238270999955,6.2809721340000237],[-75.53807080699994,6.2812579010000604]]],[[[-75.538107547999971,6.281544742000051],[-75.538135732999933,6.2815687430000366],[-75.538175341999988,6.2815324450000389],[-75.538183106999952,6.281544216000043],[-75.538241483999968,6.2814636800000585],[-75.538215860999969,6.2814363620000222],[-75.538266783999973,6.281365289000064],[-75.538255818999971,6.2813550830000509],[-75.538248229999965,6.281358760000046],[-75.53818033899995,6.2813084920000506],[-75.538188096999988,6.2812929930000223],[-75.538176814999986,6.2812803380000446],[-75.538146893999965,6.2812650210000243],[-75.538137412999959,6.2812741750000214],[-75.538146784999981,6.2812864150000678],[-75.538131822999958,6.2813149320000434],[-75.538148264999961,6.2813291940000227],[-75.538121670999942,6.2813703450000276],[-75.538112102999946,6.2813806290000684],[-75.538076615999955,6.2813526290000254],[-75.538105620999943,6.2813099140000759],[-75.538127023999948,6.2812708360000329],[-75.538136928999961,6.2812616800000569],[-75.538114658999973,6.281252893000044],[-75.538097361999974,6.2812753150000731],[-75.538108226999952,6.2812798240000234],[-75.538056113999971,6.2813694360000341],[-75.538014422999936,6.2813347230000431],[-75.537968818999957,6.2814057840000714],[-75.537994623999964,6.2814314690000401],[-75.538013946999968,6.2814507010000398],[-75.538017689999947,6.2814544610000667],[-75.538040904999946,6.2814777770000205],[-75.538107547999971,6.281544742000051]]],[[[-75.538183669999967,6.2816004720000365],[-75.538231191999955,6.2816306380000242],[-75.538244022999947,6.2816186560000347],[-75.538227506999988,6.2816078790000347],[-75.538225770999986,6.2816067460000227],[-75.53827937899996,6.2815422250000665],[-75.538275546999955,6.2815403360000346],[-75.538223417999973,6.2815984290000415],[-75.538204049999933,6.2815775450000615],[-75.538183669999967,6.2816004720000365]]],[[[-75.53925206599996,6.281574158000069],[-75.539229235999983,6.2815864360000546],[-75.53922879199996,6.2815961480000624],[-75.539203060999967,6.28169183600005],[-75.539315451999983,6.2817476000000738],[-75.539353118999941,6.281672813000057],[-75.539433841999937,6.2815784880000365],[-75.539441937999982,6.2815670830000272],[-75.539390029999936,6.2815301900000691],[-75.539262749999978,6.2815406800000346],[-75.539222352999957,6.2814314430000309],[-75.539214874999971,6.2814361330000565],[-75.539249988999984,6.2815292180000597],[-75.53925206599996,6.281574158000069]]],[[[-75.538525268999933,6.281770123000058],[-75.538524976999952,6.2817706680000356],[-75.538541987999963,6.2817776020000338],[-75.538542590999953,6.2817778720000206],[-75.538547064999989,6.2817761760000508],[-75.538600642999938,6.2817451570000458],[-75.538614996999968,6.2817044950000422],[-75.538603609999939,6.2816988240000455],[-75.538584528999934,6.2817186180000704],[-75.538571954999952,6.2816972430000533],[-75.538559569999961,6.2817059790000371],[-75.538525268999933,6.281770123000058]]],[[[-75.539155025999946,6.281920125000056],[-75.539212418999966,6.2819166510000741],[-75.539313135999976,6.2819105520000562],[-75.539306525999962,6.2818952030000332],[-75.539309055999979,6.2818947870000557],[-75.539167291999945,6.2818985610000482],[-75.539164136999943,6.281835117000071],[-75.539162334999958,6.2817840970000702],[-75.539178817999982,6.2816937180000423],[-75.539216148999969,6.2816055090000305],[-75.539141808999943,6.2815713680000727],[-75.539105624999934,6.281555686000047],[-75.53910369099998,6.2815614920000371],[-75.539139147999947,6.2815786910000497],[-75.539136746999986,6.2815853030000426],[-75.539145989999952,6.2815894600000206],[-75.539158515999986,6.2816190230000757],[-75.539191895999977,6.2816340710000418],[-75.539174467999942,6.2816687250000314],[-75.539164233999941,6.2816936840000608],[-75.539157306999982,6.2817262960000448],[-75.539148750999971,6.281783330000053],[-75.539155025999946,6.281920125000056]]],[[[-75.538695117999964,6.2817165900000305],[-75.53871298699994,6.2817250440000407],[-75.538681275999977,6.2817860740000242],[-75.538698575999945,6.281796049000036],[-75.538867244999949,6.2819105040000522],[-75.539088303999961,6.2820056240000213],[-75.539085690999968,6.2819463430000724],[-75.539074574999972,6.2818710590000251],[-75.538998877999973,6.2818373050000673],[-75.539013500999943,6.2817969890000427],[-75.539002530999937,6.2817903350000392],[-75.53902355699995,6.2816882090000377],[-75.539102352999976,6.28171289200003],[-75.539116276999948,6.2816739900000584],[-75.539137954999944,6.2816336410000417],[-75.53913393299996,6.2816043600000739],[-75.539076621999982,6.2815725120000252],[-75.539047257999982,6.2816316420000362],[-75.538997323999979,6.2815953770000306],[-75.539023955999937,6.2815259170000672],[-75.539045380999937,6.2815409200000545],[-75.539092840999956,6.2814566410000339],[-75.53908265299998,6.2814510420000715],[-75.539094373999944,6.2814227190000338],[-75.539111195999965,6.2814235650000683],[-75.539124520999962,6.2813935950000541],[-75.53906178699998,6.2813505310000437],[-75.539111530999946,6.2812795320000419],[-75.539154448999966,6.2813115760000642],[-75.539162170999987,6.2812706800000342],[-75.539188920999948,6.2812829430000647],[-75.539215397999953,6.2812609500000463],[-75.539234882999949,6.2812736210000253],[-75.539242471999955,6.2812625680000451],[-75.539259321999964,6.2812380310000435],[-75.539303461999964,6.2812138660000301],[-75.539315198999986,6.2812131320000617],[-75.539350807999938,6.2811526340000228],[-75.539314005999984,6.281128739000053],[-75.539345662999949,6.2810695140000234],[-75.539382973999977,6.2810808560000737],[-75.539384663999954,6.2810566720000338],[-75.539343998999982,6.281052351000028],[-75.539303473999951,6.281030180000073],[-75.539314359999935,6.280993527000021],[-75.539284277999968,6.2809830530000568],[-75.539297136999949,6.2809339620000628],[-75.539331771999969,6.2809520950000319],[-75.539327585999956,6.2809735790000332],[-75.539390176999973,6.2809829910000303],[-75.539389178999954,6.2809633390000386],[-75.539375041999961,6.2809591330000671],[-75.539402635999977,6.2808982040000387],[-75.539359837999939,6.2808941200000277],[-75.539386941999965,6.2807814710000684],[-75.539363608999963,6.2807659950000243],[-75.539370695999935,6.2807372670000632],[-75.539381087999971,6.280738346000021],[-75.53938581999995,6.2806897470000536],[-75.539400039999975,6.2806887740000548],[-75.539399981999964,6.2806765740000401],[-75.539343565999957,6.2806836260000409],[-75.539353564999942,6.2807434500000454],[-75.539344847999985,6.2808233430000655],[-75.539343106999979,6.2809152120000249],[-75.539311002999966,6.2809065580000265],[-75.53930550299998,6.2808613920000766],[-75.53924488399997,6.2810117090000404],[-75.539232097999957,6.2810065210000516],[-75.539143358999979,6.2809705070000632],[-75.539159286999961,6.2808891930000641],[-75.539183469999955,6.2808338170000297],[-75.53919831099995,6.2808386880000739],[-75.539236310999968,6.2807939530000567],[-75.539249146999964,6.2807626470000741],[-75.539220743999977,6.2807354960000339],[-75.539203646999965,6.2807747650000465],[-75.539213592999943,6.280788484000027],[-75.53916873299994,6.2808501280000542],[-75.539128761999962,6.2808291400000371],[-75.539113448999956,6.2808722840000542],[-75.539126516999943,6.2808753990000241],[-75.539051768999968,6.281030739000073],[-75.539028741999971,6.281016998000041],[-75.538994650999939,6.2809975630000281],[-75.538967606999961,6.2810198390000664],[-75.539018756999951,6.2810794600000577],[-75.539080498999965,6.2810999470000297],[-75.539122833999954,6.2811227870000721],[-75.539162949999934,6.2810606850000568],[-75.53918539099999,6.2810784250000324],[-75.53921408399998,6.2810355850000406],[-75.539251645999968,6.2810555980000231],[-75.539214834999939,6.2811150270000553],[-75.539172716999985,6.2811659250000389],[-75.539108839999983,6.281123985000022],[-75.539024283999936,6.2812414300000228],[-75.539032900999985,6.2812490700000581],[-75.539003555999955,6.2812893800000325],[-75.538929031999942,6.2812380180000673],[-75.538921990999938,6.2812507860000437],[-75.538905341999964,6.2812745220000465],[-75.538894246999973,6.2812672170000496],[-75.538876878999986,6.2812958480000702],[-75.538846166999974,6.2812753590000625],[-75.538870926999948,6.2812505300000225],[-75.538862436999977,6.2812458570000445],[-75.538877769999942,6.2812125540000352],[-75.538897607999957,6.2812216200000535],[-75.538886567999953,6.2812496170000713],[-75.538906387999987,6.2812205590000758],[-75.538920148999978,6.281249492000029],[-75.538926668999977,6.2812361370000644],[-75.538922749999983,6.281232555000031],[-75.53893153599995,6.2812188640000386],[-75.538915714999973,6.2812142030000473],[-75.53893362499997,6.2811763670000573],[-75.538950796999984,6.281147512000075],[-75.538948387999937,6.2811462080000524],[-75.538933258999975,6.2811599910000382],[-75.538920194999946,6.2811367800000539],[-75.538898108999945,6.2811154700000316],[-75.53891409199997,6.2810984170000665],[-75.538895332999971,6.2810993820000363],[-75.538919349999958,6.2810518830000319],[-75.538953600999946,6.281058286000075],[-75.538975595999943,6.2810356000000525],[-75.53896072699996,6.2810212340000362],[-75.538946550999981,6.2810345370000391],[-75.53893048599997,6.2810213810000732],[-75.538924251999958,6.2810327950000442],[-75.538917551999987,6.2810434690000534],[-75.538904331999959,6.2810636140000611],[-75.538884498999948,6.2810947300000635],[-75.538874079999971,6.281089990000055],[-75.538870636999945,6.2810955350000768],[-75.538876117999962,6.281100585000047],[-75.538858407999953,6.2811425270000427],[-75.538847571999952,6.2811343190000457],[-75.538829502999988,6.2811678740000616],[-75.538833142999977,6.2811708720000752],[-75.538803806999965,6.2812144240000407],[-75.538774870999987,6.2812512720000768],[-75.538726155999939,6.281207180000024],[-75.538752897999984,6.2811628960000689],[-75.538738207999984,6.2811624020000636],[-75.538735496999948,6.2811756030000652],[-75.538710603999959,6.2811738150000451],[-75.538723549999986,6.2811257740000315],[-75.538717029999987,6.281122162000031],[-75.538728014999947,6.2810988570000745],[-75.538725886999941,6.2810891500000707],[-75.538742000999946,6.2810863820000691],[-75.538744611999959,6.2811063240000635],[-75.538757484999962,6.2811146780000513],[-75.538752036999938,6.2811354390000247],[-75.538744236999946,6.2811324890000719],[-75.538742558999957,6.2811383850000766],[-75.538768094999966,6.2811389780000582],[-75.538792930999989,6.281093424000062],[-75.538822569999979,6.2810475170000473],[-75.538865526999984,6.2810908260000247],[-75.53886571299995,6.2810906160000286],[-75.538873068999976,6.2810822760000633],[-75.538875053999959,6.2810844380000503],[-75.538855122999962,6.2810622810000609],[-75.538856024999973,6.28105774200003],[-75.538843383999961,6.2810494220000237],[-75.538872002999938,6.2809911550000379],[-75.538893870999971,6.2810021410000445],[-75.53889731999999,6.2809968150000373],[-75.538902984999936,6.2810010720000378],[-75.538918079999974,6.2809864480000215],[-75.538948175999963,6.2809612490000291],[-75.538995912999951,6.2809910790000458],[-75.539023167999972,6.2810044580000408],[-75.539030696999987,6.2809932230000527],[-75.53901680599995,6.2809894980000536],[-75.538955792999957,6.2809558990000482],[-75.538962955999978,6.2809447540000747],[-75.538949620999972,6.2809348180000484],[-75.538967411999977,6.2809084140000664],[-75.538983378999944,6.2809129810000286],[-75.538999333999982,6.2808881570000494],[-75.538987077999934,6.2808795850000365],[-75.539005636999946,6.2808375630000342],[-75.539010431999941,6.2808254560000591],[-75.538984126999935,6.2808113260000482],[-75.538977465999949,6.2808299580000266],[-75.538981777999936,6.2808311290000347],[-75.538951080999936,6.2809083490000717],[-75.538936363999937,6.2809425460000625],[-75.538919171999964,6.2809732850000728],[-75.538888571999962,6.2809511650000331],[-75.538864002999958,6.2809923500000764],[-75.538841672999979,6.280977761000031],[-75.538804855999956,6.2810439490000363],[-75.538764704999949,6.2810120980000761],[-75.538737599999934,6.2810489700000289],[-75.538704692999943,6.2810369280000486],[-75.538726431999976,6.2810031570000433],[-75.538710341999945,6.2809912610000538],[-75.538669136999943,6.2810555430000363],[-75.538642554999967,6.2810301880000452],[-75.538635973999988,6.2810375010000712],[-75.538675187999957,6.2810756360000255],[-75.538636685999961,6.2811679620000405],[-75.538598196999942,6.2811321410000573],[-75.538630281999986,6.2810697120000327],[-75.538574640999968,6.2811199690000308],[-75.538562553999952,6.2810719460000541],[-75.538591695999969,6.2810574010000551],[-75.538625893999949,6.2810378060000289],[-75.538598203999982,6.2810268260000726],[-75.538610456999947,6.2810045080000236],[-75.538602665999974,6.2809972520000201],[-75.538648706999936,6.2809348410000325],[-75.538682698999935,6.2809509810000463],[-75.538698812999939,6.2809272500000475],[-75.538711536999983,6.2809321310000428],[-75.538730123999983,6.2809226410000747],[-75.538743952999937,6.2809325030000309],[-75.538759513999935,6.2808447230000297],[-75.538725833999933,6.2808338540000364],[-75.538750153999956,6.2807333450000442],[-75.538715377999949,6.2807235850000325],[-75.53869549999996,6.2807170620000647],[-75.538682928999947,6.2807381510000369],[-75.538632220999943,6.2807164540000713],[-75.538628338999956,6.2807270740000263],[-75.538686648999942,6.2807615990000727],[-75.538665304999938,6.2808368380000275],[-75.538644099999942,6.2808197030000201],[-75.538640615999952,6.2808348550000233],[-75.53862285799994,6.2808312920000731],[-75.538616409999975,6.2808717310000475],[-75.538638261999949,6.2808817920000592],[-75.538632650999944,6.2809046300000659],[-75.538639347999947,6.2809065170000622],[-75.538664281999957,6.2808520370000451],[-75.538684462999981,6.2808737700000279],[-75.538659182999936,6.280918123000049],[-75.538636294999947,6.2809127270000431],[-75.538630834999935,6.2809110340000416],[-75.538625319999937,6.2809240620000537],[-75.538609642999972,6.2809180560000755],[-75.538608289999956,6.2809253120000221],[-75.538575266999942,6.2809191660000465],[-75.538577028999953,6.280954715000064],[-75.538536630999943,6.2809456450000312],[-75.538524736999989,6.2809999010000297],[-75.53847697499998,6.2809889590000694],[-75.538470743999937,6.2809999110000376],[-75.538522524999962,6.2810333140000694],[-75.538504951999982,6.2810747910000373],[-75.538463578999938,6.2811339230000272],[-75.538400470999989,6.2811020390000749],[-75.538370454999949,6.2811514260000649],[-75.538434976999952,6.2812238800000273],[-75.538450977999958,6.2811930980000739],[-75.538469444999976,6.2811711920000448],[-75.53847252099996,6.2811396650000688],[-75.538494751999963,6.2811118040000338],[-75.538518069999952,6.2811255000000301],[-75.538511663999941,6.2811482850000289],[-75.538509841999939,6.2811547500000415],[-75.538521462999938,6.2811598500000514],[-75.538508390999937,6.2811923480000473],[-75.538531982999984,6.2812147390000632],[-75.538515892999953,6.2812389780000331],[-75.538505273999988,6.2812317470000494],[-75.538499411999965,6.2812506410000424],[-75.538452253999935,6.2813478410000698],[-75.538419785999963,6.2814052550000383],[-75.538378414999954,6.2815358550000724],[-75.53831949299996,6.2815044130000501],[-75.538356719999967,6.2814274040000555],[-75.538341768999942,6.281413576000034],[-75.538362239999969,6.2813380180000422],[-75.53838710499997,6.2813030720000711],[-75.538308135999955,6.2812303860000611],[-75.538301753999974,6.2812784080000483],[-75.538258095999936,6.2813471290000393],[-75.538273688999936,6.2813569820000339],[-75.538295719999951,6.2813300660000664],[-75.538331876999962,6.2813718650000396],[-75.538247832999957,6.2814817240000593],[-75.538330931999951,6.2815707520000501],[-75.538299121999955,6.2815973700000427],[-75.538304394999955,6.2816063260000305],[-75.538315205999936,6.2816130970000472],[-75.538345094999954,6.2815836970000305],[-75.538359129999947,6.2815981250000732],[-75.538366439999947,6.2815846050000346],[-75.538379003999978,6.2815918490000513],[-75.538363813999979,6.281611951000059],[-75.538358573999972,6.2816028270000288],[-75.538339505999943,6.2816249120000407],[-75.538338571999986,6.2816317500000309],[-75.538338698999951,6.2816341200000352],[-75.538354100999982,6.2816177260000359],[-75.538369356999965,6.2816305090000242],[-75.538355611999975,6.2816507960000649],[-75.538357878999989,6.2816508320000253],[-75.538407347999964,6.2815740910000386],[-75.538467840999942,6.2816197610000586],[-75.538453279999942,6.2816437450000535],[-75.53846439299997,6.281647218000046],[-75.538472529999979,6.2816333970000642],[-75.53854191299996,6.2816466160000459],[-75.538528060999965,6.2816769590000376],[-75.538555040999938,6.281699647000039],[-75.538569458999973,6.2816918730000566],[-75.538559109999937,6.2816706990000739],[-75.538567022999985,6.2816635750000387],[-75.538568181999949,6.281634360000055],[-75.538569926999969,6.2816031010000302],[-75.538592531999939,6.2814949170000318],[-75.538612761999957,6.281496250000032],[-75.538623227999949,6.2814316700000745],[-75.53859390599996,6.2813736540000491],[-75.538568927999961,6.2813554880000311],[-75.538554475999945,6.2813852900000597],[-75.538570172999982,6.2813972110000691],[-75.538564559999941,6.2814222750000681],[-75.538569752999933,6.2814347380000299],[-75.538556927999934,6.2814609110000674],[-75.538531367999951,6.2814573840000207],[-75.538522647999969,6.2814866360000678],[-75.538538328999948,6.2814954270000385],[-75.538518249999981,6.2815471640000737],[-75.538459793999948,6.2815323210000429],[-75.538470459999985,6.2814951900000437],[-75.538455405999969,6.2814874840000243],[-75.53847021699994,6.2814242980000472],[-75.538483471999939,6.2814259550000315],[-75.538482529999953,6.281409864000068],[-75.538491293999982,6.2813595620000342],[-75.538527061999957,6.2813675360000616],[-75.538548856999967,6.2813202620000652],[-75.538585331999968,6.2812847780000425],[-75.538610485999982,6.2813255550000235],[-75.538627171999963,6.281326517000025],[-75.538674705999938,6.2813466290000406],[-75.538662415999966,6.2813920680000592],[-75.538608151999938,6.2813819000000422],[-75.538681562999955,6.281435818000034],[-75.538629537999952,6.281629401000032],[-75.538649543999952,6.2816311820000692],[-75.538662365999983,6.281574636000073],[-75.53867659499997,6.2815052160000278],[-75.538701235999952,6.2815083140000638],[-75.538720695999984,6.2814503130000503],[-75.538778846999946,6.2814751100000308],[-75.538763597999946,6.2815434170000231],[-75.538753653999947,6.2815416580000374],[-75.538729247999981,6.2816744570000651],[-75.538701196999966,6.2816664030000311],[-75.538696277999975,6.2816765940000323],[-75.538701034999974,6.2816795080000247],[-75.538695117999964,6.2817165900000305]]]]},"properties":{"OBJECTID":734,"Año":2020,"Tipo":"Zonas verdes","Aream2":14780.837722173248,"lenght":3342.4792436392108,"Ubicacion":null}},{"type":"Feature","id":735,"geometry":{"type":"Polygon","coordinates":[[[-75.539274268999975,6.2820065270000214],[-75.539228593999951,6.2820060350000517],[-75.539230305999979,6.2820645810000428],[-75.539279586999953,6.282072911000057],[-75.539274268999975,6.2820065270000214]]]},"properties":{"OBJECTID":735,"Año":2025,"Tipo":"Vivienda","Aream2":36.114825812577237,"lenght":24.431297015326166,"Ubicacion":"Poligono general construciones"}},{"type":"Feature","id":736,"geometry":{"type":"Polygon","coordinates":[[[-75.539263104999975,6.2819135820000724],[-75.539202886999988,6.2819172280000544],[-75.539212869999972,6.2820011130000353],[-75.539274202999934,6.2819929610000713],[-75.539263104999975,6.2819135820000724]]]},"properties":{"OBJECTID":736,"Año":2025,"Tipo":"Vivienda","Aream2":61.493748223125735,"lenght":31.733690427010984,"Ubicacion":"Poligono general construciones"}},{"type":"Feature","id":737,"geometry":{"type":"Polygon","coordinates":[[[-75.53920665399994,6.281948883000041],[-75.53918119399998,6.2819441410000536],[-75.539196706999974,6.2820526050000467],[-75.539214547999961,6.2820525190000467],[-75.53920665399994,6.281948883000041]]]},"properties":{"OBJECTID":737,"Año":2025,"Tipo":"Vivienda","Aream2":27.773272870750944,"lenght":28.456009888236839,"Ubicacion":"Poligono general construciones"}},{"type":"Feature","id":738,"geometry":{"type":"Polygon","coordinates":[[[-75.539166225999963,6.2819477850000567],[-75.539139139999975,6.2819543420000628],[-75.539146081999945,6.2820614190000583],[-75.539183857999944,6.2820519530000638],[-75.539166225999963,6.2819477850000567]]]},"properties":{"OBJECTID":738,"Año":2025,"Tipo":"Vivienda","Aream2":43.137397769357506,"lenght":30.948375433434681,"Ubicacion":"Poligono general construciones"}},{"type":"Feature","id":739,"geometry":{"type":"Polygon","coordinates":[[[-75.539085784999941,6.2819888770000603],[-75.539086030999954,6.2820395750000557],[-75.539137417999939,6.282040754000036],[-75.539133586999981,6.2819865030000415],[-75.539085784999941,6.2819888770000603]]]},"properties":{"OBJECTID":739,"Año":2025,"Tipo":"Vivienda","Aream2":31.872619709669475,"lenght":22.608886189769979,"Ubicacion":"Poligono general construciones"}},{"type":"Feature","id":740,"geometry":{"type":"Polygon","coordinates":[[[-75.539123522999944,6.2819870030000402],[-75.539121184999942,6.2819308660000388],[-75.539076947999945,6.2819325090000575],[-75.539085784999941,6.2819888770000603],[-75.539123522999944,6.2819870030000402]]]},"properties":{"OBJECTID":740,"Año":2025,"Tipo":"Vivienda","Aream2":28.344764440863589,"lenght":21.606586776467687,"Ubicacion":"Poligono general construciones"}},{"type":"Feature","id":741,"geometry":{"type":"Polygon","coordinates":[[[-75.539121184999942,6.2819308660000388],[-75.539135457999976,6.2819307960000401],[-75.539133752999987,6.2818736790000571],[-75.539063108999983,6.2818747360000202],[-75.539065557999947,6.2819382760000622],[-75.539088189999973,6.2819352620000473],[-75.539121184999942,6.2819308660000388]]]},"properties":{"OBJECTID":741,"Año":2025,"Tipo":"Vivienda","Aream2":51.381730694219193,"lenght":28.963488511427762,"Ubicacion":"Poligono general construciones"}},{"type":"Feature","id":742,"geometry":{"type":"Polygon","coordinates":[[[-75.539133752999987,6.2818736790000571],[-75.539132886999937,6.2818422640000335],[-75.539094372999955,6.2818467360000341],[-75.539092384999947,6.2818742980000479],[-75.539133752999987,6.2818736790000571]]]},"properties":{"OBJECTID":742,"Año":2025,"Tipo":"Vivienda","Aream2":14.400500543195292,"lenght":15.402587844468767,"Ubicacion":"Poligono general construciones"}},{"type":"Feature","id":743,"geometry":{"type":"Polygon","coordinates":[[[-75.539092384999947,6.2818742980000479],[-75.539094372999955,6.2818467360000341],[-75.539059408999947,6.2818476200000646],[-75.539063108999983,6.2818747360000202],[-75.539092384999947,6.2818742980000479]]]},"properties":{"OBJECTID":743,"Año":2025,"Tipo":"Vivienda","Aream2":10.756493809424464,"lenght":13.194894684878456,"Ubicacion":"Poligono general construciones"}},{"type":"Feature","id":744,"geometry":{"type":"Polygon","coordinates":[[[-75.539024659999939,6.2818927750000739],[-75.539024556999948,6.2818713530000423],[-75.538998148999951,6.281870768000033],[-75.538998997999954,6.281898611000031],[-75.539024659999939,6.2818927750000739]]]},"properties":{"OBJECTID":744,"Año":2025,"Tipo":"Vivienda","Aream2":7.8658260708787493,"lenght":11.286516597450611,"Ubicacion":"Zonas verdes"}},{"type":"Feature","id":745,"geometry":{"type":"Polygon","coordinates":[[[-75.539129128999946,6.2818030090000434],[-75.539105541999959,6.2817952690000425],[-75.539094292999948,6.2818303120000678],[-75.539118583999937,6.2818359070000724],[-75.539129128999946,6.2818030090000434]]]},"properties":{"OBJECTID":745,"Año":2025,"Tipo":"Vivienda","Aream2":10.844401782807209,"lenght":13.398376287724165,"Ubicacion":"Poligono general construciones"}},{"type":"Feature","id":746,"geometry":{"type":"Polygon","coordinates":[[[-75.539103218999969,6.2818457090000379],[-75.539105561999975,6.2818329080000694],[-75.53907787299994,6.2818289640000557],[-75.539082276999977,6.2818470420000381],[-75.539103218999969,6.2818457090000379]]]},"properties":{"OBJECTID":746,"Año":2025,"Tipo":"Vivienda","Aream2":4.5792061455551094,"lenght":8.9153537079393708,"Ubicacion":"Poligono general construciones"}},{"type":"Feature","id":747,"geometry":{"type":"Polygon","coordinates":[[[-75.539100129999952,6.2817096060000495],[-75.539069347999941,6.2816897620000418],[-75.539058168999986,6.2817390870000622],[-75.539036760999977,6.281739190000053],[-75.53902846799997,6.281794929000057],[-75.539070653999943,6.2818118610000511],[-75.539100129999952,6.2817096060000495]]]},"properties":{"OBJECTID":747,"Año":2025,"Tipo":"Vivienda","Aream2":56.389955021632794,"lenght":35.051045548543783,"Ubicacion":"Poligono general construciones"}},{"type":"Feature","id":748,"geometry":{"type":"Polygon","coordinates":[[[-75.539058168999986,6.2817390870000622],[-75.539064356999972,6.2817117840000378],[-75.539039459999969,6.2817070440000293],[-75.539036760999977,6.281739190000053],[-75.539058168999986,6.2817390870000622]]]},"properties":{"OBJECTID":748,"Año":2025,"Tipo":"Vivienda","Aream2":8.5506385338029745,"lenght":11.838960831025791,"Ubicacion":"Poligono general construciones"}},{"type":"Feature","id":749,"geometry":{"type":"Polygon","coordinates":[[[-75.538993271999971,6.2817479700000263],[-75.538985539999942,6.2817722860000345],[-75.539030608999951,6.2817805380000209],[-75.539034099999981,6.2817570720000617],[-75.538993271999971,6.2817479700000263]]]},"properties":{"OBJECTID":749,"Año":2025,"Tipo":"Vivienda","Aream2":13.156787217464686,"lenght":15.146754537217239,"Ubicacion":"Poligono general construciones"}},{"type":"Feature","id":750,"geometry":{"type":"Polygon","coordinates":[[[-75.539030608999951,6.2817805380000209],[-75.538985539999942,6.2817722860000345],[-75.538982033999957,6.2817851570000585],[-75.53902846799997,6.281794929000057],[-75.539030608999951,6.2817805380000209]]]},"properties":{"OBJECTID":750,"Año":2025,"Tipo":"Vivienda","Aream2":7.9457299558386412,"lenght":13.407199345448179,"Ubicacion":"Poligono general construciones"}},{"type":"Feature","id":751,"geometry":{"type":"Polygon","coordinates":[[[-75.538959070999965,6.2817588480000381],[-75.538939788999983,6.2817560850000405],[-75.538932832999933,6.2817932500000211],[-75.538952106999943,6.2817945850000569],[-75.538959070999965,6.2817588480000381]]]},"properties":{"OBJECTID":751,"Año":2025,"Tipo":"Vivienda","Aream2":8.7766707173074554,"lenght":12.503452257982651,"Ubicacion":"Poligono general construciones"}},{"type":"Feature","id":752,"geometry":{"type":"Polygon","coordinates":[[[-75.538993271999971,6.2817479700000263],[-75.539034099999981,6.2817570720000617],[-75.539037588999975,6.281729331000065],[-75.538998159999949,6.281725811000058],[-75.538993271999971,6.2817479700000263]]]},"properties":{"OBJECTID":752,"Año":2025,"Tipo":"Vivienda","Aream2":12.579800613712766,"lenght":14.613066829651942,"Ubicacion":"Poligono general construciones"}},{"type":"Feature","id":753,"geometry":{"type":"Polygon","coordinates":[[[-75.538998159999949,6.281725811000058],[-75.539037588999975,6.281729331000065],[-75.539039459999969,6.2817070440000293],[-75.539004468999963,6.281702216000042],[-75.538998159999949,6.281725811000058]]]},"properties":{"OBJECTID":753,"Año":2025,"Tipo":"Vivienda","Aream2":10.658708356579538,"lenght":13.465770708579575,"Ubicacion":"Poligono general construciones"}},{"type":"Feature","id":754,"geometry":{"type":"Polygon","coordinates":[[[-75.539129128999946,6.2818030090000434],[-75.539131906999955,6.281787285000064],[-75.539110484999981,6.2817845330000637],[-75.539105541999959,6.2817952690000425],[-75.539129128999946,6.2818030090000434]]]},"properties":{"OBJECTID":754,"Año":2025,"Tipo":"Vivienda","Aream2":3.892618935056432,"lenght":8.2112160173517204,"Ubicacion":"Poligono general construciones"}},{"type":"Feature","id":755,"geometry":{"type":"Polygon","coordinates":[[[-75.539024962999974,6.2817050440000344],[-75.539049645999967,6.2817089840000335],[-75.539058674999978,6.2816962410000201],[-75.539035749999982,6.2816777860000457],[-75.539024962999974,6.2817050440000344]]]},"properties":{"OBJECTID":755,"Año":2025,"Tipo":"Vivienda","Aream2":7.1861819710647241,"lenght":10.993209321545907,"Ubicacion":"Poligono general construciones"}},{"type":"Feature","id":756,"geometry":{"type":"Polygon","coordinates":[[[-75.539049645999967,6.2817089840000335],[-75.539064356999972,6.2817117840000378],[-75.539069347999941,6.2816897620000418],[-75.539058674999978,6.2816962410000201],[-75.539049645999967,6.2817089840000335]]]},"properties":{"OBJECTID":756,"Año":2025,"Tipo":"Vivienda","Aream2":2.5428409241504237,"lenght":7.2643531620401776,"Ubicacion":"Poligono general construciones"}},{"type":"Feature","id":757,"geometry":{"type":"Polygon","coordinates":[[[-75.539035749999982,6.2816777860000457],[-75.539058674999978,6.2816962410000201],[-75.539069347999941,6.2816897620000418],[-75.539075029999935,6.2816934250000713],[-75.539076407999971,6.2816740180000465],[-75.539042102999986,6.2816634740000268],[-75.539035749999982,6.2816777860000457]]]},"properties":{"OBJECTID":757,"Año":2025,"Tipo":"Vivienda","Aream2":9.9908379999260895,"lenght":13.241991911926867,"Ubicacion":"Poligono general construciones"}},{"type":"Feature","id":758,"geometry":{"type":"Polygon","coordinates":[[[-75.539052724999976,6.2816667380000695],[-75.539054881999959,6.2816498440000714],[-75.539033483999958,6.2816520900000228],[-75.539038681999955,6.2816711800000462],[-75.539042102999986,6.2816634740000268],[-75.539052724999976,6.2816667380000695]]]},"properties":{"OBJECTID":758,"Año":2025,"Tipo":"Vivienda","Aream2":3.395805382569232,"lenght":8.6158868333925422,"Ubicacion":"Poligono general construciones"}},{"type":"Feature","id":759,"geometry":{"type":"Polygon","coordinates":[[[-75.539158248999968,6.2816272060000529],[-75.539131079999947,6.2816166270000622],[-75.53909492799994,6.2816667870000629],[-75.539121414999954,6.2816837970000279],[-75.539158248999968,6.2816272060000529]]]},"properties":{"OBJECTID":759,"Año":2025,"Tipo":"Vivienda","Aream2":23.691629317144503,"lenght":21.019996274498997,"Ubicacion":"Poligono general construciones"}},{"type":"Feature","id":760,"geometry":{"type":"Polygon","coordinates":[[[-75.539158248999968,6.2816272060000529],[-75.539141920999953,6.2816522910000572],[-75.539174503999959,6.2816637380000202],[-75.539185698999972,6.2816379920000713],[-75.539158248999968,6.2816272060000529]]]},"properties":{"OBJECTID":760,"Año":2025,"Tipo":"Vivienda","Aream2":11.211509326951761,"lenght":13.50255470407153,"Ubicacion":"Poligono general construciones"}},{"type":"Feature","id":761,"geometry":{"type":"Polygon","coordinates":[[[-75.539158248999968,6.2816272060000529],[-75.539185698999972,6.2816379920000713],[-75.539196853999954,6.2816123370000696],[-75.539145988999962,6.2815894610000669],[-75.539133892999985,6.2816080440000519],[-75.539158248999968,6.2816272060000529]]]},"properties":{"OBJECTID":761,"Año":2025,"Tipo":"Vivienda","Aream2":19.270367702667134,"lenght":18.41240411334908,"Ubicacion":"Poligono general construciones"}},{"type":"Feature","id":762,"geometry":{"type":"Polygon","coordinates":[[[-75.539207866999959,6.2816004660000431],[-75.539223689999972,6.2815833300000463],[-75.539177865999989,6.2815521330000479],[-75.539152826999953,6.2815762220000693],[-75.539207866999959,6.2816004660000431]]]},"properties":{"OBJECTID":762,"Año":2025,"Tipo":"Vivienda","Aream2":19.658399301687187,"lenght":19.214628804378119,"Ubicacion":"Poligono general construciones"}},{"type":"Feature","id":763,"geometry":{"type":"Polygon","coordinates":[[[-75.53921287199995,6.2815759650000587],[-75.539238720999947,6.2815925400000765],[-75.539244938999957,6.2815503800000556],[-75.539221372999975,6.2815469230000645],[-75.53921287199995,6.2815759650000587]]]},"properties":{"OBJECTID":763,"Año":2025,"Tipo":"Vivienda","Aream2":11.670081914108705,"lenght":14.094813600642887,"Ubicacion":"Poligono general construciones"}},{"type":"Feature","id":764,"geometry":{"type":"Polygon","coordinates":[[[-75.53921287199995,6.2815759650000587],[-75.539221372999975,6.2815469230000645],[-75.53919784499999,6.2815513220000412],[-75.539191479999943,6.2815614020000226],[-75.53921287199995,6.2815759650000587]]]},"properties":{"OBJECTID":764,"Año":2025,"Tipo":"Vivienda","Aream2":5.8405781119894105,"lenght":10.178609890402321,"Ubicacion":"Poligono general construciones"}},{"type":"Feature","id":765,"geometry":{"type":"Polygon","coordinates":[[[-75.539250064999976,6.2817245880000314],[-75.539188559999957,6.2818441360000747],[-75.539229549999959,6.2818536660000746],[-75.539289242999985,6.2817462660000274],[-75.539250064999976,6.2817245880000314]]]},"properties":{"OBJECTID":765,"Año":2025,"Tipo":"Vivienda","Aream2":67.255508127563658,"lenght":38.077087584133409,"Ubicacion":"Poligono general construciones"}},{"type":"Feature","id":766,"geometry":{"type":"Polygon","coordinates":[[[-75.539250719999984,6.2815012840000577],[-75.539262462999943,6.2815334360000747],[-75.539300460999982,6.2815324690000693],[-75.539283162999936,6.2814859280000519],[-75.539250719999984,6.2815012840000577]]]},"properties":{"OBJECTID":766,"Año":2025,"Tipo":"Vivienda","Aream2":18.414981758005489,"lenght":17.457404937790731,"Ubicacion":"Poligono general construciones"}},{"type":"Feature","id":767,"geometry":{"type":"Polygon","coordinates":[[[-75.539283162999936,6.2814859280000519],[-75.539300460999982,6.2815324690000693],[-75.539335387999984,6.2815128090000485],[-75.539320203999978,6.2814721810000265],[-75.539283162999936,6.2814859280000519]]]},"properties":{"OBJECTID":767,"Año":2025,"Tipo":"Vivienda","Aream2":22.519713508301315,"lenght":19.097550159336226,"Ubicacion":"Poligono general construciones"}},{"type":"Feature","id":768,"geometry":{"type":"Polygon","coordinates":[[[-75.539310719999946,6.2814293830000452],[-75.53929422799996,6.2814130390000287],[-75.539269395999952,6.2814431510000759],[-75.539286619999984,6.2814630610000677],[-75.539310719999946,6.2814293830000452]]]},"properties":{"OBJECTID":768,"Año":2025,"Tipo":"Vivienda","Aream2":12.011091776610078,"lenght":14.381206682628383,"Ubicacion":"Poligono general construciones"}},{"type":"Feature","id":769,"geometry":{"type":"Polygon","coordinates":[[[-75.539414246999968,6.2812924930000236],[-75.539385597999967,6.2812712090000673],[-75.53934736399998,6.2813335200000324],[-75.539375273999951,6.2813498070000264],[-75.539414246999968,6.2812924930000236]]]},"properties":{"OBJECTID":769,"Año":2025,"Tipo":"Vivienda","Aream2":29.583386506002991,"lenght":23.280017941453153,"Ubicacion":"Poligono general construciones"}},{"type":"Feature","id":770,"geometry":{"type":"Polygon","coordinates":[[[-75.539368207999985,6.2813456840000299],[-75.53934736399998,6.2813335200000324],[-75.539300604999937,6.2814037250000752],[-75.539326370999959,6.2814193100000466],[-75.539368207999985,6.2813456840000299]]]},"properties":{"OBJECTID":770,"Año":2025,"Tipo":"Vivienda","Aream2":28.040340309110121,"lenght":24.702287203295516,"Ubicacion":"Poligono general construciones"}},{"type":"Feature","id":771,"geometry":{"type":"Polygon","coordinates":[[[-75.53934736399998,6.2813335200000324],[-75.539318766999941,6.2813229470000351],[-75.539280533999943,6.2813852570000677],[-75.539304550999987,6.2813978010000255],[-75.53934736399998,6.2813335200000324]]]},"properties":{"OBJECTID":771,"Año":2025,"Tipo":"Vivienda","Aream2":26.117163290134833,"lenght":23.003975335414285,"Ubicacion":"Poligono general construciones"}},{"type":"Feature","id":772,"geometry":{"type":"Polygon","coordinates":[[[-75.53934736399998,6.2813335200000324],[-75.539385597999967,6.2812712090000673],[-75.539363395999942,6.2812548940000283],[-75.539318766999941,6.2813229470000351],[-75.53934736399998,6.2813335200000324]]]},"properties":{"OBJECTID":772,"Año":2025,"Tipo":"Vivienda","Aream2":27.085412458853686,"lenght":23.513241855866802,"Ubicacion":"Poligono general construciones"}},{"type":"Feature","id":773,"geometry":{"type":"Polygon","coordinates":[[[-75.539318766999941,6.2813229470000351],[-75.539349502999983,6.2812760780000758],[-75.539313487999948,6.2812644190000242],[-75.53928375199996,6.2813131200000498],[-75.539318766999941,6.2813229470000351]]]},"properties":{"OBJECTID":773,"Año":2025,"Tipo":"Vivienda","Aream2":24.751138916258384,"lenght":20.727168530874959,"Ubicacion":"Poligono general construciones"}},{"type":"Feature","id":774,"geometry":{"type":"Polygon","coordinates":[[[-75.539349502999983,6.2812760780000758],[-75.539368359999969,6.2812484430000382],[-75.539331847999961,6.28122434200003],[-75.539313487999948,6.2812644190000242],[-75.539349502999983,6.2812760780000758]]]},"properties":{"OBJECTID":774,"Año":2025,"Tipo":"Vivienda","Aream2":19.102284628279872,"lenght":17.60792193523503,"Ubicacion":"Poligono general construciones"}},{"type":"Feature","id":775,"geometry":{"type":"Polygon","coordinates":[[[-75.539331847999961,6.28122434200003],[-75.539291230999936,6.2812366780000275],[-75.539241454999967,6.2812733380000623],[-75.539273019999939,6.2813074600000505],[-75.539313487999948,6.2812644190000242],[-75.539331847999961,6.28122434200003]]]},"properties":{"OBJECTID":775,"Año":2025,"Tipo":"Vivienda","Aream2":38.790358236218736,"lenght":28.093632577702998,"Ubicacion":"Poligono general construciones"}},{"type":"Feature","id":776,"geometry":{"type":"Polygon","coordinates":[[[-75.53928375199996,6.2813131200000498],[-75.53924903099994,6.2813639880000665],[-75.539280533999943,6.2813852570000677],[-75.539318766999941,6.2813229470000351],[-75.53928375199996,6.2813131200000498]]]},"properties":{"OBJECTID":776,"Año":2025,"Tipo":"Vivienda","Aream2":29.982259947439228,"lenght":23.131548058314223,"Ubicacion":"Poligono general construciones"}},{"type":"Feature","id":777,"geometry":{"type":"Polygon","coordinates":[[[-75.53925740699998,6.2813696430000618],[-75.539208960999986,6.2813420460000202],[-75.539178573999948,6.2814036040000474],[-75.539221062999957,6.2814200810000216],[-75.53925740699998,6.2813696430000618]]]},"properties":{"OBJECTID":777,"Año":2025,"Tipo":"Vivienda","Aream2":40.168701651497713,"lenght":25.684765071197994,"Ubicacion":"Poligono general construciones"}},{"type":"Feature","id":778,"geometry":{"type":"Polygon","coordinates":[[[-75.539178573999948,6.2814036040000474],[-75.539208960999986,6.2813420460000202],[-75.539093130999959,6.2812961940000491],[-75.539061932999971,6.2813377610000316],[-75.539178573999948,6.2814036040000474]]]},"properties":{"OBJECTID":778,"Año":2025,"Tipo":"Vivienda","Aream2":94.419341435073619,"lenght":41.951912264716313,"Ubicacion":"Poligono general construciones"}},{"type":"Feature","id":779,"geometry":{"type":"Polygon","coordinates":[[[-75.539221062999957,6.2814200810000216],[-75.539178573999948,6.2814036040000474],[-75.539076040999987,6.2813457250000511],[-75.539055013999985,6.2813827810000475],[-75.539197397999942,6.2814592100000368],[-75.539221062999957,6.2814200810000216]]]},"properties":{"OBJECTID":779,"Año":2025,"Tipo":"Vivienda","Aream2":82.92164096725655,"lenght":45.727032451800213,"Ubicacion":"Poligono general construciones"}},{"type":"Feature","id":780,"geometry":{"type":"Polygon","coordinates":[[[-75.53914012499996,6.2814284670000688],[-75.539103284999953,6.2814086920000705],[-75.539030106999974,6.2815442820000271],[-75.53906300899996,6.2815598310000382],[-75.53914012499996,6.2814284670000688]]]},"properties":{"OBJECTID":780,"Año":2025,"Tipo":"Vivienda","Aream2":73.225006975762909,"lenght":42.549455947194311,"Ubicacion":"Poligono general construciones"}},{"type":"Feature","id":781,"geometry":{"type":"Polygon","coordinates":[[[-75.53914012499996,6.2814284670000688],[-75.53906300899996,6.2815598310000382],[-75.539065219999941,6.2815741030000254],[-75.539083114999983,6.2815854410000611],[-75.539100143999974,6.2815597710000475],[-75.53910340799996,6.2815513100000544],[-75.539173411999968,6.2814463340000657],[-75.53914012499996,6.2814284670000688]]]},"properties":{"OBJECTID":781,"Año":2025,"Tipo":"Vivienda","Aream2":66.664117423985573,"lenght":43.342982350906468,"Ubicacion":"Poligono general construciones"}},{"type":"Feature","id":782,"geometry":{"type":"Polygon","coordinates":[[[-75.539030106999974,6.2815442820000271],[-75.539023153999949,6.2815821620000634],[-75.539068128999986,6.2815855130000386],[-75.539065219999941,6.2815741030000254],[-75.53906300899996,6.2815598310000382],[-75.539030106999974,6.2815442820000271]]]},"properties":{"OBJECTID":782,"Año":2025,"Tipo":"Vivienda","Aream2":15.155172697424232,"lenght":16.178296551438997,"Ubicacion":"Poligono general construciones"}},{"type":"Feature","id":783,"geometry":{"type":"Polygon","coordinates":[[[-75.539068128999986,6.2815855130000386],[-75.539023153999949,6.2815821620000634],[-75.539030442999945,6.2816135450000274],[-75.539071152999952,6.2816204880000441],[-75.539068128999986,6.2815855130000386]]]},"properties":{"OBJECTID":783,"Año":2025,"Tipo":"Vivienda","Aream2":17.075981797543648,"lenght":17.008579747053275,"Ubicacion":"Poligono general construciones"}},{"type":"Feature","id":784,"geometry":{"type":"Polygon","coordinates":[[[-75.539030442999945,6.2816135450000274],[-75.539023153999949,6.2815821620000634],[-75.539007495999954,6.2815908070000432],[-75.53901117099997,6.2816129250000472],[-75.539030442999945,6.2816135450000274]]]},"properties":{"OBJECTID":784,"Año":2025,"Tipo":"Vivienda","Aream2":5.9884458265818621,"lenght":10.156962829742458,"Ubicacion":"Poligono general construciones"}},{"type":"Feature","id":785,"geometry":{"type":"Polygon","coordinates":[[[-75.538869051999939,6.2814436660000297],[-75.53882766199996,6.2814438670000641],[-75.538820473999976,6.2815802890000327],[-75.538853302999939,6.2815808440000751],[-75.538869051999939,6.2814436660000297]]]},"properties":{"OBJECTID":785,"Año":2025,"Tipo":"Vivienda","Aream2":62.169558354462552,"lenght":38.597613001085179,"Ubicacion":"Poligono general construciones"}},{"type":"Feature","id":786,"geometry":{"type":"Polygon","coordinates":[[[-75.538869051999939,6.2814436660000297],[-75.538853302999939,6.2815808440000751],[-75.538896147999935,6.2815863490000652],[-75.538908341999957,6.2814520440000479],[-75.538869051999939,6.2814436660000297]]]},"properties":{"OBJECTID":786,"Año":2025,"Tipo":"Vivienda","Aream2":69.427979656849871,"lenght":39.415787006968728,"Ubicacion":"Poligono general construciones"}},{"type":"Feature","id":787,"geometry":{"type":"Polygon","coordinates":[[[-75.538882910999973,6.2815846480000346],[-75.538853302999939,6.2815808440000751],[-75.538845522999964,6.2815951630000768],[-75.538882668999975,6.2816028380000262],[-75.538882910999973,6.2815846480000346]]]},"properties":{"OBJECTID":787,"Año":2025,"Tipo":"Vivienda","Aream2":6.9231231604408672,"lenght":11.316474250883228,"Ubicacion":"Poligono general construciones"}},{"type":"Feature","id":788,"geometry":{"type":"Polygon","coordinates":[[[-75.538908341999957,6.2814520440000479],[-75.538903132999963,6.281509422000056],[-75.538932902999989,6.2815133350000565],[-75.538944805999961,6.2814661480000495],[-75.538908341999957,6.2814520440000479]]]},"properties":{"OBJECTID":788,"Año":2025,"Tipo":"Vivienda","Aream2":22.13887012315082,"lenght":19.405232810871198,"Ubicacion":"Poligono general construciones"}},{"type":"Feature","id":789,"geometry":{"type":"Polygon","coordinates":[[[-75.538944805999961,6.2814661480000495],[-75.538999954999952,6.2815072970000756],[-75.53905018599994,6.2814170800000397],[-75.538992202999964,6.2813802300000248],[-75.538944805999961,6.2814661480000495]]]},"properties":{"OBJECTID":789,"Año":2025,"Tipo":"Vivienda","Aream2":84.286689606890207,"lenght":37.493557072880897,"Ubicacion":"Poligono general construciones"}},{"type":"Feature","id":790,"geometry":{"type":"Polygon","coordinates":[[[-75.539093130999959,6.2812961940000491],[-75.539223732999972,6.2813504600000556],[-75.539273019999939,6.2813074600000505],[-75.539187168999945,6.2812628900000504],[-75.539166622999971,6.2812936950000449],[-75.539108757999941,6.281281123000042],[-75.539093130999959,6.2812961940000491]]]},"properties":{"OBJECTID":790,"Año":2025,"Tipo":"Vivienda","Aream2":86.89554087474481,"lenght":46.644403793944988,"Ubicacion":"Poligono general construciones"}},{"type":"Feature","id":791,"geometry":{"type":"Polygon","coordinates":[[[-75.539187168999945,6.2812628900000504],[-75.539273019999939,6.2813074600000505],[-75.539241454999967,6.2812733380000623],[-75.539222037999934,6.2812427270000626],[-75.539187168999945,6.2812628900000504]]]},"properties":{"OBJECTID":791,"Año":2025,"Tipo":"Vivienda","Aream2":18.248572626931391,"lenght":24.314516568693115,"Ubicacion":"Poligono general construciones"}},{"type":"Feature","id":792,"geometry":{"type":"Polygon","coordinates":[[[-75.539284544999987,6.2812416030000691],[-75.539265352999962,6.2812274920000277],[-75.53924352599995,6.2812472500000354],[-75.53926142499995,6.2812586300000248],[-75.539284544999987,6.2812416030000691]]]},"properties":{"OBJECTID":792,"Año":2025,"Tipo":"Vivienda","Aream2":7.6819378032097516,"lenght":11.417592910065629,"Ubicacion":"Poligono general construciones"}},{"type":"Feature","id":793,"geometry":{"type":"Polygon","coordinates":[[[-75.53924352599995,6.2812472500000354],[-75.539232470999934,6.2812591750000593],[-75.539241454999967,6.2812733380000623],[-75.53926142499995,6.2812586300000248],[-75.53924352599995,6.2812472500000354]]]},"properties":{"OBJECTID":793,"Año":2025,"Tipo":"Vivienda","Aream2":4.6163991729951572,"lenght":8.745915940851507,"Ubicacion":"Poligono general construciones"}},{"type":"Feature","id":794,"geometry":{"type":"Polygon","coordinates":[[[-75.539166622999971,6.2812936950000449],[-75.53918443699996,6.2812669860000483],[-75.539152684999976,6.2812568310000643],[-75.539133666999987,6.2812865350000493],[-75.539166622999971,6.2812936950000449]]]},"properties":{"OBJECTID":794,"Año":2025,"Tipo":"Vivienda","Aream2":13.123211932802155,"lenght":14.875245900695873,"Ubicacion":"Poligono general construciones"}},{"type":"Feature","id":795,"geometry":{"type":"Polygon","coordinates":[[[-75.539368359999969,6.2812484430000382],[-75.539414726999951,6.2811799790000578],[-75.539384518999952,6.2811589270000354],[-75.539331847999961,6.28122434200003],[-75.539368359999969,6.2812484430000382]]]},"properties":{"OBJECTID":795,"Año":2025,"Tipo":"Vivienda","Aream2":41.021990156553144,"lenght":27.354380536184557,"Ubicacion":"Poligono general construciones"}},{"type":"Feature","id":796,"geometry":{"type":"Polygon","coordinates":[[[-75.539384518999952,6.2811589270000354],[-75.539347173999943,6.2811471480000591],[-75.539309688999936,6.2812165940000568],[-75.539331847999961,6.28122434200003],[-75.539384518999952,6.2811589270000354]]]},"properties":{"OBJECTID":796,"Año":2025,"Tipo":"Vivienda","Aream2":29.946445421319051,"lenght":24.953005383949435,"Ubicacion":"Poligono general construciones"}},{"type":"Feature","id":797,"geometry":{"type":"Polygon","coordinates":[[[-75.539309688999936,6.2812165940000568],[-75.539347173999943,6.2811471480000591],[-75.539312808999966,6.2811244650000617],[-75.539276061999942,6.2811989070000322],[-75.539309688999936,6.2812165940000568]]]},"properties":{"OBJECTID":797,"Año":2025,"Tipo":"Vivienda","Aream2":39.111429044192228,"lenght":26.67429511059764,"Ubicacion":"Poligono general construciones"}},{"type":"Feature","id":798,"geometry":{"type":"Polygon","coordinates":[[[-75.539289029999964,6.2812057290000212],[-75.539276061999942,6.2811989070000322],[-75.539262444999963,6.2811868330000493],[-75.53924974399996,6.2812168860000384],[-75.539278240999977,6.2812369680000302],[-75.539289029999964,6.2812057290000212]]]},"properties":{"OBJECTID":798,"Año":2025,"Tipo":"Vivienda","Aream2":12.74434169838268,"lenght":14.757558595146172,"Ubicacion":"Poligono general construciones"}},{"type":"Feature","id":799,"geometry":{"type":"Polygon","coordinates":[[[-75.539198939999949,6.2811885700000403],[-75.539168139999958,6.2811651550000533],[-75.539126400999976,6.2812403350000636],[-75.539152684999976,6.2812568310000643],[-75.539198939999949,6.2811885700000403]]]},"properties":{"OBJECTID":799,"Año":2025,"Tipo":"Vivienda","Aream2":35.806637183734026,"lenght":26.349354033079972,"Ubicacion":"Poligono general construciones"}},{"type":"Feature","id":800,"geometry":{"type":"Polygon","coordinates":[[[-75.539198939999949,6.2811885700000403],[-75.539152684999976,6.2812568310000643],[-75.53918443699996,6.2812669860000483],[-75.539224743999966,6.2812120090000576],[-75.539198939999949,6.2811885700000403]]]},"properties":{"OBJECTID":800,"Año":2025,"Tipo":"Vivienda","Aream2":30.606877503928331,"lenght":24.210128560772148,"Ubicacion":"Poligono general construciones"}},{"type":"Feature","id":801,"geometry":{"type":"Polygon","coordinates":[[[-75.539063193999937,6.2811563810000735],[-75.538993823999988,6.2811260130000619],[-75.538958319999949,6.2811626040000306],[-75.539027775999955,6.2812108230000376],[-75.539063193999937,6.2811563810000735]]]},"properties":{"OBJECTID":801,"Año":2025,"Tipo":"Vivienda","Aream2":55.733225748522457,"lenght":30.562278097271751,"Ubicacion":"Poligono general construciones"}},{"type":"Feature","id":802,"geometry":{"type":"Polygon","coordinates":[[[-75.538993823999988,6.2811260130000619],[-75.539063193999937,6.2811563810000735],[-75.539088723999953,6.2811234100000206],[-75.539018589999955,6.2810823350000646],[-75.538993823999988,6.2811260130000619]]]},"properties":{"OBJECTID":802,"Año":2025,"Tipo":"Vivienda","Aream2":43.720818928093308,"lenght":27.541928826481822,"Ubicacion":"Poligono general construciones"}},{"type":"Feature","id":803,"geometry":{"type":"Polygon","coordinates":[[[-75.53912655299996,6.2811246550000419],[-75.53917308299998,6.281154420000064],[-75.539219872999979,6.2810906410000484],[-75.53916191199994,6.2810580740000432],[-75.53912655299996,6.2811246550000419]]]},"properties":{"OBJECTID":803,"Año":2025,"Tipo":"Vivienda","Aream2":57.357270821086061,"lenght":30.559781791031323,"Ubicacion":"Poligono general construciones"}},{"type":"Feature","id":804,"geometry":{"type":"Polygon","coordinates":[[[-75.539312808999966,6.2811244650000617],[-75.539363118999972,6.2811521780000703],[-75.53939835999995,6.2811069110000517],[-75.539327600999968,6.2810844050000583],[-75.539312808999966,6.2811244650000617]]]},"properties":{"OBJECTID":804,"Año":2025,"Tipo":"Vivienda","Aream2":39.30449267177287,"lenght":25.64384167906891,"Ubicacion":"Poligono general construciones"}},{"type":"Feature","id":805,"geometry":{"type":"Polygon","coordinates":[[[-75.539414726999951,6.2811799790000578],[-75.539391800999965,6.2812138310000591],[-75.539481903999956,6.281264315000044],[-75.539512357999968,6.2812163250000594],[-75.539418656999942,6.2811717940000449],[-75.539414726999951,6.2811799790000578]]]},"properties":{"OBJECTID":805,"Año":2025,"Tipo":"Vivienda","Aream2":66.971282844519322,"lenght":34.724844758958341,"Ubicacion":"Poligono general construciones"}},{"type":"Feature","id":806,"geometry":{"type":"Polygon","coordinates":[[[-75.539481903999956,6.281264315000044],[-75.539391800999965,6.2812138310000591],[-75.539368359999969,6.2812484430000382],[-75.539459206999936,6.2812929880000752],[-75.539481903999956,6.281264315000044]]]},"properties":{"OBJECTID":806,"Año":2025,"Tipo":"Vivienda","Aream2":48.463575634815101,"lenght":31.296228556597725,"Ubicacion":"Poligono general construciones"}},{"type":"Feature","id":807,"geometry":{"type":"Polygon","coordinates":[[[-75.539512357999968,6.2812163250000594],[-75.539527128999964,6.2811719810000568],[-75.539409139999975,6.2811225680000575],[-75.539384518999952,6.2811589270000354],[-75.539418656999942,6.2811717940000449],[-75.539512357999968,6.2812163250000594]]]},"properties":{"OBJECTID":807,"Año":2025,"Tipo":"Vivienda","Aream2":71.666040461980046,"lenght":39.701919699441383,"Ubicacion":"Poligono general construciones"}},{"type":"Feature","id":808,"geometry":{"type":"Polygon","coordinates":[[[-75.539409139999975,6.2811225680000575],[-75.539435510999965,6.281133612000076],[-75.539446909999981,6.2811116740000443],[-75.539416896999967,6.2811032510000473],[-75.539409139999975,6.2811225680000575]]]},"properties":{"OBJECTID":808,"Año":2025,"Tipo":"Vivienda","Aream2":8.260030908215036,"lenght":11.651304539859893,"Ubicacion":"Poligono general construciones"}},{"type":"Feature","id":809,"geometry":{"type":"Polygon","coordinates":[[[-75.539435510999965,6.281133612000076],[-75.539503016999959,6.2811618830000384],[-75.539527624999948,6.2811269920000541],[-75.539446909999981,6.2811116740000443],[-75.539435510999965,6.281133612000076]]]},"properties":{"OBJECTID":809,"Año":2025,"Tipo":"Vivienda","Aream2":30.581526984870969,"lenght":24.64992956863405,"Ubicacion":"Poligono general construciones"}},{"type":"Feature","id":810,"geometry":{"type":"Polygon","coordinates":[[[-75.539527128999964,6.2811719810000568],[-75.539531985999986,6.2811433940000256],[-75.539513801999988,6.2811465920000273],[-75.539503016999959,6.2811618830000384],[-75.539527128999964,6.2811719810000568]]]},"properties":{"OBJECTID":810,"Año":2025,"Tipo":"Vivienda","Aream2":6.0099321149903631,"lenght":10.213652094076689,"Ubicacion":"Poligono general construciones"}},{"type":"Feature","id":811,"geometry":{"type":"Polygon","coordinates":[[[-75.539556278999953,6.2812731910000252],[-75.539523261999989,6.2812575540000353],[-75.539485497999976,6.2812878620000561],[-75.539535894999972,6.2813333620000549],[-75.539556278999953,6.2812731910000252]]]},"properties":{"OBJECTID":811,"Año":2025,"Tipo":"Vivienda","Aream2":33.976843398410338,"lenght":23.94047811901234,"Ubicacion":"Poligono general construciones"}},{"type":"Feature","id":812,"geometry":{"type":"Polygon","coordinates":[[[-75.539531514999965,6.2813404800000399],[-75.539504313999942,6.2813234740000325],[-75.539468310999951,6.281404339000062],[-75.539491932999965,6.2814192200000321],[-75.539531514999965,6.2813404800000399]]]},"properties":{"OBJECTID":812,"Año":2025,"Tipo":"Vivienda","Aream2":32.20052051478855,"lenght":26.179728475650588,"Ubicacion":"Poligono general construciones"}},{"type":"Feature","id":813,"geometry":{"type":"Polygon","coordinates":[[[-75.539504313999942,6.2813234740000325],[-75.53947287699998,6.2813157730000739],[-75.539435456999968,6.281398786000068],[-75.539468310999951,6.281404339000062],[-75.539504313999942,6.2813234740000325]]]},"properties":{"OBJECTID":813,"Año":2025,"Tipo":"Vivienda","Aream2":35.221851882263813,"lenght":27.13397560063105,"Ubicacion":"Poligono general construciones"}},{"type":"Feature","id":814,"geometry":{"type":"Polygon","coordinates":[[[-75.53947287699998,6.2813157730000739],[-75.539449264999973,6.2813030340000751],[-75.539380595999944,6.2814169040000252],[-75.539416345999939,6.2814310120000414],[-75.53947287699998,6.2813157730000739]]]},"properties":{"OBJECTID":814,"Año":2025,"Tipo":"Vivienda","Aream2":51.908754739836297,"lenght":36.131332540312947,"Ubicacion":"Poligono general construciones"}},{"type":"Feature","id":815,"geometry":{"type":"Polygon","coordinates":[[[-75.539449264999973,6.2813030340000751],[-75.539414246999968,6.2812924930000236],[-75.539344142999937,6.2814049420000515],[-75.539380595999944,6.2814169040000252],[-75.539449264999973,6.2813030340000751]]]},"properties":{"OBJECTID":815,"Año":2025,"Tipo":"Vivienda","Aream2":59.059121134781982,"lenght":37.662487348172469,"Ubicacion":"Poligono general construciones"}},{"type":"Feature","id":816,"geometry":{"type":"Polygon","coordinates":[[[-75.53897604499997,6.2811749080000254],[-75.538963481999986,6.2811968530000399],[-75.53901719299995,6.2812358670000208],[-75.539035635999937,6.2812129270000696],[-75.539027775999955,6.2812108230000376],[-75.53897604499997,6.2811749080000254]]]},"properties":{"OBJECTID":816,"Año":2025,"Tipo":"Vivienda","Aream2":21.81167192102038,"lenght":21.268348983295052,"Ubicacion":"Poligono general construciones"}},{"type":"Feature","id":817,"geometry":{"type":"Polygon","coordinates":[[[-75.538975962999984,6.2812059190000582],[-75.538963481999986,6.2811968530000399],[-75.538927731999934,6.28118274600007],[-75.538903645999937,6.281219280000073],[-75.538963023999941,6.2812496970000211],[-75.538975962999984,6.2812059190000582]]]},"properties":{"OBJECTID":817,"Año":2025,"Tipo":"Vivienda","Aream2":33.426974862914733,"lenght":23.233373996752992,"Ubicacion":"Poligono general construciones"}},{"type":"Feature","id":818,"geometry":{"type":"Polygon","coordinates":[[[-75.538890765999952,6.2812122020000629],[-75.538860699999987,6.2811930680000501],[-75.538813909999988,6.2812568470000656],[-75.538846105999937,6.2812738290000425],[-75.538890765999952,6.2812122020000629]]]},"properties":{"OBJECTID":818,"Año":2025,"Tipo":"Vivienda","Aream2":34.003212871497965,"lenght":25.142542029732247,"Ubicacion":"Poligono general construciones"}},{"type":"Feature","id":819,"geometry":{"type":"Polygon","coordinates":[[[-75.538811395999971,6.2811797400000273],[-75.538836964999973,6.2811546240000666],[-75.538767570999937,6.2811192570000571],[-75.538755556999945,6.2811435940000706],[-75.538811395999971,6.2811797400000273]]]},"properties":{"OBJECTID":819,"Año":2025,"Tipo":"Vivienda","Aream2":27.17855220874717,"lenght":22.947358373804562,"Ubicacion":"Poligono general construciones"}},{"type":"Feature","id":820,"geometry":{"type":"Polygon","coordinates":[[[-75.538787298999978,6.2812141320000592],[-75.538738603999946,6.281179380000026],[-75.538723003999962,6.2812001630000509],[-75.538767451999945,6.281242078000048],[-75.538787298999978,6.2812141320000592]]]},"properties":{"OBJECTID":820,"Año":2025,"Tipo":"Vivienda","Aream2":22.207168793659758,"lenght":20.046226648565874,"Ubicacion":"Poligono general construciones"}},{"type":"Feature","id":821,"geometry":{"type":"Polygon","coordinates":[[[-75.538738603999946,6.281179380000026],[-75.538787298999978,6.2812141320000592],[-75.538772454999958,6.2812350330000299],[-75.538787443999979,6.2812441230000218],[-75.538836385999957,6.2811824750000369],[-75.538826142999937,6.2811652540000296],[-75.538811395999971,6.2811797400000273],[-75.538755556999945,6.2811435940000706],[-75.538738603999946,6.281179380000026]]]},"properties":{"OBJECTID":821,"Año":2025,"Tipo":"Vivienda","Aream2":51.266312602924557,"lenght":36.348447674406827,"Ubicacion":"Poligono general construciones"}},{"type":"Feature","id":822,"geometry":{"type":"Polygon","coordinates":[[[-75.538815928999952,6.2811439030000429],[-75.538848067999936,6.2810895890000324],[-75.538809407999963,6.2810640700000704],[-75.538776631999951,6.2811238750000484],[-75.538815928999952,6.2811439030000429]]]},"properties":{"OBJECTID":822,"Año":2025,"Tipo":"Vivienda","Aream2":36.274688908184736,"lenght":24.532488819274622,"Ubicacion":"Poligono general construciones"}},{"type":"Feature","id":823,"geometry":{"type":"Polygon","coordinates":[[[-75.538809407999963,6.2810640700000704],[-75.538848067999936,6.2810895890000324],[-75.538876018999986,6.2811144460000605],[-75.538888763999978,6.2810936760000686],[-75.538834293999969,6.2810453840000378],[-75.538809407999963,6.2810640700000704]]]},"properties":{"OBJECTID":823,"Año":2025,"Tipo":"Vivienda","Aream2":24.467522979102295,"lenght":23.458212472582865,"Ubicacion":"Poligono general construciones"}},{"type":"Feature","id":824,"geometry":{"type":"Polygon","coordinates":[[[-75.53890675599996,6.281125007000071],[-75.538942520999967,6.2811419720000572],[-75.538990110999976,6.2810960400000226],[-75.538957138999933,6.2810662100000627],[-75.53890675599996,6.281125007000071]]]},"properties":{"OBJECTID":824,"Año":2025,"Tipo":"Vivienda","Aream2":36.061527789942723,"lenght":25.184732199200308,"Ubicacion":"Poligono general construciones"}},{"type":"Feature","id":825,"geometry":{"type":"Polygon","coordinates":[[[-75.538942520999967,6.2811419720000572],[-75.53890675599996,6.281125007000071],[-75.538887668999962,6.2811622320000424],[-75.538924121999969,6.2811741940000729],[-75.538942520999967,6.2811419720000572]]]},"properties":{"OBJECTID":825,"Año":2025,"Tipo":"Vivienda","Aream2":18.667253514551014,"lenght":17.358736495773886,"Ubicacion":"Poligono general construciones"}},{"type":"Feature","id":826,"geometry":{"type":"Polygon","coordinates":[[[-75.538941812999951,6.2810840960000291],[-75.538957138999933,6.2810662100000627],[-75.53894711099997,6.2810584040000208],[-75.538932211999963,6.2810763270000507],[-75.538941812999951,6.2810840960000291]]]},"properties":{"OBJECTID":826,"Año":2025,"Tipo":"Vivienda","Aream2":3.5917963944055895,"lenght":7.9572009592495245,"Ubicacion":"Poligono general construciones"}},{"type":"Feature","id":827,"geometry":{"type":"Polygon","coordinates":[[[-75.538957138999933,6.2810662100000627],[-75.538990110999976,6.2810960400000226],[-75.539003565999963,6.2810745530000531],[-75.538979839999968,6.2810382510000409],[-75.538957138999933,6.2810662100000627]]]},"properties":{"OBJECTID":827,"Año":2025,"Tipo":"Vivienda","Aream2":15.897250171061849,"lenght":16.506315880780136,"Ubicacion":"Poligono general construciones"}},{"type":"Feature","id":828,"geometry":{"type":"Polygon","coordinates":[[[-75.538979839999968,6.2810382510000409],[-75.538966952999942,6.2810297440000227],[-75.538953466999942,6.2810448050000218],[-75.538968342999965,6.2810524110000756],[-75.538979839999968,6.2810382510000409]]]},"properties":{"OBJECTID":828,"Año":2025,"Tipo":"Vivienda","Aream2":3.7147147178011308,"lenght":7.8122096563011896,"Ubicacion":"Poligono general construciones"}},{"type":"Feature","id":829,"geometry":{"type":"Polygon","coordinates":[[[-75.53888438599995,6.2810897940000245],[-75.538919272999976,6.2810571100000629],[-75.538852715999951,6.2810181600000305],[-75.538834293999969,6.2810453840000378],[-75.53888438599995,6.2810897940000245]]]},"properties":{"OBJECTID":829,"Año":2025,"Tipo":"Vivienda","Aream2":34.986245430019636,"lenght":24.866364507213731,"Ubicacion":"Poligono general construciones"}},{"type":"Feature","id":830,"geometry":{"type":"Polygon","coordinates":[[[-75.538903457999936,6.2810478550000539],[-75.538922622999962,6.2810121070000378],[-75.538892567999937,6.2809951160000423],[-75.538875110999982,6.2810312660000704],[-75.538903457999936,6.2810478550000539]]]},"properties":{"OBJECTID":830,"Año":2025,"Tipo":"Vivienda","Aream2":16.613974616832405,"lenght":16.382754570417159,"Ubicacion":"Poligono general construciones"}},{"type":"Feature","id":831,"geometry":{"type":"Polygon","coordinates":[[[-75.538875110999982,6.2810312660000704],[-75.538892567999937,6.2809951160000423],[-75.538876836999975,6.2809887660000641],[-75.538852715999951,6.2810181600000305],[-75.538875110999982,6.2810312660000704]]]},"properties":{"OBJECTID":831,"Año":2025,"Tipo":"Vivienda","Aream2":10.123299926001907,"lenght":13.396265618068853,"Ubicacion":"Poligono general construciones"}},{"type":"Feature","id":832,"geometry":{"type":"Polygon","coordinates":[[[-75.538979839999968,6.2810382510000409],[-75.539003565999963,6.2810745530000531],[-75.539041272999953,6.2810508050000635],[-75.539009032999957,6.2810245410000221],[-75.538979839999968,6.2810382510000409]]]},"properties":{"OBJECTID":832,"Año":2025,"Tipo":"Vivienda","Aream2":19.22534491615243,"lenght":17.899003462620477,"Ubicacion":"Poligono general construciones"}},{"type":"Feature","id":833,"geometry":{"type":"Polygon","coordinates":[[[-75.539018589999955,6.2810823350000646],[-75.53903779999996,6.2810935860000541],[-75.539064811999936,6.2810485490000474],[-75.539049063999983,6.281038628000033],[-75.539018589999955,6.2810823350000646]]]},"properties":{"OBJECTID":833,"Año":2025,"Tipo":"Vivienda","Aream2":13.218967053631943,"lenght":16.227271180438638,"Ubicacion":"Poligono general construciones"}},{"type":"Feature","id":834,"geometry":{"type":"Polygon","coordinates":[[[-75.538914008999939,6.2810620420000305],[-75.538927177999938,6.2810684970000352],[-75.53894418699997,6.2810441360000482],[-75.538927024999964,6.2810370790000434],[-75.538914008999939,6.2810620420000305]]]},"properties":{"OBJECTID":834,"Año":2025,"Tipo":"Vivienda","Aream2":5.8200331688426257,"lenght":10.077734008874664,"Ubicacion":"Poligono general construciones"}},{"type":"Feature","id":835,"geometry":{"type":"Polygon","coordinates":[[[-75.538671749999935,6.2817805810000209],[-75.538704084999949,6.2817136710000341],[-75.538642596999978,6.2816896910000537],[-75.538634754999975,6.2817478520000236],[-75.538671749999935,6.2817805810000209]]]},"properties":{"OBJECTID":835,"Año":2025,"Tipo":"Vivienda","Aream2":44.668309915195714,"lenght":27.480931955933311,"Ubicacion":"Poligono general construciones"}},{"type":"Feature","id":836,"geometry":{"type":"Polygon","coordinates":[[[-75.53869051099997,6.2817083770000295],[-75.538696823999942,6.281688000000031],[-75.538666065999962,6.2816731540000319],[-75.538663101999987,6.2816976880000652],[-75.53869051099997,6.2817083770000295]]]},"properties":{"OBJECTID":836,"Año":2025,"Tipo":"Vivienda","Aream2":8.7196620734930832,"lenght":12.128283708962247,"Ubicacion":"Poligono general construciones"}},{"type":"Feature","id":837,"geometry":{"type":"Polygon","coordinates":[[[-75.53861802199998,6.2817350940000551],[-75.538638899999967,6.2817171070000768],[-75.538606239999979,6.2816977230000361],[-75.538596394999956,6.2817277610000701],[-75.53861802199998,6.2817350940000551]]]},"properties":{"OBJECTID":837,"Año":2025,"Tipo":"Vivienda","Aream2":10.490793281986194,"lenght":13.275593751927346,"Ubicacion":"Poligono general construciones"}},{"type":"Feature","id":838,"geometry":{"type":"Polygon","coordinates":[[[-75.53860452899994,6.281639177000045],[-75.538573077999956,6.2816286190000596],[-75.538571210999976,6.2816850400000703],[-75.538598334999961,6.2816863350000745],[-75.53860452899994,6.281639177000045]]]},"properties":{"OBJECTID":838,"Año":2025,"Tipo":"Vivienda","Aream2":18.860047406158149,"lenght":18.181720267580797,"Ubicacion":"Poligono general construciones"}},{"type":"Feature","id":839,"geometry":{"type":"Polygon","coordinates":[[[-75.53860452899994,6.281639177000045],[-75.538599842999986,6.2816748570000414],[-75.538626889999989,6.2816883390000271],[-75.538629532999948,6.2816447680000351],[-75.53860452899994,6.281639177000045]]]},"properties":{"OBJECTID":839,"Año":2025,"Tipo":"Vivienda","Aream2":13.052072739431834,"lenght":14.988389894285666,"Ubicacion":"Poligono general construciones"}},{"type":"Feature","id":840,"geometry":{"type":"Polygon","coordinates":[[[-75.538528216999964,6.2816488300000515],[-75.53852263999994,6.2816759920000322],[-75.53855200199996,6.2816972720000308],[-75.538561129999948,6.2816665220000232],[-75.538528216999964,6.2816488300000515]]]},"properties":{"OBJECTID":840,"Año":2025,"Tipo":"Vivienda","Aream2":12.790940346623564,"lenght":14.762586032495003,"Ubicacion":"Poligono general construciones"}},{"type":"Feature","id":841,"geometry":{"type":"Polygon","coordinates":[[[-75.53855200199996,6.2816972720000308],[-75.53852263999994,6.2816759920000322],[-75.538504754999963,6.2816667960000245],[-75.538471532999949,6.2817326510000271],[-75.538513015999968,6.2817517310000426],[-75.53855200199996,6.2816972720000308]]]},"properties":{"OBJECTID":841,"Año":2025,"Tipo":"Vivienda","Aream2":44.298596750617591,"lenght":26.859818555256492,"Ubicacion":"Poligono general construciones"}},{"type":"Feature","id":842,"geometry":{"type":"Polygon","coordinates":[[[-75.53854092399996,6.2816202060000705],[-75.538480855999978,6.2815947910000318],[-75.538394524999944,6.2817458790000273],[-75.538448152999933,6.2817677550000326],[-75.538471532999949,6.2817326510000271],[-75.538504754999963,6.2816667960000245],[-75.538512074999971,6.281670560000066],[-75.53854092399996,6.2816202060000705]]]},"properties":{"OBJECTID":842,"Año":2025,"Tipo":"Vivienda","Aream2":128.82903267457664,"lenght":53.033533338472829,"Ubicacion":"Poligono general construciones"}},{"type":"Feature","id":843,"geometry":{"type":"Polygon","coordinates":[[[-75.538471537999953,6.2815862670000229],[-75.538420035999934,6.2815615250000292],[-75.538323700999968,6.2817098050000482],[-75.538388767999948,6.2817359100000658],[-75.538471537999953,6.2815862670000229]]]},"properties":{"OBJECTID":843,"Año":2025,"Tipo":"Vivienda","Aream2":134.15253751445215,"lenght":52.560712918387068,"Ubicacion":"Poligono general construciones"}},{"type":"Feature","id":844,"geometry":{"type":"Polygon","coordinates":[[[-75.53839050299996,6.281606982000028],[-75.538338725999949,6.2815704880000567],[-75.538308978999964,6.2816170470000543],[-75.538356928999974,6.2816453780000643],[-75.53839050299996,6.281606982000028]]]},"properties":{"OBJECTID":844,"Año":2025,"Tipo":"Vivienda","Aream2":38.490429527122842,"lenght":24.927494418053939,"Ubicacion":"Poligono general construciones"}},{"type":"Feature","id":845,"geometry":{"type":"Polygon","coordinates":[[[-75.538356928999974,6.2816453780000643],[-75.538301131999958,6.2816178000000491],[-75.538259862999951,6.2816698360000487],[-75.538300129999982,6.2817056350000371],[-75.538356928999974,6.2816453780000643]]]},"properties":{"OBJECTID":845,"Año":2025,"Tipo":"Vivienda","Aream2":52.033982546671062,"lenght":29.35846822993873,"Ubicacion":"Poligono general construciones"}},{"type":"Feature","id":846,"geometry":{"type":"Polygon","coordinates":[[[-75.538241429999971,6.2816371360000289],[-75.538293912999961,6.2816006970000444],[-75.538284566999948,6.2815864600000282],[-75.538313013999982,6.281566329000043],[-75.538288615999988,6.2815385980000542],[-75.538224026999956,6.281611033000047],[-75.538241429999971,6.2816371360000289]]]},"properties":{"OBJECTID":846,"Año":2025,"Tipo":"Vivienda","Aream2":43.908625409487307,"lenght":31.104549132746982,"Ubicacion":"Poligono general construciones"}},{"type":"Feature","id":847,"geometry":{"type":"Polygon","coordinates":[[[-75.538231222999968,6.2814760390000401],[-75.538177271999984,6.2815348550000749],[-75.538223874999971,6.2815796150000551],[-75.538274240999954,6.2815172460000213],[-75.538231222999968,6.2814760390000401]]]},"properties":{"OBJECTID":847,"Año":2025,"Tipo":"Vivienda","Aream2":60.68247501606907,"lenght":31.439693589201845,"Ubicacion":"Poligono general construciones"}},{"type":"Feature","id":848,"geometry":{"type":"Polygon","coordinates":[[[-75.538202751999961,6.281559327000025],[-75.538177271999984,6.2815348550000749],[-75.53816939799998,6.281529894000073],[-75.538146063999989,6.2815757840000401],[-75.538171771999941,6.281592918000058],[-75.538202751999961,6.281559327000025]]]},"properties":{"OBJECTID":848,"Año":2025,"Tipo":"Vivienda","Aream2":22.512371147176534,"lenght":19.107950980020359,"Ubicacion":"Poligono general construciones"}},{"type":"Feature","id":849,"geometry":{"type":"Polygon","coordinates":[[[-75.538101660999985,6.2815388270000767],[-75.538158392999946,6.2814678240000603],[-75.538110389999986,6.2814287820000345],[-75.538062116999981,6.2814990910000574],[-75.538101660999985,6.2815388270000767]]]},"properties":{"OBJECTID":849,"Año":2025,"Tipo":"Vivienda","Aream2":63.176616868017568,"lenght":32.53876555908748,"Ubicacion":"Poligono general construciones"}},{"type":"Feature","id":850,"geometry":{"type":"Polygon","coordinates":[[[-75.538001510999948,6.2814383230000317],[-75.538013303999946,6.281422113000076],[-75.537994649999973,6.2814014960000577],[-75.537982912999951,6.2814198120000242],[-75.538001510999948,6.2814383230000317]]]},"properties":{"OBJECTID":850,"Año":2025,"Tipo":"Vivienda","Aream2":6.7537375955538552,"lenght":10.603604415485865,"Ubicacion":"Poligono general construciones"}},{"type":"Feature","id":851,"geometry":{"type":"Polygon","coordinates":[[[-75.538013303999946,6.281422113000076],[-75.538055261999943,6.2813919180000539],[-75.538036554999962,6.2813605900000766],[-75.537994649999973,6.2814014960000577],[-75.538013303999946,6.281422113000076]]]},"properties":{"OBJECTID":851,"Año":2025,"Tipo":"Vivienda","Aream2":21.461288304044679,"lenght":19.311840111298689,"Ubicacion":"Poligono general construciones"}},{"type":"Feature","id":852,"geometry":{"type":"Polygon","coordinates":[[[-75.537994649999973,6.2814014960000577],[-75.538030359999937,6.2813666380000654],[-75.538002108999933,6.2813543640000375],[-75.537977517999934,6.281392348000054],[-75.537994649999973,6.2814014960000577]]]},"properties":{"OBJECTID":852,"Año":2025,"Tipo":"Vivienda","Aream2":14.070177879836233,"lenght":16.085002797909755,"Ubicacion":"Poligono general construciones"}},{"type":"Feature","id":853,"geometry":{"type":"Polygon","coordinates":[[[-75.538055717999953,6.2812835370000357],[-75.538028618999988,6.2813224230000628],[-75.538009700999964,6.2813422560000731],[-75.53805512699995,6.2813640710000413],[-75.53808696599998,6.2813075040000399],[-75.538055717999953,6.2812835370000357]]]},"properties":{"OBJECTID":853,"Año":2025,"Tipo":"Vivienda","Aream2":36.747157572067543,"lenght":25.390808723302595,"Ubicacion":"Poligono general construciones"}},{"type":"Feature","id":854,"geometry":{"type":"Polygon","coordinates":[[[-75.53808696599998,6.2813075040000399],[-75.538128854999968,6.281263028000069],[-75.538085430999956,6.2812331110000628],[-75.538055717999953,6.2812835370000357],[-75.53808696599998,6.2813075040000399]]]},"properties":{"OBJECTID":854,"Año":2025,"Tipo":"Vivienda","Aream2":33.494807152487205,"lenght":23.426884813428018,"Ubicacion":"Poligono general construciones"}},{"type":"Feature","id":855,"geometry":{"type":"Polygon","coordinates":[[[-75.538131792999934,6.2812801520000221],[-75.538096349999989,6.2813295950000452],[-75.538121413999988,6.2813473250000698],[-75.538154721999945,6.2812993200000733],[-75.538131792999934,6.2812801520000221]]]},"properties":{"OBJECTID":855,"Año":2025,"Tipo":"Vivienda","Aream2":22.076207928952268,"lenght":19.897927390690434,"Ubicacion":"Poligono general construciones"}},{"type":"Feature","id":856,"geometry":{"type":"Polygon","coordinates":[[[-75.538121413999988,6.2813473250000698],[-75.538096349999989,6.2813295950000452],[-75.538087928999971,6.2813589130000764],[-75.538115122999955,6.2813744900000756],[-75.538121413999988,6.2813473250000698]]]},"properties":{"OBJECTID":856,"Año":2025,"Tipo":"Vivienda","Aream2":10.532846684010432,"lenght":13.323416796678995,"Ubicacion":"Poligono general construciones"}},{"type":"Feature","id":857,"geometry":{"type":"Polygon","coordinates":[[[-75.538217318999955,6.2812576010000498],[-75.538177566999934,6.2813013520000709],[-75.538248408999948,6.2813409960000399],[-75.538278841999954,6.2812887210000667],[-75.538217318999955,6.2812576010000498]]]},"properties":{"OBJECTID":857,"Año":2025,"Tipo":"Vivienda","Aream2":54.098172125366176,"lenght":29.844593263505903,"Ubicacion":"Poligono general construciones"}},{"type":"Feature","id":858,"geometry":{"type":"Polygon","coordinates":[[[-75.538278841999954,6.2812887210000667],[-75.53829017299995,6.2812708140000382],[-75.538259435999976,6.2812602530000277],[-75.538251244999969,6.2812747620000664],[-75.538278841999954,6.2812887210000667]]]},"properties":{"OBJECTID":858,"Año":2025,"Tipo":"Vivienda","Aream2":7.2519385901006288,"lenght":11.206570852272044,"Ubicacion":"Poligono general construciones"}},{"type":"Feature","id":859,"geometry":{"type":"Polygon","coordinates":[[[-75.538279664999948,6.2812672040000734],[-75.53828645599998,6.2812401280000358],[-75.538258624999969,6.2812402630000292],[-75.538259435999976,6.2812602530000277],[-75.538279664999948,6.2812672040000734]]]},"properties":{"OBJECTID":859,"Año":2025,"Tipo":"Vivienda","Aream2":7.0472534929934634,"lenght":10.747939004638347,"Ubicacion":"Poligono general construciones"}},{"type":"Feature","id":860,"geometry":{"type":"Polygon","coordinates":[[[-75.53823459299997,6.2813332640000681],[-75.538177566999934,6.2813013520000709],[-75.538128012999948,6.2813837110000463],[-75.538176003999979,6.2814206090000653],[-75.53823459299997,6.2813332640000681]]]},"properties":{"OBJECTID":860,"Año":2025,"Tipo":"Vivienda","Aream2":77.314279526683137,"lenght":36.197971880537054,"Ubicacion":"Poligono general construciones"}},{"type":"Feature","id":861,"geometry":{"type":"Polygon","coordinates":[[[-75.53829049899997,6.2813379350000673],[-75.538210326999945,6.2814347240000643],[-75.538249717999975,6.2814638100000479],[-75.538320591999934,6.2813627820000306],[-75.53829049899997,6.2813379350000673]]]},"properties":{"OBJECTID":861,"Año":2025,"Tipo":"Vivienda","Aream2":66.995833673785683,"lenght":37.29348522601547,"Ubicacion":"Poligono general construciones"}},{"type":"Feature","id":862,"geometry":{"type":"Polygon","coordinates":[[[-75.538298043999987,6.2812750610000307],[-75.538267599999983,6.2813251940000328],[-75.53829049899997,6.2813379350000673],[-75.538323805999937,6.2812899310000603],[-75.538298043999987,6.2812750610000307]]]},"properties":{"OBJECTID":862,"Año":2025,"Tipo":"Vivienda","Aream2":20.001524884021997,"lenght":19.14364271720402,"Ubicacion":"Poligono general construciones"}},{"type":"Feature","id":863,"geometry":{"type":"Polygon","coordinates":[[[-75.538383849999946,6.2813103480000336],[-75.538364828999988,6.2813611390000688],[-75.538420604999942,6.2813844330000279],[-75.538440360999971,6.2813379220000343],[-75.538383849999946,6.2813103480000336]]]},"properties":{"OBJECTID":863,"Año":2025,"Tipo":"Vivienda","Aream2":39.473338985210276,"lenght":25.236622531967765,"Ubicacion":"Poligono general construciones"}},{"type":"Feature","id":864,"geometry":{"type":"Polygon","coordinates":[[[-75.538440360999971,6.2813379220000343],[-75.538452380999956,6.2813150130000395],[-75.538403020999965,6.2812902610000378],[-75.538383849999946,6.2813103480000336],[-75.538440360999971,6.2813379220000343]]]},"properties":{"OBJECTID":864,"Año":2025,"Tipo":"Vivienda","Aream2":18.92567774565925,"lenght":19.002936718420095,"Ubicacion":"Poligono general construciones"}},{"type":"Feature","id":865,"geometry":{"type":"Polygon","coordinates":[[[-75.538420604999942,6.2813844330000279],[-75.538364828999988,6.2813611390000688],[-75.538350112999979,6.2814169080000397],[-75.538398007999945,6.2814338130000351],[-75.538420604999942,6.2813844330000279]]]},"properties":{"OBJECTID":865,"Año":2025,"Tipo":"Vivienda","Aream2":37.95107698254732,"lenght":24.696992749727116,"Ubicacion":"Poligono general construciones"}},{"type":"Feature","id":866,"geometry":{"type":"Polygon","coordinates":[[[-75.538398007999945,6.2814338130000351],[-75.538370348999933,6.2814240510000445],[-75.53836952599994,6.2814468050000301],[-75.538398097999959,6.2814523790000294],[-75.538398007999945,6.2814338130000351]]]},"properties":{"OBJECTID":866,"Año":2025,"Tipo":"Vivienda","Aream2":7.1450447458755884,"lenght":11.039711927452251,"Ubicacion":"Poligono general construciones"}},{"type":"Feature","id":867,"geometry":{"type":"Polygon","coordinates":[[[-75.538398097999959,6.2814523790000294],[-75.53836952599994,6.2814468050000301],[-75.538351809999938,6.2814725970000609],[-75.538333207999983,6.281462690000069],[-75.538330459999941,6.2814848400000756],[-75.538377623999963,6.2814981780000494],[-75.538398097999959,6.2814523790000294]]]},"properties":{"OBJECTID":867,"Año":2025,"Tipo":"Vivienda","Aream2":23.522747892309024,"lenght":22.458094397535625,"Ubicacion":"Poligono general construciones"}},{"type":"Feature","id":868,"geometry":{"type":"Polygon","coordinates":[[[-75.538377623999963,6.2814981780000494],[-75.538330459999941,6.2814848400000756],[-75.538329170999987,6.2815134090000697],[-75.538366320999955,6.281521797000039],[-75.538377623999963,6.2814981780000494]]]},"properties":{"OBJECTID":868,"Año":2025,"Tipo":"Vivienda","Aream2":14.303370130732249,"lenght":15.698951805204359,"Ubicacion":"Poligono general construciones"}},{"type":"Feature","id":869,"geometry":{"type":"Polygon","coordinates":[[[-75.538389424999934,6.2813045070000726],[-75.538377392999962,6.2813032390000672],[-75.538358984999945,6.2813333190000549],[-75.538373118999971,6.2813390000000595],[-75.538383849999946,6.2813103480000336],[-75.538389424999934,6.2813045070000726]]]},"properties":{"OBJECTID":869,"Año":2025,"Tipo":"Vivienda","Aream2":5.3150361164997015,"lenght":11.203759177409973,"Ubicacion":"Poligono general construciones"}},{"type":"Feature","id":870,"geometry":{"type":"Polygon","coordinates":[[[-75.538390632999949,6.2812079740000399],[-75.538356637999982,6.2812616090000688],[-75.538388712999961,6.2812829330000568],[-75.538419957999963,6.2812274830000661],[-75.538390632999949,6.2812079740000399]]]},"properties":{"OBJECTID":870,"Año":2025,"Tipo":"Vivienda","Aream2":28.650391561847115,"lenght":22.225180915445037,"Ubicacion":"Poligono general construciones"}},{"type":"Feature","id":871,"geometry":{"type":"Polygon","coordinates":[[[-75.538390632999949,6.2812079740000399],[-75.538359933999971,6.281187558000056],[-75.538324107999983,6.2812402880000491],[-75.538356637999982,6.2812616090000688],[-75.538390632999949,6.2812079740000399]]]},"properties":{"OBJECTID":871,"Año":2025,"Tipo":"Vivienda","Aream2":29.500277660545379,"lenght":22.460824988617858,"Ubicacion":"Poligono general construciones"}},{"type":"Feature","id":872,"geometry":{"type":"Polygon","coordinates":[[[-75.538370786999963,6.2811947760000635],[-75.538390632999949,6.2812079740000399],[-75.538418301999968,6.2811685370000419],[-75.53839037399996,6.281154506000064],[-75.538370786999963,6.2811947760000635]]]},"properties":{"OBJECTID":872,"Año":2025,"Tipo":"Vivienda","Aream2":15.591495876968443,"lenght":16.37923835305109,"Ubicacion":"Poligono general construciones"}},{"type":"Feature","id":873,"geometry":{"type":"Polygon","coordinates":[[[-75.538390632999949,6.2812079740000399],[-75.538414887999977,6.2812241100000392],[-75.538422105999985,6.2811995950000323],[-75.538450913999952,6.2812067670000715],[-75.53845677299995,6.2811902870000722],[-75.538418301999968,6.2811685370000419],[-75.538390632999949,6.2812079740000399]]]},"properties":{"OBJECTID":873,"Año":2025,"Tipo":"Vivienda","Aream2":20.5002392371774,"lenght":21.490597800680622,"Ubicacion":"Poligono general construciones"}},{"type":"Feature","id":874,"geometry":{"type":"Polygon","coordinates":[[[-75.538434188999986,6.2812424960000612],[-75.538451585999951,6.2812510940000266],[-75.538440314999946,6.2812813110000434],[-75.538459565999972,6.2812953850000213],[-75.538502187999939,6.2812316540000666],[-75.538464992999934,6.2811902470000405],[-75.538434188999986,6.2812424960000612]]]},"properties":{"OBJECTID":874,"Año":2025,"Tipo":"Vivienda","Aream2":43.633775182964335,"lenght":29.703254282610857,"Ubicacion":"Poligono general construciones"}},{"type":"Feature","id":875,"geometry":{"type":"Polygon","coordinates":[[[-75.538450273999956,6.2811688390000313],[-75.538499689999981,6.2811873370000626],[-75.538508154999988,6.2811434240000494],[-75.538462846999948,6.2811244490000604],[-75.538450273999956,6.2811688390000313]]]},"properties":{"OBJECTID":875,"Año":2025,"Tipo":"Vivienda","Aream2":28.010804115679246,"lenght":21.325114915887468,"Ubicacion":"Poligono general construciones"}},{"type":"Feature","id":876,"geometry":{"type":"Polygon","coordinates":[[[-75.538462205999963,6.2811949740000728],[-75.538474728999972,6.2812010860000669],[-75.538492163999933,6.2812173990000701],[-75.538508114999956,6.2812293400000385],[-75.538517095999964,6.2811977630000229],[-75.538464492999935,6.2811741620000703],[-75.538462205999963,6.2811949740000728]]]},"properties":{"OBJECTID":876,"Año":2025,"Tipo":"Vivienda","Aream2":17.194995771023294,"lenght":18.716072223744039,"Ubicacion":"Poligono general construciones"}},{"type":"Feature","id":877,"geometry":{"type":"Polygon","coordinates":[[[-75.538432591999936,6.2811012890000484],[-75.538391382999976,6.2810800090000498],[-75.538361467999948,6.2811272260000237],[-75.538407265999979,6.2811530530000255],[-75.538432591999936,6.2811012890000484]]]},"properties":{"OBJECTID":877,"Año":2025,"Tipo":"Vivienda","Aream2":34.319764076068758,"lenght":23.508938089542365,"Ubicacion":"Poligono general construciones"}},{"type":"Feature","id":878,"geometry":{"type":"Polygon","coordinates":[[[-75.538391382999976,6.2810800090000498],[-75.538432591999936,6.2811012890000484],[-75.538473754999984,6.2810192850000703],[-75.538442627999984,6.2810048120000488],[-75.538447536999968,6.2809810240000274],[-75.538431019999962,6.2809655660000203],[-75.538400266999986,6.2810283250000225],[-75.538386128999946,6.2810325070000204],[-75.538404452999941,6.2810438430000204],[-75.538391382999976,6.2810800090000498]]]},"properties":{"OBJECTID":878,"Año":2025,"Tipo":"Vivienda","Aream2":71.030988415043851,"lenght":40.271584183795269,"Ubicacion":"Poligono general construciones"}},{"type":"Feature","id":879,"geometry":{"type":"Polygon","coordinates":[[[-75.538432591999936,6.2811012890000484],[-75.538453668999978,6.2811153530000752],[-75.53849256899997,6.2810374740000725],[-75.538469260999989,6.2810282380000331],[-75.538432591999936,6.2811012890000484]]]},"properties":{"OBJECTID":879,"Año":2025,"Tipo":"Vivienda","Aream2":25.890022905312957,"lenght":24.250169057547964,"Ubicacion":"Poligono general construciones"}},{"type":"Feature","id":880,"geometry":{"type":"Polygon","coordinates":[[[-75.53849256899997,6.2810374740000725],[-75.53850220299995,6.2810461100000339],[-75.538506691999942,6.2810300930000267],[-75.53847372499996,6.2810128870000312],[-75.538473754999984,6.2810192850000703],[-75.538469260999989,6.2810282380000331],[-75.53849256899997,6.2810374740000725]]]},"properties":{"OBJECTID":880,"Año":2025,"Tipo":"Vivienda","Aream2":6.423177823200179,"lenght":11.976960891202415,"Ubicacion":"Poligono general construciones"}},{"type":"Feature","id":881,"geometry":{"type":"Polygon","coordinates":[[[-75.538535331999981,6.2809083050000254],[-75.538476008999965,6.2808893130000456],[-75.538467915999945,6.2809864660000585],[-75.53851932799995,6.2809926430000473],[-75.538535331999981,6.2809083050000254]]]},"properties":{"OBJECTID":881,"Año":2025,"Tipo":"Vivienda","Aream2":63.361496831717908,"lenght":32.902474629576759,"Ubicacion":"Poligono general construciones"}},{"type":"Feature","id":882,"geometry":{"type":"Polygon","coordinates":[[[-75.538552409999966,6.2809114530000443],[-75.538550706999956,6.2809216980000429],[-75.538532885999985,6.2809211940000296],[-75.538529814999947,6.2809373800000685],[-75.538573023999959,6.2809429410000348],[-75.538575526999978,6.2809166050000727],[-75.538552409999966,6.2809114530000443]]]},"properties":{"OBJECTID":882,"Año":2025,"Tipo":"Vivienda","Aream2":12.059685410004052,"lenght":15.31295316398216,"Ubicacion":"Poligono general construciones"}},{"type":"Feature","id":883,"geometry":{"type":"Polygon","coordinates":[[[-75.538552409999966,6.2809114530000443],[-75.538535331999981,6.2809083050000254],[-75.538532885999985,6.2809211940000296],[-75.538550706999956,6.2809216980000429],[-75.538552409999966,6.2809114530000443]]]},"properties":{"OBJECTID":883,"Año":2025,"Tipo":"Vivienda","Aream2":2.5171675168472083,"lenght":6.4948729370496388,"Ubicacion":"Poligono general construciones"}},{"type":"Feature","id":884,"geometry":{"type":"Polygon","coordinates":[[[-75.538575526999978,6.2809166050000727],[-75.53859603799998,6.2809180080000715],[-75.538616257999934,6.2808200810000585],[-75.538551980999955,6.2808096830000295],[-75.538544985999977,6.2809100840000269],[-75.538575526999978,6.2809166050000727]]]},"properties":{"OBJECTID":884,"Año":2025,"Tipo":"Vivienda","Aream2":72.082044896845673,"lenght":35.13001935352262,"Ubicacion":"Poligono general construciones"}},{"type":"Feature","id":885,"geometry":{"type":"Polygon","coordinates":[[[-75.538544985999977,6.2809100840000269],[-75.538548510999988,6.2808594920000473],[-75.538480116999949,6.2808535900000493],[-75.538476008999965,6.2808893130000456],[-75.538544985999977,6.2809100840000269]]]},"properties":{"OBJECTID":885,"Año":2025,"Tipo":"Vivienda","Aream2":36.910370132116896,"lenght":25.156572036805553,"Ubicacion":"Poligono general construciones"}},{"type":"Feature","id":886,"geometry":{"type":"Polygon","coordinates":[[[-75.538535796999952,6.2808583950000525],[-75.538551980999955,6.2808096830000295],[-75.538524821999943,6.2808012460000668],[-75.538528635999967,6.2808211060000758],[-75.53850848899998,6.2808177490000503],[-75.538509275999957,6.2808561070000337],[-75.538535796999952,6.2808583950000525]]]},"properties":{"OBJECTID":886,"Año":2025,"Tipo":"Vivienda","Aream2":19.599956489483198,"lenght":20.512168512333968,"Ubicacion":"Poligono general construciones"}},{"type":"Feature","id":887,"geometry":{"type":"Polygon","coordinates":[[[-75.538509275999957,6.2808561070000337],[-75.53850848899998,6.2808177490000503],[-75.538480632999949,6.2808128850000458],[-75.538480116999949,6.2808535900000493],[-75.538509275999957,6.2808561070000337]]]},"properties":{"OBJECTID":887,"Año":2025,"Tipo":"Vivienda","Aream2":13.789323057230172,"lenght":15.114905148298787,"Ubicacion":"Poligono general construciones"}},{"type":"Feature","id":888,"geometry":{"type":"Polygon","coordinates":[[[-75.538464046999934,6.2807772620000719],[-75.538391213999944,6.2807683330000259],[-75.538385223999967,6.2808576210000524],[-75.538454512999976,6.2808715660000303],[-75.538464046999934,6.2807772620000719]]]},"properties":{"OBJECTID":888,"Año":2025,"Tipo":"Vivienda","Aream2":80.93918550937903,"lenght":36.325269986468214,"Ubicacion":"Poligono general construciones"}},{"type":"Feature","id":889,"geometry":{"type":"Polygon","coordinates":[[[-75.538391213999944,6.2807683330000259],[-75.538343383999973,6.2807649940000374],[-75.538340907999952,6.2808428410000374],[-75.538385676999951,6.2808508720000304],[-75.538391213999944,6.2807683330000259]]]},"properties":{"OBJECTID":889,"Año":2025,"Tipo":"Vivienda","Aream2":45.730087811898422,"lenght":28.10500246271689,"Ubicacion":"Poligono general construciones"}},{"type":"Feature","id":890,"geometry":{"type":"Polygon","coordinates":[[[-75.538338877999934,6.2807186020000358],[-75.538285318999954,6.2807110070000363],[-75.53828369699994,6.280818125000053],[-75.538333660999967,6.2808200250000255],[-75.538338877999934,6.2807186020000358]]]},"properties":{"OBJECTID":890,"Año":2025,"Tipo":"Vivienda","Aream2":66.268304333438067,"lenght":34.602965480631596,"Ubicacion":"Poligono general construciones"}},{"type":"Feature","id":891,"geometry":{"type":"Polygon","coordinates":[[[-75.538285318999954,6.2807110070000363],[-75.538232514999947,6.2807119780000562],[-75.538227369999959,6.2808283960000608],[-75.538275933999955,6.280836015000034],[-75.53828369699994,6.280818125000053],[-75.538285318999954,6.2807110070000363]]]},"properties":{"OBJECTID":891,"Año":2025,"Tipo":"Vivienda","Aream2":80.103652211082647,"lenght":38.181409801900116,"Ubicacion":"Poligono general construciones"}},{"type":"Feature","id":892,"geometry":{"type":"Polygon","coordinates":[[[-75.538285318999954,6.2807110070000363],[-75.538287123999964,6.2806417330000386],[-75.538228576999984,6.2806355910000207],[-75.538232514999947,6.2807119780000562],[-75.538285318999954,6.2807110070000363]]]},"properties":{"OBJECTID":892,"Año":2025,"Tipo":"Vivienda","Aream2":49.603832308454763,"lenght":28.48526990760492,"Ubicacion":"Poligono general construciones"}},{"type":"Feature","id":893,"geometry":{"type":"Polygon","coordinates":[[[-75.538164397999935,6.2806835180000462],[-75.538183430999936,6.2807652260000282],[-75.538230517999978,6.2807571450000523],[-75.538229852999962,6.2806603560000553],[-75.538164397999935,6.2806835180000462]]]},"properties":{"OBJECTID":893,"Año":2025,"Tipo":"Vivienda","Aream2":63.361282762138217,"lenght":32.956883050187429,"Ubicacion":"Poligono general construciones"}},{"type":"Feature","id":894,"geometry":{"type":"Polygon","coordinates":[[[-75.538183430999936,6.2807652260000282],[-75.53819903599998,6.2808332570000402],[-75.538227369999959,6.2808283960000608],[-75.538230517999978,6.2807571450000523],[-75.538183430999936,6.2807652260000282]]]},"properties":{"OBJECTID":894,"Año":2025,"Tipo":"Vivienda","Aream2":32.641864731978181,"lenght":24.078013260606017,"Ubicacion":"Poligono general construciones"}},{"type":"Feature","id":895,"geometry":{"type":"Polygon","coordinates":[[[-75.538268994999953,6.2808349270000576],[-75.538227369999959,6.2808283960000608],[-75.53819903599998,6.2808332570000402],[-75.538218210999958,6.2809176170000569],[-75.538257641999962,6.2809208480000507],[-75.538268994999953,6.2808349270000576]]]},"properties":{"OBJECTID":895,"Año":2025,"Tipo":"Vivienda","Aream2":59.259296981776714,"lenght":31.378691771696875,"Ubicacion":"Poligono general construciones"}},{"type":"Feature","id":896,"geometry":{"type":"Polygon","coordinates":[[[-75.53828369699994,6.280818125000053],[-75.538275933999955,6.280836015000034],[-75.538274582999975,6.2808517310000411],[-75.53833096599999,6.2808528850000584],[-75.538333660999967,6.2808200250000255],[-75.53828369699994,6.280818125000053]]]},"properties":{"OBJECTID":896,"Año":2025,"Tipo":"Vivienda","Aream2":22.341249161436359,"lenght":19.323995102912289,"Ubicacion":"Poligono general construciones"}},{"type":"Feature","id":897,"geometry":{"type":"Polygon","coordinates":[[[-75.538268994999953,6.2808349270000576],[-75.538257579999936,6.2809316440000202],[-75.538275586999987,6.2809352440000339],[-75.538295252999944,6.2808521540000584],[-75.538274582999975,6.2808517310000411],[-75.538275933999955,6.280836015000034],[-75.538268994999953,6.2808349270000576]]]},"properties":{"OBJECTID":897,"Año":2025,"Tipo":"Vivienda","Aream2":24.903949595686335,"lenght":27.058996060502931,"Ubicacion":"Poligono general construciones"}},{"type":"Feature","id":898,"geometry":{"type":"Polygon","coordinates":[[[-75.538292792999982,6.2808625460000371],[-75.538288266999984,6.2808816680000632],[-75.538374544999954,6.2809041440000328],[-75.538385676999951,6.2808508720000304],[-75.538351721999959,6.2808447800000522],[-75.538350157999957,6.2808667880000257],[-75.538292792999982,6.2808625460000371]]]},"properties":{"OBJECTID":898,"Año":2025,"Tipo":"Vivienda","Aream2":38.332977759758705,"lenght":30.684855625283937,"Ubicacion":"Poligono general construciones"}},{"type":"Feature","id":899,"geometry":{"type":"Polygon","coordinates":[[[-75.538364466999951,6.2809015190000537],[-75.538288266999984,6.2808816680000632],[-75.538280338999982,6.2809151660000566],[-75.538282860999971,6.2809283540000251],[-75.538361486999975,6.2809425960000453],[-75.538364466999951,6.2809015190000537]]]},"properties":{"OBJECTID":899,"Año":2025,"Tipo":"Vivienda","Aream2":43.616220691703717,"lenght":27.406070337326504,"Ubicacion":"Poligono general construciones"}},{"type":"Feature","id":900,"geometry":{"type":"Polygon","coordinates":[[[-75.538401308999937,6.2808608580000396],[-75.538403220999953,6.2808838960000344],[-75.538428341999975,6.2808842320000622],[-75.538431634999938,6.280866961000072],[-75.538401308999937,6.2808608580000396]]]},"properties":{"OBJECTID":900,"Año":2025,"Tipo":"Vivienda","Aream2":6.8671690214660552,"lenght":10.705752859859897,"Ubicacion":"Poligono general construciones"}},{"type":"Feature","id":901,"geometry":{"type":"Polygon","coordinates":[[[-75.538454512999976,6.2808715660000303],[-75.538431634999938,6.280866961000072],[-75.538433961999942,6.2809129960000405],[-75.538451323999936,6.2809142830000724],[-75.538454512999976,6.2808715660000303]]]},"properties":{"OBJECTID":901,"Año":2025,"Tipo":"Vivienda","Aream2":10.945270559590501,"lenght":14.345828446396643,"Ubicacion":"Poligono general construciones"}},{"type":"Feature","id":902,"geometry":{"type":"Polygon","coordinates":[[[-75.538433961999942,6.2809129960000405],[-75.538401047999969,6.2809067570000252],[-75.53840342899997,6.2809268540000289],[-75.538430378999976,6.2809276380000369],[-75.538433961999942,6.2809129960000405]]]},"properties":{"OBJECTID":902,"Año":2025,"Tipo":"Vivienda","Aream2":6.3902160109162365,"lenght":10.597294323563546,"Ubicacion":"Poligono general construciones"}},{"type":"Feature","id":903,"geometry":{"type":"Polygon","coordinates":[[[-75.538433961999942,6.2809129960000405],[-75.538432717999967,6.280888396000023],[-75.538403220999953,6.2808838960000344],[-75.538401047999969,6.2809067570000252],[-75.538433961999942,6.2809129960000405]]]},"properties":{"OBJECTID":903,"Año":2025,"Tipo":"Vivienda","Aream2":9.0956027291870729,"lenght":12.274276596826088,"Ubicacion":"Poligono general construciones"}},{"type":"Feature","id":904,"geometry":{"type":"Polygon","coordinates":[[[-75.538401308999937,6.2808608580000396],[-75.538385223999967,6.2808576210000524],[-75.538383685999975,6.2809054710000396],[-75.538401047999969,6.2809067570000252],[-75.538403220999953,6.2808838960000344],[-75.538401308999937,6.2808608580000396]]]},"properties":{"OBJECTID":904,"Año":2025,"Tipo":"Vivienda","Aream2":10.195002835849175,"lenght":14.134877354720505,"Ubicacion":"Poligono general construciones"}},{"type":"Feature","id":905,"geometry":{"type":"Polygon","coordinates":[[[-75.538265276999937,6.2809331830000588],[-75.538254070999983,6.2809927480000738],[-75.538286551999988,6.2809999030000654],[-75.538301755999953,6.2809407470000451],[-75.538265276999937,6.2809331830000588]]]},"properties":{"OBJECTID":905,"Año":2025,"Tipo":"Vivienda","Aream2":26.244848869206944,"lenght":21.26402135936257,"Ubicacion":"Poligono general construciones"}},{"type":"Feature","id":906,"geometry":{"type":"Polygon","coordinates":[[[-75.538294465999968,6.2809691100000578],[-75.538286551999988,6.2809999030000654],[-75.538334905999989,6.281018131000053],[-75.538346143999945,6.2809810590000552],[-75.538336515999958,6.2809733370000345],[-75.538341916999968,6.2809568580000246],[-75.538318597999989,6.2809514870000385],[-75.538313671999958,6.2809716190000699],[-75.538294465999968,6.2809691100000578]]]},"properties":{"OBJECTID":906,"Año":2025,"Tipo":"Vivienda","Aream2":29.530334005918782,"lenght":23.888768110667137,"Ubicacion":"Poligono general construciones"}},{"type":"Feature","id":907,"geometry":{"type":"Polygon","coordinates":[[[-75.53827180899998,6.2810038130000407],[-75.538268265999989,6.281026680000025],[-75.538319477999949,6.2810387710000555],[-75.538325242999974,6.2810144880000394],[-75.53827180899998,6.2810038130000407]]]},"properties":{"OBJECTID":907,"Año":2025,"Tipo":"Vivienda","Aream2":15.748522332531063,"lenght":17.174153813606729,"Ubicacion":"Poligono general construciones"}},{"type":"Feature","id":908,"geometry":{"type":"Polygon","coordinates":[[[-75.53832345099994,6.2810220370000707],[-75.538319477999949,6.2810387710000555],[-75.538310999999965,6.2810799420000762],[-75.538364971999954,6.2810961330000623],[-75.538376597999957,6.2810448910000218],[-75.538395096999977,6.2810298540000531],[-75.538336309999977,6.2810134980000498],[-75.53833767499998,6.2810240590000603],[-75.53832345099994,6.2810220370000707]]]},"properties":{"OBJECTID":908,"Año":2025,"Tipo":"Vivienda","Aream2":49.727205628616069,"lenght":30.758653781148951,"Ubicacion":"Poligono general construciones"}},{"type":"Feature","id":909,"geometry":{"type":"Polygon","coordinates":[[[-75.538310999999965,6.2810799420000762],[-75.538312512999937,6.2810725900000648],[-75.538285817999963,6.2810672680000721],[-75.538283713999988,6.2811042960000236],[-75.538307475999943,6.2811069230000385],[-75.538310999999965,6.2810799420000762]]]},"properties":{"OBJECTID":909,"Año":2025,"Tipo":"Vivienda","Aream2":11.101767265758781,"lenght":13.600493884243029,"Ubicacion":"Poligono general construciones"}},{"type":"Feature","id":910,"geometry":{"type":"Polygon","coordinates":[[[-75.538141674999963,6.281257968000034],[-75.538171404999957,6.2812078390000465],[-75.538151371999959,6.2811972250000281],[-75.538126630999955,6.2812459010000339],[-75.538141674999963,6.281257968000034]]]},"properties":{"OBJECTID":910,"Año":2025,"Tipo":"Vivienda","Aream2":14.387493191134267,"lenght":17.130359859996215,"Ubicacion":"Zonas verdes"}},{"type":"Feature","id":911,"geometry":{"type":"Polygon","coordinates":[[[-75.538293761999967,6.2811279830000331],[-75.538237985999956,6.2811046890000739],[-75.538225282999974,6.2811340280000536],[-75.538273206999975,6.2811566460000563],[-75.538293761999967,6.2811279830000331]]]},"properties":{"OBJECTID":911,"Año":2025,"Tipo":"Vivienda","Aream2":23.080485341612761,"lenght":19.992148436759521,"Ubicacion":"Zonas verdes"}},{"type":"Feature","id":912,"geometry":{"type":"Polygon","coordinates":[[[-75.538374596999972,6.2810241500000643],[-75.538397912999983,6.2809725250000383],[-75.538370001999965,6.2809562360000655],[-75.538349382999968,6.2810171360000595],[-75.538374596999972,6.2810241500000643]]]},"properties":{"OBJECTID":912,"Año":2025,"Tipo":"Vivienda","Aream2":21.427774302760472,"lenght":19.850599930346281,"Ubicacion":"Poligono general construciones"}},{"type":"Feature","id":913,"geometry":{"type":"Polygon","coordinates":[[[-75.53840342899997,6.2809268540000289],[-75.538401749999935,6.2809126870000682],[-75.538380491999987,6.2809119130000681],[-75.538380574999962,6.2809290510000437],[-75.53840342899997,6.2809268540000289]]]},"properties":{"OBJECTID":913,"Año":2025,"Tipo":"Vivienda","Aream2":4.2338106013862697,"lenght":8.3688635753847649,"Ubicacion":"Poligono general construciones"}},{"type":"Feature","id":914,"geometry":{"type":"Polygon","coordinates":[[[-75.538464046999934,6.2807772620000719],[-75.538463870999976,6.2807408460000715],[-75.538393884999948,6.2807304740000518],[-75.538391213999944,6.2807683330000259],[-75.538464046999934,6.2807772620000719]]]},"properties":{"OBJECTID":914,"Año":2025,"Tipo":"Vivienda","Aream2":32.611369167647666,"lenght":24.1771067706959,"Ubicacion":"Poligono general construciones"}},{"type":"Feature","id":915,"geometry":{"type":"Polygon","coordinates":[[[-75.538391213999944,6.2807683330000259],[-75.538392531999989,6.2807496510000647],[-75.538382560999935,6.2807498090000422],[-75.538382535999972,6.2807677270000681],[-75.538391213999944,6.2807683330000259]]]},"properties":{"OBJECTID":915,"Año":2025,"Tipo":"Vivienda","Aream2":2.0907040716646046,"lenght":6.1198189781331696,"Ubicacion":"Poligono general construciones"}},{"type":"Feature","id":916,"geometry":{"type":"Polygon","coordinates":[[[-75.538382535999972,6.2807677270000681],[-75.538382547999959,6.2807591090000301],[-75.538368319999961,6.2807563050000681],[-75.538374565999959,6.2807198570000651],[-75.53834674899997,6.2807228490000284],[-75.538343383999973,6.2807649940000374],[-75.538382535999972,6.2807677270000681]]]},"properties":{"OBJECTID":916,"Año":2025,"Tipo":"Vivienda","Aream2":15.59481106958958,"lenght":18.764859252778251,"Ubicacion":"Poligono general construciones"}},{"type":"Feature","id":917,"geometry":{"type":"Polygon","coordinates":[[[-75.538338877999934,6.2807186020000358],[-75.53833594699995,6.280702907000034],[-75.538313828999947,6.2807037280000486],[-75.538311902999965,6.2807147770000711],[-75.538338877999934,6.2807186020000358]]]},"properties":{"OBJECTID":917,"Año":2025,"Tipo":"Vivienda","Aream2":4.0088465141816156,"lenght":8.4714648749844574,"Ubicacion":"Poligono general construciones"}},{"type":"Feature","id":918,"geometry":{"type":"Polygon","coordinates":[[[-75.538237661999972,6.2806365440000604],[-75.538233484999978,6.2806177150000622],[-75.538209266999957,6.280627116000062],[-75.538216524999939,6.2806520730000557],[-75.538229275999981,6.2806491590000633],[-75.538228576999984,6.2806355910000207],[-75.538237661999972,6.2806365440000604]]]},"properties":{"OBJECTID":918,"Año":2025,"Tipo":"Vivienda","Aream2":7.0346303807559956,"lenght":11.844457304331243,"Ubicacion":"Poligono general construciones"}},{"type":"Feature","id":919,"geometry":{"type":"Polygon","coordinates":[[[-75.538153480999938,6.2806356740000524],[-75.538164397999935,6.2806835180000462],[-75.538214333999974,6.2806658480000692],[-75.538204957999938,6.28062142400006],[-75.538153480999938,6.2806356740000524]]]},"properties":{"OBJECTID":919,"Año":2025,"Tipo":"Vivienda","Aream2":30.618729027607625,"lenght":22.223359401745036,"Ubicacion":"Poligono general construciones"}},{"type":"Feature","id":920,"geometry":{"type":"Polygon","coordinates":[[[-75.538137887999937,6.2805673360000469],[-75.538142178999976,6.280586142000061],[-75.538163356999974,6.280578068000068],[-75.538156840999989,6.2805588190000208],[-75.538137887999937,6.2805673360000469]]]},"properties":{"OBJECTID":920,"Año":2025,"Tipo":"Vivienda","Aream2":5.2224648259150888,"lenght":9.1891944328743662,"Ubicacion":"Poligono general construciones"}},{"type":"Feature","id":921,"geometry":{"type":"Polygon","coordinates":[[[-75.538163356999974,6.280578068000068],[-75.538142178999976,6.280586142000061],[-75.538148845999956,6.2806153630000381],[-75.538184893999983,6.2806043840000711],[-75.538179042999957,6.2805751350000492],[-75.538163356999974,6.280578068000068]]]},"properties":{"OBJECTID":921,"Año":2025,"Tipo":"Vivienda","Aream2":14.284110152622613,"lenght":15.059212522972775,"Ubicacion":"Poligono general construciones"}},{"type":"Feature","id":922,"geometry":{"type":"Polygon","coordinates":[[[-75.538156840999989,6.2805588190000208],[-75.538148167999964,6.2805360120000273],[-75.538132375999965,6.280543180000052],[-75.538145404999966,6.2805639580000729],[-75.538156840999989,6.2805588190000208]]]},"properties":{"OBJECTID":922,"Año":2025,"Tipo":"Vivienda","Aream2":4.4492170305629406,"lenght":8.7188460381711188,"Ubicacion":"Poligono general construciones"}},{"type":"Feature","id":923,"geometry":{"type":"Polygon","coordinates":[[[-75.538154732999942,6.2805532730000664],[-75.538173008999934,6.2805697090000763],[-75.538179042999957,6.2805751350000492],[-75.538213223999946,6.2805599740000275],[-75.538183106999952,6.2805301290000557],[-75.538154732999942,6.2805532730000664]]]},"properties":{"OBJECTID":923,"Año":2025,"Tipo":"Vivienda","Aream2":16.279235204418455,"lenght":16.49814321082706,"Ubicacion":"Poligono general construciones"}},{"type":"Feature","id":924,"geometry":{"type":"Polygon","coordinates":[[[-75.538213223999946,6.2805599740000275],[-75.538179042999957,6.2805751350000492],[-75.538198507999937,6.2806157430000553],[-75.538237638999988,6.280591275000063],[-75.538213223999946,6.2805599740000275]]]},"properties":{"OBJECTID":924,"Año":2025,"Tipo":"Vivienda","Aream2":21.45534448233122,"lenght":18.618125553653648,"Ubicacion":"Poligono general construciones"}},{"type":"Feature","id":925,"geometry":{"type":"Polygon","coordinates":[[[-75.538317814999971,6.280601425000043],[-75.538338616999965,6.2806529660000479],[-75.538405615999977,6.2806243060000497],[-75.538387973999988,6.280564982000044],[-75.538317814999971,6.280601425000043]]]},"properties":{"OBJECTID":925,"Año":2025,"Tipo":"Vivienda","Aream2":54.195536994821076,"lenght":29.807203611705535,"Ubicacion":"Poligono general construciones"}},{"type":"Feature","id":926,"geometry":{"type":"Polygon","coordinates":[[[-75.538147371999969,6.2803717790000633],[-75.53810679999998,6.2803933980000579],[-75.538118378999968,6.2804269030000341],[-75.538159020999956,6.2804195650000452],[-75.538147371999969,6.2803717790000633]]]},"properties":{"OBJECTID":926,"Año":2025,"Tipo":"Vivienda","Aream2":22.262879864019993,"lenght":19.019672166389135,"Ubicacion":"Poligono general construciones"}},{"type":"Feature","id":927,"geometry":{"type":"Polygon","coordinates":[[[-75.538101063999989,6.2802406150000252],[-75.538091123999948,6.280251374000045],[-75.538114122999957,6.2802848240000344],[-75.538081396999985,6.2803056910000237],[-75.538051742999983,6.2802990980000573],[-75.538031526999987,6.2803230700000654],[-75.53809961099995,6.2803827210000236],[-75.538162793999959,6.2803145790000485],[-75.538101063999989,6.2802406150000252]]]},"properties":{"OBJECTID":927,"Año":2025,"Tipo":"Vivienda","Aream2":94.520929795686172,"lenght":48.19298946083682,"Ubicacion":"Poligono general construciones"}},{"type":"Feature","id":928,"geometry":{"type":"Polygon","coordinates":[[[-75.538044009999965,6.2803082690000451],[-75.538091865999945,6.2802990150000255],[-75.538091053999949,6.2802777980000428],[-75.538103673999956,6.2802696250000736],[-75.538081795999972,6.2802407090000543],[-75.538034246999985,6.2802952080000409],[-75.538044009999965,6.2803082690000451]]]},"properties":{"OBJECTID":928,"Año":2025,"Tipo":"Vivienda","Aream2":29.05285811054307,"lenght":23.224110264335664,"Ubicacion":"Poligono general construciones"}},{"type":"Feature","id":929,"geometry":{"type":"Polygon","coordinates":[[[-75.537974781999935,6.2802469400000405],[-75.537916091999989,6.2802115210000693],[-75.537901972999975,6.2802430090000598],[-75.537955672999942,6.2802798800000232],[-75.537974781999935,6.2802469400000405]]]},"properties":{"OBJECTID":929,"Año":2025,"Tipo":"Vivienda","Aream2":29.511462787519115,"lenght":22.823405638519741,"Ubicacion":"Zonas verdes"}},{"type":"Feature","id":930,"geometry":{"type":"Polygon","coordinates":[[[-75.537944177999975,6.2802719870000487],[-75.537901972999975,6.2802430090000598],[-75.537887980999983,6.2802829340000699],[-75.537924263999969,6.2803070260000595],[-75.537944177999975,6.2802719870000487]]]},"properties":{"OBJECTID":930,"Año":2025,"Tipo":"Vivienda","Aream2":23.513298472984864,"lenght":19.622374204785757,"Ubicacion":"Zonas verdes"}},{"type":"Feature","id":931,"geometry":{"type":"Polygon","coordinates":[[[-75.537855979999961,6.2802616840000383],[-75.537877570999967,6.2802145640000617],[-75.537811720999969,6.280174182000053],[-75.537788524999939,6.2802168940000342],[-75.537855979999961,6.2802616840000383]]]},"properties":{"OBJECTID":931,"Año":2025,"Tipo":"Vivienda","Aream2":48.322115046602853,"lenght":28.61780422891497,"Ubicacion":"Zonas verdes"}},{"type":"Feature","id":932,"geometry":{"type":"Polygon","coordinates":[[[-75.537788524999939,6.2802168940000342],[-75.537802326999952,6.2801499490000765],[-75.53777585399996,6.2801357960000246],[-75.537755872999981,6.2801952140000594],[-75.537788524999939,6.2802168940000342]]]},"properties":{"OBJECTID":932,"Año":2025,"Tipo":"Vivienda","Aream2":26.56935724314328,"lenght":22.153511155438373,"Ubicacion":"Zonas verdes"}},{"type":"Feature","id":933,"geometry":{"type":"Polygon","coordinates":[[[-75.537755872999981,6.2801952140000594],[-75.537774384999977,6.2801272350000659],[-75.537739332999934,6.2801017760000377],[-75.537719728999946,6.280161367000062],[-75.537755872999981,6.2801952140000594]]]},"properties":{"OBJECTID":933,"Año":2025,"Tipo":"Vivienda","Aream2":34.713672193689931,"lenght":25.004674983683174,"Ubicacion":"Zonas verdes"}},{"type":"Feature","id":934,"geometry":{"type":"Polygon","coordinates":[[[-75.537811720999969,6.280174182000053],[-75.537906121999981,6.2802158540000619],[-75.537908820999974,6.2801837080000382],[-75.537829391999935,6.280139107000025],[-75.537811720999969,6.280174182000053]]]},"properties":{"OBJECTID":934,"Año":2025,"Tipo":"Vivienda","Aream2":41.138689924717085,"lenght":29.412547458008433,"Ubicacion":"Zonas verdes"}},{"type":"Feature","id":935,"geometry":{"type":"Polygon","coordinates":[[[-75.537908820999974,6.2801837080000382],[-75.537929263999956,6.280131481000069],[-75.537827770999968,6.2800991260000387],[-75.537817946999951,6.2801334500000507],[-75.537829391999935,6.280139107000025],[-75.537908820999974,6.2801837080000382]]]},"properties":{"OBJECTID":935,"Año":2025,"Tipo":"Vivienda","Aream2":58.231877337816151,"lenght":33.435338398066506,"Ubicacion":"Zonas verdes"}},{"type":"Feature","id":936,"geometry":{"type":"Polygon","coordinates":[[[-75.538006257999939,6.2799683000000641],[-75.537925734999988,6.2799922550000247],[-75.537951776999989,6.2800649640000756],[-75.538035889999946,6.2800452760000667],[-75.538006257999939,6.2799683000000641]]]},"properties":{"OBJECTID":936,"Año":2025,"Tipo":"Vivienda","Aream2":82.854313096187781,"lenght":36.524859795708011,"Ubicacion":"Zonas verdes"}},{"type":"Feature","id":937,"geometry":{"type":"Polygon","coordinates":[[[-75.53818642799996,6.2798903060000271],[-75.538044692999961,6.2799474050000299],[-75.538065570999947,6.2799851500000727],[-75.538223054999946,6.2799379720000275],[-75.53818642799996,6.2798903060000271]]]},"properties":{"OBJECTID":937,"Año":2025,"Tipo":"Vivienda","Aream2":96.563950577334509,"lenght":46.526294495713898,"Ubicacion":"Zonas verdes"}},{"type":"Feature","id":938,"geometry":{"type":"Polygon","coordinates":[[[-75.53818642799996,6.2798903060000271],[-75.538157665999961,6.2798454590000574],[-75.538027375999945,6.2799082160000239],[-75.538056608999966,6.2799426050000307],[-75.53818642799996,6.2798903060000271]]]},"properties":{"OBJECTID":938,"Año":2025,"Tipo":"Vivienda","Aream2":83.495034472107747,"lenght":42.379652163676845,"Ubicacion":"Zonas verdes"}},{"type":"Feature","id":939,"geometry":{"type":"Polygon","coordinates":[[[-75.538169488999984,6.2798638930000266],[-75.53818642799996,6.2798903060000271],[-75.538209395999957,6.2799201960000346],[-75.538220834999947,6.2799215580000691],[-75.538211193999985,6.2798466270000404],[-75.538169488999984,6.2798638930000266]]]},"properties":{"OBJECTID":939,"Año":2025,"Tipo":"Vivienda","Aream2":24.369737717266041,"lenght":22.268019093298868,"Ubicacion":"Zonas verdes"}},{"type":"Feature","id":940,"geometry":{"type":"Polygon","coordinates":[[[-75.538347933999944,6.2797895530000574],[-75.538287473999958,6.2798305480000636],[-75.538327726999967,6.279890334000072],[-75.538382456999955,6.2798450820000653],[-75.538347933999944,6.2797895530000574]]]},"properties":{"OBJECTID":940,"Año":2025,"Tipo":"Vivienda","Aream2":60.388270350655922,"lenght":31.147488474528309,"Ubicacion":"Poligono general construciones"}},{"type":"Feature","id":941,"geometry":{"type":"Polygon","coordinates":[[[-75.538382456999955,6.2798450820000653],[-75.538327726999967,6.279890334000072],[-75.538356495999949,6.2799366100000498],[-75.538417656999968,6.2798927550000485],[-75.538382456999955,6.2798450820000653]]]},"properties":{"OBJECTID":941,"Año":2025,"Tipo":"Vivienda","Aream2":50.765204911335161,"lenght":28.769205604979504,"Ubicacion":"Poligono general construciones"}},{"type":"Feature","id":942,"geometry":{"type":"Polygon","coordinates":[[[-75.538327726999967,6.279890334000072],[-75.53827150799998,6.279922741000064],[-75.538316789999953,6.2799896430000217],[-75.538366597999982,6.2799594100000604],[-75.538352965999934,6.2799309300000346],[-75.538327726999967,6.279890334000072]]]},"properties":{"OBJECTID":942,"Año":2025,"Tipo":"Vivienda","Aream2":61.267033847508316,"lenght":31.346296558929875,"Ubicacion":"Poligono general construciones"}},{"type":"Feature","id":943,"geometry":{"type":"Polygon","coordinates":[[[-75.538316789999953,6.2799896430000217],[-75.538242795999963,6.2800357030000669],[-75.538282979999963,6.2800812080000696],[-75.538339913999948,6.280048799000042],[-75.538316789999953,6.2799896430000217]]]},"properties":{"OBJECTID":943,"Año":2025,"Tipo":"Vivienda","Aream2":57.139448408999556,"lenght":30.636455068084153,"Ubicacion":"Poligono general construciones"}},{"type":"Feature","id":944,"geometry":{"type":"Polygon","coordinates":[[[-75.538339913999948,6.280048799000042],[-75.538295177999942,6.2800742650000529],[-75.538314472999957,6.2801003350000428],[-75.538346515999933,6.2800858980000385],[-75.538339913999948,6.280048799000042]]]},"properties":{"OBJECTID":944,"Año":2025,"Tipo":"Vivienda","Aream2":18.005437678790507,"lenght":17.341745815401662,"Ubicacion":"Poligono general construciones"}},{"type":"Feature","id":945,"geometry":{"type":"Polygon","coordinates":[[[-75.538314472999957,6.2801003350000428],[-75.538295177999942,6.2800742650000529],[-75.538282979999963,6.2800812080000696],[-75.538294525999959,6.2801075730000662],[-75.538314472999957,6.2801003350000428]]]},"properties":{"OBJECTID":945,"Año":2025,"Tipo":"Vivienda","Aream2":6.4967933994693299,"lenght":10.673494074316165,"Ubicacion":"Poligono general construciones"}},{"type":"Feature","id":946,"geometry":{"type":"Polygon","coordinates":[[[-75.538341885999955,6.2800598830000354],[-75.538346515999933,6.2800858980000385],[-75.538367868999956,6.2800743700000226],[-75.538355629999955,6.2800522930000398],[-75.538341885999955,6.2800598830000354]]]},"properties":{"OBJECTID":946,"Año":2025,"Tipo":"Vivienda","Aream2":6.1525246811576242,"lenght":10.137822194708734,"Ubicacion":"Poligono general construciones"}},{"type":"Feature","id":947,"geometry":{"type":"Polygon","coordinates":[[[-75.538316789999953,6.2799896430000217],[-75.538301364999938,6.2799668530000758],[-75.538241285999959,6.2800185720000741],[-75.538250060999985,6.2800311810000267],[-75.538316789999953,6.2799896430000217]]]},"properties":{"OBJECTID":947,"Año":2025,"Tipo":"Vivienda","Aream2":20.644319477915225,"lenght":22.212986873552879,"Ubicacion":"Poligono general construciones"}},{"type":"Feature","id":948,"geometry":{"type":"Polygon","coordinates":[[[-75.538213506999966,6.2800294180000265],[-75.53816513999999,6.2800625010000317],[-75.538203865999947,6.2801015860000575],[-75.538245767999967,6.2800599670000565],[-75.538213506999966,6.2800294180000265]]]},"properties":{"OBJECTID":948,"Año":2025,"Tipo":"Vivienda","Aream2":35.465577177862514,"lenght":24.021986773082702,"Ubicacion":"Poligono general construciones"}},{"type":"Feature","id":949,"geometry":{"type":"Polygon","coordinates":[[[-75.538223829999936,6.2800979190000703],[-75.538233165999941,6.2801100130000691],[-75.538262329999952,6.2800905920000218],[-75.538255117999938,6.2800749170000358],[-75.538223829999936,6.2800979190000703]]]},"properties":{"OBJECTID":949,"Año":2025,"Tipo":"Vivienda","Aream2":7.2858418233370106,"lenght":11.773110813840249,"Ubicacion":"Poligono general construciones"}},{"type":"Feature","id":950,"geometry":{"type":"Polygon","coordinates":[[[-75.538214970999945,6.2800905570000509],[-75.538203865999947,6.2801015860000575],[-75.538228952999987,6.2801243150000232],[-75.538233165999941,6.2801100130000691],[-75.538214970999945,6.2800905570000509]]]},"properties":{"OBJECTID":950,"Año":2025,"Tipo":"Vivienda","Aream2":5.3328942779162753,"lenght":10.07363339167131,"Ubicacion":"Poligono general construciones"}},{"type":"Feature","id":951,"geometry":{"type":"Polygon","coordinates":[[[-75.538388560999977,6.2799264570000446],[-75.538370803999953,6.2799436800000308],[-75.538393160999988,6.2799921290000498],[-75.538422283999978,6.2799641390000716],[-75.538388560999977,6.2799264570000446]]]},"properties":{"OBJECTID":951,"Año":2025,"Tipo":"Vivienda","Aream2":20.116932898605079,"lenght":18.703438719565114,"Ubicacion":"Poligono general construciones"}},{"type":"Feature","id":952,"geometry":{"type":"Polygon","coordinates":[[[-75.538388560999977,6.2799264570000446],[-75.53841485199996,6.2799558340000203],[-75.53843789299998,6.2799454970000284],[-75.538419869999984,6.2799077390000662],[-75.538388560999977,6.2799264570000446]]]},"properties":{"OBJECTID":952,"Año":2025,"Tipo":"Vivienda","Aream2":15.106998748156537,"lenght":15.821119747295359,"Ubicacion":"Poligono general construciones"}},{"type":"Feature","id":953,"geometry":{"type":"Polygon","coordinates":[[[-75.538419869999984,6.2799077390000662],[-75.53843789299998,6.2799454970000284],[-75.538463576999959,6.2799439450000705],[-75.538449089999972,6.2798997420000546],[-75.538419869999984,6.2799077390000662]]]},"properties":{"OBJECTID":953,"Año":2025,"Tipo":"Vivienda","Aream2":14.721681325950771,"lenght":15.97404888360365,"Ubicacion":"Poligono general construciones"}},{"type":"Feature","id":954,"geometry":{"type":"Polygon","coordinates":[[[-75.53843789299998,6.2799454970000284],[-75.53841485199996,6.2799558340000203],[-75.538422283999978,6.2799641390000716],[-75.538411814999961,6.2799742010000728],[-75.53844253799997,6.2800204520000307],[-75.538467393999952,6.2799953390000383],[-75.53843789299998,6.2799454970000284]]]},"properties":{"OBJECTID":954,"Año":2025,"Tipo":"Vivienda","Aream2":26.305794269928558,"lenght":22.093502438868935,"Ubicacion":"Poligono general construciones"}},{"type":"Feature","id":955,"geometry":{"type":"Polygon","coordinates":[[[-75.538411814999961,6.2799742010000728],[-75.538397852999935,6.2799876200000426],[-75.538426465999976,6.2800259860000551],[-75.538437515999988,6.2800128910000694],[-75.538411814999961,6.2799742010000728]]]},"properties":{"OBJECTID":955,"Año":2025,"Tipo":"Vivienda","Aream2":10.30550796577338,"lenght":14.471662419137468,"Ubicacion":"Poligono general construciones"}},{"type":"Feature","id":956,"geometry":{"type":"Polygon","coordinates":[[[-75.538486962999968,6.2799749640000755],[-75.538469053999961,6.2799549440000533],[-75.53845169899995,6.2799688220000576],[-75.538472854999952,6.2799855440000556],[-75.538486962999968,6.2799749640000755]]]},"properties":{"OBJECTID":956,"Año":2025,"Tipo":"Vivienda","Aream2":6.4618656121631792,"lenght":10.365753133140922,"Ubicacion":"Poligono general construciones"}},{"type":"Feature","id":957,"geometry":{"type":"Polygon","coordinates":[[[-75.538474011999938,6.27996048600005],[-75.538486962999968,6.2799749640000755],[-75.538547063999943,6.2799367410000286],[-75.538539213999968,6.2799189560000741],[-75.538474011999938,6.27996048600005]]]},"properties":{"OBJECTID":957,"Año":2025,"Tipo":"Vivienda","Aream2":17.448986765237461,"lenght":20.735399694515287,"Ubicacion":"Poligono general construciones"}},{"type":"Feature","id":958,"geometry":{"type":"Polygon","coordinates":[[[-75.538474011999938,6.27996048600005],[-75.538539213999968,6.2799189560000741],[-75.538420556999938,6.2797549240000308],[-75.538376494999966,6.2797929850000287],[-75.538449089999972,6.2798997420000546],[-75.538474011999938,6.27996048600005]]]},"properties":{"OBJECTID":958,"Año":2025,"Tipo":"Vivienda","Aream2":152.81011852660046,"lenght":58.938837982070964,"Ubicacion":"Poligono general construciones"}},{"type":"Feature","id":959,"geometry":{"type":"Polygon","coordinates":[[[-75.538291946999948,6.2798698000000286],[-75.53827563699997,6.2798913010000206],[-75.53829006899997,6.2799120410000455],[-75.538313301999949,6.2798986500000638],[-75.538291946999948,6.2798698000000286]]]},"properties":{"OBJECTID":959,"Año":2025,"Tipo":"Vivienda","Aream2":9.8226161959385241,"lenght":12.719306736954085,"Ubicacion":"Poligono general construciones"}},{"type":"Feature","id":960,"geometry":{"type":"Polygon","coordinates":[[[-75.53849655099998,6.2796982790000584],[-75.538442093999947,6.2797353620000536],[-75.538574551999943,6.2799177000000554],[-75.538631142999975,6.2798605230000248],[-75.53849655099998,6.2796982790000584]]]},"properties":{"OBJECTID":960,"Año":2025,"Tipo":"Vivienda","Aream2":194.14163388690969,"lenght":64.446302347612146,"Ubicacion":"Poligono general construciones"}},{"type":"Feature","id":961,"geometry":{"type":"Polygon","coordinates":[[[-75.538563846999978,6.2797794000000522],[-75.538622474999954,6.2798500750000699],[-75.538671115999989,6.2798257410000247],[-75.538631629999941,6.2797310950000451],[-75.538563846999978,6.2797794000000522]]]},"properties":{"OBJECTID":961,"Año":2025,"Tipo":"Vivienda","Aream2":80.714968469579333,"lenght":36.732102945996736,"Ubicacion":"Poligono general construciones"}},{"type":"Feature","id":962,"geometry":{"type":"Polygon","coordinates":[[[-75.538631629999941,6.2797310950000451],[-75.538594629999977,6.2796888760000229],[-75.538538198999959,6.2797484840000379],[-75.538563846999978,6.2797794000000522],[-75.538631629999941,6.2797310950000451]]]},"properties":{"OBJECTID":962,"Año":2025,"Tipo":"Vivienda","Aream2":48.491365224053304,"lenght":28.946722335655707,"Ubicacion":"Poligono general construciones"}},{"type":"Feature","id":963,"geometry":{"type":"Polygon","coordinates":[[[-75.538629807999939,6.279640372000074],[-75.538610646999985,6.2796626020000303],[-75.538622872999952,6.2796818220000432],[-75.538641374999941,6.2796710210000697],[-75.538629807999939,6.279640372000074]]]},"properties":{"OBJECTID":963,"Año":2025,"Tipo":"Vivienda","Aream2":8.1532085196742106,"lenght":11.761340802008041,"Ubicacion":"Zonas verdes"}},{"type":"Feature","id":964,"geometry":{"type":"Polygon","coordinates":[[[-75.538527147999957,6.2796615780000593],[-75.538565474999984,6.2796185490000767],[-75.538549716999967,6.2796064860000342],[-75.538516339999944,6.2796402090000356],[-75.538527147999957,6.2796615780000593]]]},"properties":{"OBJECTID":964,"Año":2025,"Tipo":"Vivienda","Aream2":13.576430079373928,"lenght":16.469817288254585,"Ubicacion":"Zonas verdes"}},{"type":"Feature","id":965,"geometry":{"type":"Polygon","coordinates":[[[-75.538699097999938,6.2795072190000383],[-75.538684038999975,6.2794922960000576],[-75.538658442999974,6.2795117010000467],[-75.53867567399999,6.2795330390000572],[-75.538699097999938,6.2795072190000383]]]},"properties":{"OBJECTID":965,"Año":2025,"Tipo":"Vivienda","Aream2":9.9089687078717521,"lenght":12.791172171875946,"Ubicacion":"Zonas verdes"}},{"type":"Feature","id":966,"geometry":{"type":"Polygon","coordinates":[[[-75.538752539999962,6.2794905360000257],[-75.538768304999962,6.27950402700003],[-75.538801792999948,6.2794931530000326],[-75.538796696999952,6.2794724700000302],[-75.538752539999962,6.2794905360000257]]]},"properties":{"OBJECTID":966,"Año":2025,"Tipo":"Vivienda","Aream2":9.9681217530165664,"lenght":13.828454120529475,"Ubicacion":"Zonas verdes"}},{"type":"Feature","id":967,"geometry":{"type":"Polygon","coordinates":[[[-75.538809184999934,6.2793252220000682],[-75.538812979999989,6.2794178090000514],[-75.538848665999978,6.2794187520000264],[-75.538843744999951,6.2793239390000508],[-75.538809184999934,6.2793252220000682]]]},"properties":{"OBJECTID":967,"Año":2025,"Tipo":"Vivienda","Aream2":40.296157822082748,"lenght":28.529033295023609,"Ubicacion":"Zonas verdes"}},{"type":"Feature","id":968,"geometry":{"type":"Polygon","coordinates":[[[-75.538902060999987,6.2796226720000732],[-75.538855397999953,6.2796574870000654],[-75.538909372999967,6.2797509460000356],[-75.538953848999938,6.279725069000051],[-75.538902060999987,6.2796226720000732]]]},"properties":{"OBJECTID":968,"Año":2025,"Tipo":"Vivienda","Aream2":74.272483216392914,"lenght":36.76881938257759,"Ubicacion":"Poligono general construciones"}},{"type":"Feature","id":969,"geometry":{"type":"Polygon","coordinates":[[[-75.538902060999987,6.2796226720000732],[-75.538953848999938,6.279725069000051],[-75.538976046999949,6.2797037620000538],[-75.538929876999987,6.2796102640000413],[-75.538902060999987,6.2796226720000732]]]},"properties":{"OBJECTID":969,"Año":2025,"Tipo":"Vivienda","Aream2":40.091351391825782,"lenght":31.003643223478747,"Ubicacion":"Poligono general construciones"}},{"type":"Feature","id":970,"geometry":{"type":"Polygon","coordinates":[[[-75.538929876999987,6.2796102640000413],[-75.538947071999985,6.2796450860000732],[-75.538985213999979,6.2796443600000202],[-75.538960005999968,6.2795966400000225],[-75.538929876999987,6.2796102640000413]]]},"properties":{"OBJECTID":970,"Año":2025,"Tipo":"Vivienda","Aream2":19.108084518854831,"lenght":18.147592218192848,"Ubicacion":"Poligono general construciones"}},{"type":"Feature","id":971,"geometry":{"type":"Polygon","coordinates":[[[-75.538985213999979,6.2796443600000202],[-75.538966694999942,6.2796447130000388],[-75.539004789999979,6.2797078170000304],[-75.539018299999952,6.2796977550000292],[-75.538985213999979,6.2796443600000202]]]},"properties":{"OBJECTID":971,"Año":2025,"Tipo":"Vivienda","Aream2":13.688126564090153,"lenght":19.017217761110043,"Ubicacion":"Poligono general construciones"}},{"type":"Feature","id":972,"geometry":{"type":"Polygon","coordinates":[[[-75.538991753999937,6.2796862230000556],[-75.538966694999942,6.2796447130000388],[-75.538947071999985,6.2796450860000732],[-75.538976046999949,6.2797037620000538],[-75.538991753999937,6.2796862230000556]]]},"properties":{"OBJECTID":972,"Año":2025,"Tipo":"Vivienda","Aream2":13.794418436075748,"lenght":17.380017629843522,"Ubicacion":"Poligono general construciones"}},{"type":"Feature","id":973,"geometry":{"type":"Polygon","coordinates":[[[-75.538984915999947,6.2796938590000764],[-75.538939851999942,6.2797332120000533],[-75.538909372999967,6.2797509460000356],[-75.538897198999962,6.2797699730000431],[-75.538961198999971,6.2798611520000236],[-75.539044450999938,6.2797925990000749],[-75.538984915999947,6.2796938590000764]]]},"properties":{"OBJECTID":973,"Año":2025,"Tipo":"Vivienda","Aream2":156.1583490724598,"lenght":50.032530659795952,"Ubicacion":"Poligono general construciones"}},{"type":"Feature","id":974,"geometry":{"type":"Polygon","coordinates":[[[-75.538858962999939,6.2796636590000503],[-75.538832725999953,6.2796915150000245],[-75.538888774999975,6.2797712180000644],[-75.538897198999962,6.2797699730000431],[-75.538909372999967,6.2797509460000356],[-75.538858962999939,6.2796636590000503]]]},"properties":{"OBJECTID":974,"Año":2025,"Tipo":"Vivienda","Aream2":40.503704599596361,"lenght":29.605269091620038,"Ubicacion":"Poligono general construciones"}},{"type":"Feature","id":975,"geometry":{"type":"Polygon","coordinates":[[[-75.53881053899994,6.2796780550000335],[-75.538772834999975,6.279702516000043],[-75.538798769999971,6.2797530900000424],[-75.538840707999952,6.2797186110000212],[-75.53881053899994,6.2796780550000335]]]},"properties":{"OBJECTID":975,"Año":2025,"Tipo":"Vivienda","Aream2":32.331452285864728,"lenght":22.859861062356856,"Ubicacion":"Poligono general construciones"}},{"type":"Feature","id":976,"geometry":{"type":"Polygon","coordinates":[[[-75.538840707999952,6.2797186110000212],[-75.538798769999971,6.2797530900000424],[-75.538832497999977,6.2797914850000325],[-75.538867356999958,6.2797691810000629],[-75.538840707999952,6.2797186110000212]]]},"properties":{"OBJECTID":976,"Año":2025,"Tipo":"Vivienda","Aream2":31.401363732573788,"lenght":22.564126291698077,"Ubicacion":"Poligono general construciones"}},{"type":"Feature","id":977,"geometry":{"type":"Polygon","coordinates":[[[-75.538803824999945,6.2797588440000709],[-75.538781712999935,6.279767454000023],[-75.538787501999934,6.2797838490000686],[-75.538773246999938,6.2797874890000571],[-75.538806349999959,6.279844454000056],[-75.538847603999955,6.2798164050000764],[-75.538832497999977,6.2797914850000325],[-75.538803824999945,6.2797588440000709]]]},"properties":{"OBJECTID":977,"Año":2025,"Tipo":"Vivienda","Aream2":40.577392307910443,"lenght":27.016594730627084,"Ubicacion":"Poligono general construciones"}},{"type":"Feature","id":978,"geometry":{"type":"Polygon","coordinates":[[[-75.538803824999945,6.2797588440000709],[-75.538784634999956,6.2797255250000603],[-75.538765815999966,6.2797268290000261],[-75.538781712999935,6.279767454000023],[-75.538803824999945,6.2797588440000709]]]},"properties":{"OBJECTID":978,"Año":2025,"Tipo":"Vivienda","Aream2":10.327089165298284,"lenght":13.792907803732312,"Ubicacion":"Poligono general construciones"}},{"type":"Feature","id":979,"geometry":{"type":"Polygon","coordinates":[[[-75.538752960999943,6.2797247490000245],[-75.538690315999986,6.279756472000031],[-75.53872337699994,6.279804868000042],[-75.538735539999948,6.2798112360000573],[-75.538722745999962,6.2798220090000427],[-75.538747279999939,6.2798775870000441],[-75.538794914999983,6.2798409390000529],[-75.538774252999985,6.2797872320000465],[-75.538781712999935,6.279767454000023],[-75.538752960999943,6.2797247490000245]]]},"properties":{"OBJECTID":979,"Año":2025,"Tipo":"Vivienda","Aream2":99.168621954951945,"lenght":45.393927590460123,"Ubicacion":"Poligono general construciones"}},{"type":"Feature","id":980,"geometry":{"type":"Polygon","coordinates":[[[-75.538775584999939,6.2798558100000719],[-75.538747279999939,6.2798775870000441],[-75.538727369999947,6.2798926800000459],[-75.538755422999941,6.27993824400005],[-75.538798115999953,6.2799123300000588],[-75.538775584999939,6.2798558100000719]]]},"properties":{"OBJECTID":980,"Año":2025,"Tipo":"Vivienda","Aream2":38.081349979002034,"lenght":24.89240721598846,"Ubicacion":"Poligono general construciones"}},{"type":"Feature","id":981,"geometry":{"type":"Polygon","coordinates":[[[-75.538847603999955,6.2798164050000764],[-75.538806349999959,6.279844454000056],[-75.538834477999956,6.2799057270000276],[-75.538877817999946,6.2798662430000718],[-75.538847603999955,6.2798164050000764]]]},"properties":{"OBJECTID":981,"Año":2025,"Tipo":"Vivienda","Aream2":40.823333649876801,"lenght":25.912482859117283,"Ubicacion":"Poligono general construciones"}},{"type":"Feature","id":982,"geometry":{"type":"Polygon","coordinates":[[[-75.538847603999955,6.2798164050000764],[-75.538877817999946,6.2798662430000718],[-75.538878073999967,6.2798954050000475],[-75.538892411999939,6.2799325810000255],[-75.538934345999962,6.2798973880000517],[-75.538881015999948,6.2797898220000548],[-75.538847603999955,6.2798164050000764]]]},"properties":{"OBJECTID":982,"Año":2025,"Tipo":"Vivienda","Aream2":64.830482752426036,"lenght":38.143450017829174,"Ubicacion":"Poligono general construciones"}},{"type":"Feature","id":983,"geometry":{"type":"Polygon","coordinates":[[[-75.538908760999959,6.2797864450000702],[-75.538890920999961,6.2798098010000558],[-75.538936378999949,6.2798752420000596],[-75.538961198999971,6.2798611520000236],[-75.538908760999959,6.2797864450000702]]]},"properties":{"OBJECTID":983,"Año":2025,"Tipo":"Vivienda","Aream2":29.515851989399756,"lenght":25.322291009592018,"Ubicacion":"Poligono general construciones"}},{"type":"Feature","id":984,"geometry":{"type":"Polygon","coordinates":[[[-75.538936378999949,6.2798752420000596],[-75.538974397999937,6.2799157590000618],[-75.538998615999958,6.2799063590000515],[-75.538961198999971,6.2798611520000236],[-75.538936378999949,6.2798752420000596]]]},"properties":{"OBJECTID":984,"Año":2025,"Tipo":"Vivienda","Aream2":18.287948173534389,"lenght":18.672849438161883,"Ubicacion":"Poligono general construciones"}},{"type":"Feature","id":985,"geometry":{"type":"Polygon","coordinates":[[[-75.538961198999971,6.2798611520000236],[-75.538989775999937,6.27989567700007],[-75.53900814299999,6.2798843550000356],[-75.53901719299995,6.2799110880000626],[-75.538988808999989,6.2799405210000714],[-75.539016608999987,6.2800204330000611],[-75.539093327999979,6.2799754320000716],[-75.539010145999953,6.2798208470000532],[-75.538961198999971,6.2798611520000236]]]},"properties":{"OBJECTID":985,"Año":2025,"Tipo":"Vivienda","Aream2":137.59340197124737,"lenght":60.628028470194501,"Ubicacion":"Poligono general construciones"}},{"type":"Feature","id":986,"geometry":{"type":"Polygon","coordinates":[[[-75.539010145999953,6.2798208470000532],[-75.539093327999979,6.2799754320000716],[-75.53913003699995,6.279957401000047],[-75.539044450999938,6.2797925990000749],[-75.539010145999953,6.2798208470000532]]]},"properties":{"OBJECTID":986,"Año":2025,"Tipo":"Vivienda","Aream2":93.314957777120412,"lenght":49.404537168575708,"Ubicacion":"Poligono general construciones"}},{"type":"Feature","id":987,"geometry":{"type":"Polygon","coordinates":[[[-75.538957829999958,6.279898102000061],[-75.538914041999988,6.2799144280000405],[-75.538957921999952,6.2800500850000276],[-75.53899703899998,6.2800227600000653],[-75.538957829999958,6.279898102000061]]]},"properties":{"OBJECTID":987,"Año":2025,"Tipo":"Vivienda","Aream2":77.146891178275084,"lenght":40.677438940862366,"Ubicacion":"Poligono general construciones"}},{"type":"Feature","id":988,"geometry":{"type":"Polygon","coordinates":[[[-75.53899703899998,6.2800227600000653],[-75.539016608999987,6.2800204330000611],[-75.538988808999989,6.2799405210000714],[-75.538974397999937,6.2799157590000618],[-75.538960039999949,6.2799051280000526],[-75.53899703899998,6.2800227600000653]]]},"properties":{"OBJECTID":988,"Año":2025,"Tipo":"Vivienda","Aream2":23.904862861409413,"lenght":30.326529684881962,"Ubicacion":"Poligono general construciones"}},{"type":"Feature","id":989,"geometry":{"type":"Polygon","coordinates":[[[-75.538914041999988,6.2799144280000405],[-75.538892411999939,6.2799325810000255],[-75.538905398999987,6.2799617950000766],[-75.538928129999988,6.2799579790000735],[-75.538914041999988,6.2799144280000405]]]},"properties":{"OBJECTID":989,"Año":2025,"Tipo":"Vivienda","Aream2":11.699004671373402,"lenght":14.275031675095963,"Ubicacion":"Poligono general construciones"}},{"type":"Feature","id":990,"geometry":{"type":"Polygon","coordinates":[[[-75.538905398999987,6.2799617950000766],[-75.538892411999939,6.2799325810000255],[-75.538838932999965,6.2799414090000596],[-75.538859104999972,6.2799805850000325],[-75.538905398999987,6.2799617950000766]]]},"properties":{"OBJECTID":990,"Año":2025,"Tipo":"Vivienda","Aream2":23.685018704630757,"lenght":19.938894909380576,"Ubicacion":"Poligono general construciones"}},{"type":"Feature","id":991,"geometry":{"type":"Polygon","coordinates":[[[-75.538917304999984,6.279959796000071],[-75.538859104999972,6.2799805850000325],[-75.538893672999961,6.2800453970000376],[-75.538951297999972,6.2800296040000489],[-75.538917304999984,6.279959796000071]]]},"properties":{"OBJECTID":991,"Año":2025,"Tipo":"Vivienda","Aream2":55.394142691604095,"lenght":30.166740407215421,"Ubicacion":"Poligono general construciones"}},{"type":"Feature","id":992,"geometry":{"type":"Polygon","coordinates":[[[-75.538933802999964,6.2800343990000442],[-75.538893672999961,6.2800453970000376],[-75.538828785999954,6.2800564240000654],[-75.538844706999953,6.2801020470000708],[-75.538943008999979,6.2800651520000201],[-75.538933802999964,6.2800343990000442]]]},"properties":{"OBJECTID":992,"Año":2025,"Tipo":"Vivienda","Aream2":50.39498032560217,"lenght":32.404838551605209,"Ubicacion":"Poligono general construciones"}},{"type":"Feature","id":993,"geometry":{"type":"Polygon","coordinates":[[[-75.538878055999987,6.2800161170000592],[-75.538859104999972,6.2799805850000325],[-75.538755834999961,6.2800232160000746],[-75.53876035199994,6.2800717510000368],[-75.538878055999987,6.2800161170000592]]]},"properties":{"OBJECTID":993,"Año":2025,"Tipo":"Vivienda","Aream2":63.908835388837922,"lenght":36.617381683714669,"Ubicacion":"Poligono general construciones"}},{"type":"Feature","id":994,"geometry":{"type":"Polygon","coordinates":[[[-75.538859104999972,6.2799805850000325],[-75.538821663999954,6.2799122160000707],[-75.53874265799999,6.2799547300000427],[-75.538755834999961,6.2800232160000746],[-75.538859104999972,6.2799805850000325]]]},"properties":{"OBJECTID":994,"Año":2025,"Tipo":"Vivienda","Aream2":89.531947306050057,"lenght":38.629315515227169,"Ubicacion":"Poligono general construciones"}},{"type":"Feature","id":995,"geometry":{"type":"Polygon","coordinates":[[[-75.538816328999985,6.2800452930000574],[-75.538766899999985,6.2800686570000721],[-75.538774076999971,6.2801059600000713],[-75.53882966599997,6.2800906940000232],[-75.538816328999985,6.2800452930000574]]]},"properties":{"OBJECTID":995,"Año":2025,"Tipo":"Vivienda","Aream2":29.005783196906588,"lenght":21.865938638844597,"Ubicacion":"Poligono general construciones"}},{"type":"Feature","id":996,"geometry":{"type":"Polygon","coordinates":[[[-75.539036467999949,6.280059700000038],[-75.53901368399994,6.2800705220000737],[-75.539016725999943,6.280109067000069],[-75.539045245999944,6.2801039300000525],[-75.539036467999949,6.280059700000038]]]},"properties":{"OBJECTID":996,"Año":2025,"Tipo":"Vivienda","Aream2":13.573742187318405,"lenght":15.262808827835372,"Ubicacion":"Poligono general construciones"}},{"type":"Feature","id":997,"geometry":{"type":"Polygon","coordinates":[[[-75.539045245999944,6.2801039300000525],[-75.539016725999943,6.280109067000069],[-75.539014275999989,6.2800780150000719],[-75.538976642999955,6.2800842690000422],[-75.539005639999971,6.2801776710000468],[-75.539055519999977,6.2801624330000436],[-75.539045245999944,6.2801039300000525]]]},"properties":{"OBJECTID":997,"Año":2025,"Tipo":"Vivienda","Aream2":56.206725412992306,"lenght":34.034506302318569,"Ubicacion":"Poligono general construciones"}},{"type":"Feature","id":998,"geometry":{"type":"Polygon","coordinates":[[[-75.538958848999982,6.2800664590000679],[-75.53888376499998,6.2800873880000267],[-75.538908336999953,6.2802273700000342],[-75.538997370999937,6.2801923500000498],[-75.538958848999982,6.2800664590000679]]]},"properties":{"OBJECTID":998,"Año":2025,"Tipo":"Vivienda","Aream2":144.34116835879951,"lenght":49.496745130182681,"Ubicacion":"Poligono general construciones"}},{"type":"Feature","id":999,"geometry":{"type":"Polygon","coordinates":[[[-75.538895774999958,6.2801558010000349],[-75.538885240999946,6.2800957910000648],[-75.53882903899995,6.2801085500000227],[-75.538839333999988,6.2801713380000592],[-75.538895774999958,6.2801558010000349]]]},"properties":{"OBJECTID":999,"Año":2025,"Tipo":"Vivienda","Aream2":44.135792996208693,"lenght":26.63375631492741,"Ubicacion":"Poligono general construciones"}},{"type":"Feature","id":1000,"geometry":{"type":"Polygon","coordinates":[[[-75.538895774999958,6.2801558010000349],[-75.538857501999985,6.2801663360000362],[-75.538863308999964,6.2802590520000763],[-75.538896875999967,6.2802646020000452],[-75.538908336999953,6.2802273700000342],[-75.538895774999958,6.2801558010000349]]]},"properties":{"OBJECTID":1000,"Año":2025,"Tipo":"Vivienda","Aream2":52.293593734349159,"lenght":30.780063598934319,"Ubicacion":"Poligono general construciones"}},{"type":"Feature","id":1001,"geometry":{"type":"Polygon","coordinates":[[[-75.538857501999985,6.2801663360000362],[-75.538839333999988,6.2801713380000592],[-75.538843358999941,6.2802655760000334],[-75.538863308999964,6.2802590520000763],[-75.538857501999985,6.2801663360000362]]]},"properties":{"OBJECTID":1001,"Año":2025,"Tipo":"Vivienda","Aream2":22.15596995494808,"lenght":25.116444547474629,"Ubicacion":"Poligono general construciones"}},{"type":"Feature","id":1002,"geometry":{"type":"Polygon","coordinates":[[[-75.53899703899998,6.2800227600000653],[-75.538982487999988,6.2800329240000679],[-75.538964657999941,6.280045378000068],[-75.538966225999957,6.2800553280000599],[-75.539007247999962,6.2800384200000394],[-75.53899703899998,6.2800227600000653]]]},"properties":{"OBJECTID":1002,"Año":2025,"Tipo":"Vivienda","Aream2":7.1776032108347154,"lenght":12.462993647240765,"Ubicacion":"Poligono general construciones"}},{"type":"Feature","id":1003,"geometry":{"type":"Polygon","coordinates":[[[-75.539064218999954,6.2800429630000281],[-75.539080027999944,6.2801299140000424],[-75.539137520999986,6.2801209320000453],[-75.539119687999971,6.2800306440000213],[-75.539064218999954,6.2800429630000281]]]},"properties":{"OBJECTID":1003,"Año":2025,"Tipo":"Vivienda","Aream2":63.465639645011017,"lenght":32.683520391979059,"Ubicacion":"Poligono general construciones"}},{"type":"Feature","id":1004,"geometry":{"type":"Polygon","coordinates":[[[-75.539133064999987,6.2800299090000635],[-75.539136526999982,6.2800539930000241],[-75.53919531799994,6.2800369720000617],[-75.539175140999987,6.2800149780000538],[-75.539133064999987,6.2800299090000635]]]},"properties":{"OBJECTID":1004,"Año":2025,"Tipo":"Vivienda","Aream2":16.53538886494529,"lenght":17.708063490640139,"Ubicacion":"Poligono general construciones"}},{"type":"Feature","id":1005,"geometry":{"type":"Polygon","coordinates":[[[-75.53919531799994,6.2800369720000617],[-75.53914330899994,6.2800549230000229],[-75.539125684999988,6.2800610060000395],[-75.539128128999948,6.2800733820000687],[-75.539198072999966,6.2800530250000293],[-75.53919531799994,6.2800369720000617]]]},"properties":{"OBJECTID":1005,"Año":2025,"Tipo":"Vivienda","Aream2":12.849980275638089,"lenght":19.411070828313424,"Ubicacion":"Poligono general construciones"}},{"type":"Feature","id":1006,"geometry":{"type":"Polygon","coordinates":[[[-75.539198072999966,6.2800530250000293],[-75.539134627999942,6.2800714910000579],[-75.539131611999949,6.2800910190000536],[-75.539201527999978,6.2800757680000743],[-75.539198072999966,6.2800530250000293]]]},"properties":{"OBJECTID":1006,"Año":2025,"Tipo":"Vivienda","Aream2":17.297548132918362,"lenght":19.962554538979777,"Ubicacion":"Poligono general construciones"}},{"type":"Feature","id":1007,"geometry":{"type":"Polygon","coordinates":[[[-75.539201527999978,6.2800757680000743],[-75.539140217999943,6.2800891420000653],[-75.53914552599997,6.2801162070000487],[-75.53921033499995,6.280098487000032],[-75.539201527999978,6.2800757680000743]]]},"properties":{"OBJECTID":1007,"Año":2025,"Tipo":"Vivienda","Aream2":20.558361002521345,"lenght":20.126588086463595,"Ubicacion":"Poligono general construciones"}},{"type":"Feature","id":1008,"geometry":{"type":"Polygon","coordinates":[[[-75.539137520999986,6.2801209320000453],[-75.539080027999944,6.2801299140000424],[-75.539084297999977,6.2801827790000289],[-75.539140416999942,6.2801664400000732],[-75.539137520999986,6.2801209320000453]]]},"properties":{"OBJECTID":1008,"Año":2025,"Tipo":"Vivienda","Aream2":34.759106622117706,"lenght":23.818739849598529,"Ubicacion":"Poligono general construciones"}},{"type":"Feature","id":1009,"geometry":{"type":"Polygon","coordinates":[[[-75.53921033499995,6.280098487000032],[-75.539152928999954,6.2801141830000233],[-75.539196178999987,6.2802143690000207],[-75.539247565999972,6.2801880110000639],[-75.53921033499995,6.280098487000032]]]},"properties":{"OBJECTID":1009,"Año":2025,"Tipo":"Vivienda","Aream2":73.521376930554695,"lenght":35.773402310492756,"Ubicacion":"Poligono general construciones"}},{"type":"Feature","id":1010,"geometry":{"type":"Polygon","coordinates":[[[-75.539152928999954,6.2801141830000233],[-75.539137520999986,6.2801209320000453],[-75.539147733999982,6.2801577020000536],[-75.539159746999985,6.2801516180000476],[-75.539152928999954,6.2801141830000233]]]},"properties":{"OBJECTID":1010,"Año":2025,"Tipo":"Vivienda","Aream2":6.8960418009906617,"lenght":11.781609802688966,"Ubicacion":"Poligono general construciones"}},{"type":"Feature","id":1011,"geometry":{"type":"Polygon","coordinates":[[[-75.539118445999975,6.280172837000066],[-75.539136759999963,6.2802400960000568],[-75.539176806999933,6.2802204880000545],[-75.539154674999963,6.2801541870000506],[-75.539118445999975,6.280172837000066]]]},"properties":{"OBJECTID":1011,"Año":2025,"Tipo":"Vivienda","Aream2":35.9128720188316,"lenght":24.885692395155473,"Ubicacion":"Poligono general construciones"}},{"type":"Feature","id":1012,"geometry":{"type":"Polygon","coordinates":[[[-75.539136759999963,6.2802400960000568],[-75.539118445999975,6.280172837000066],[-75.539062908999938,6.2801868990000571],[-75.539089340999965,6.2802570620000324],[-75.539136759999963,6.2802400960000568]]]},"properties":{"OBJECTID":1012,"Año":2025,"Tipo":"Vivienda","Aream2":47.548379904591783,"lenght":27.917934166330738,"Ubicacion":"Poligono general construciones"}},{"type":"Feature","id":1013,"geometry":{"type":"Polygon","coordinates":[[[-75.538997370999937,6.2801923500000498],[-75.538958948999948,6.2802074620000212],[-75.538988781999933,6.2803182600000582],[-75.539036765999981,6.280297107000024],[-75.538997370999937,6.2801923500000498]]]},"properties":{"OBJECTID":1013,"Año":2025,"Tipo":"Vivienda","Aream2":64.683387202761551,"lenght":35.444366547489054,"Ubicacion":"Poligono general construciones"}},{"type":"Feature","id":1014,"geometry":{"type":"Polygon","coordinates":[[[-75.538988781999933,6.2803182600000582],[-75.538958948999948,6.2802074620000212],[-75.538919555999939,6.280222957000035],[-75.538959618999968,6.2803403680000542],[-75.538988781999933,6.2803182600000582]]]},"properties":{"OBJECTID":1014,"Año":2025,"Tipo":"Vivienda","Aream2":55.92336715331848,"lenght":35.148546540558769,"Ubicacion":"Poligono general construciones"}},{"type":"Feature","id":1015,"geometry":{"type":"Polygon","coordinates":[[[-75.538919555999939,6.280222957000035],[-75.538908336999953,6.2802273700000342],[-75.538896875999967,6.2802646020000452],[-75.538926284999945,6.2803645870000651],[-75.538959618999968,6.2803403680000542],[-75.538919555999939,6.280222957000035]]]},"properties":{"OBJECTID":1015,"Año":2025,"Tipo":"Vivienda","Aream2":53.517249112470928,"lenght":35.453092721076374,"Ubicacion":"Poligono general construciones"}},{"type":"Feature","id":1016,"geometry":{"type":"Polygon","coordinates":[[[-75.538896875999967,6.2802646020000452],[-75.538862824999967,6.2802513160000331],[-75.538843358999941,6.2802655760000334],[-75.538838522999981,6.2803744280000728],[-75.538895000999958,6.2803804290000471],[-75.538896875999967,6.2802646020000452]]]},"properties":{"OBJECTID":1016,"Año":2025,"Tipo":"Vivienda","Aream2":80.290915207909222,"lenght":37.865569344649437,"Ubicacion":"Poligono general construciones"}},{"type":"Feature","id":1017,"geometry":{"type":"Polygon","coordinates":[[[-75.538839571999972,6.2803508220000595],[-75.538788755999974,6.2803555900000561],[-75.538787707999973,6.2804151750000301],[-75.538834534999978,6.2804142790000697],[-75.538839571999972,6.2803508220000595]]]},"properties":{"OBJECTID":1017,"Año":2025,"Tipo":"Vivienda","Aream2":36.66238346224003,"lenght":24.464734080276195,"Ubicacion":"Poligono general construciones"}},{"type":"Feature","id":1018,"geometry":{"type":"Polygon","coordinates":[[[-75.538832453999987,6.2802609860000302],[-75.538750866999976,6.2802680780000628],[-75.538757250999936,6.2803430240000466],[-75.538832846999981,6.2803419870000425],[-75.538832453999987,6.2802609860000302]]]},"properties":{"OBJECTID":1018,"Año":2025,"Tipo":"Vivienda","Aream2":75.185047325590077,"lenght":34.710085532968165,"Ubicacion":"Poligono general construciones"}},{"type":"Feature","id":1019,"geometry":{"type":"Polygon","coordinates":[[[-75.538832453999987,6.2802609860000302],[-75.538824581999961,6.2801552530000322],[-75.538815663999969,6.2800945400000501],[-75.538753598999961,6.2801070640000489],[-75.538750866999976,6.2802680780000628],[-75.538832453999987,6.2802609860000302]]]},"properties":{"OBJECTID":1019,"Año":2025,"Tipo":"Vivienda","Aream2":147.65074148784274,"lenght":52.397548396437422,"Ubicacion":"Poligono general construciones"}},{"type":"Feature","id":1020,"geometry":{"type":"Polygon","coordinates":[[[-75.53863610999997,6.2802383840000289],[-75.538471089999973,6.2802684720000457],[-75.538490554999953,6.2804022660000669],[-75.538660806999985,6.2803731980000634],[-75.53863610999997,6.2802383840000289]]]},"properties":{"OBJECTID":1020,"Año":2025,"Tipo":"Vivienda","Aream2":283.6018826445619,"lenght":67.79377805269894,"Ubicacion":"Poligono general construciones"}},{"type":"Feature","id":1021,"geometry":{"type":"Polygon","coordinates":[[[-75.53840744699994,6.2802938850000487],[-75.538319744999967,6.280316277000054],[-75.538350621999939,6.2804322340000454],[-75.538434121999956,6.2804056780000224],[-75.53840744699994,6.2802938850000487]]]},"properties":{"OBJECTID":1021,"Año":2025,"Tipo":"Vivienda","Aream2":127.94879838559019,"lenght":45.700163960217047,"Ubicacion":"Poligono general construciones"}},{"type":"Feature","id":1022,"geometry":{"type":"Polygon","coordinates":[[[-75.538230166999938,6.2801671330000204],[-75.538148924999973,6.2802281960000528],[-75.538221610999983,6.2803429030000757],[-75.538300791999973,6.2802881270000626],[-75.538230166999938,6.2801671330000204]]]},"properties":{"OBJECTID":1022,"Año":2025,"Tipo":"Vivienda","Aream2":166.52335857306221,"lenght":52.420462076363656,"Ubicacion":"Poligono general construciones"}},{"type":"Feature","id":1023,"geometry":{"type":"Polygon","coordinates":[[[-75.538230166999938,6.2801671330000204],[-75.538217018999944,6.2801374490000512],[-75.538196376999963,6.2801576330000444],[-75.538210438999954,6.2801819610000393],[-75.538230166999938,6.2801671330000204]]]},"properties":{"OBJECTID":1023,"Año":2025,"Tipo":"Vivienda","Aream2":9.5885641076817052,"lenght":12.62480286715881,"Ubicacion":"Poligono general construciones"}},{"type":"Feature","id":1024,"geometry":{"type":"Polygon","coordinates":[[[-75.538196376999963,6.2801576330000444],[-75.538175081999952,6.280181166000034],[-75.538190208999936,6.2801971660000504],[-75.538210438999954,6.2801819610000393],[-75.538196376999963,6.2801576330000444]]]},"properties":{"OBJECTID":1024,"Año":2025,"Tipo":"Vivienda","Aream2":8.5853832652326165,"lenght":11.856265339933907,"Ubicacion":"Poligono general construciones"}},{"type":"Feature","id":1025,"geometry":{"type":"Polygon","coordinates":[[[-75.538175081999952,6.280181166000034],[-75.53812970599995,6.2802054870000461],[-75.538148924999973,6.2802281960000528],[-75.538190208999936,6.2801971660000504],[-75.538175081999952,6.280181166000034]]]},"properties":{"OBJECTID":1025,"Año":2025,"Tipo":"Vivienda","Aream2":16.084089767028857,"lenght":17.139245295057073,"Ubicacion":"Poligono general construciones"}},{"type":"Feature","id":1026,"geometry":{"type":"Polygon","coordinates":[[[-75.53829015499997,6.2801812780000432],[-75.53827219599998,6.2802027870000643],[-75.538312017999942,6.2802748930000689],[-75.538342048999937,6.2802593500000512],[-75.53829015499997,6.2801812780000432]]]},"properties":{"OBJECTID":1026,"Año":2025,"Tipo":"Vivienda","Aream2":32.456130298245554,"lenght":26.325126695172067,"Ubicacion":"Poligono general construciones"}},{"type":"Feature","id":1027,"geometry":{"type":"Polygon","coordinates":[[[-75.53829015499997,6.2801812780000432],[-75.538313173999938,6.2802159080000592],[-75.538329678999958,6.2801917960000537],[-75.538308799999982,6.2801631120000252],[-75.53829015499997,6.2801812780000432]]]},"properties":{"OBJECTID":1027,"Año":2025,"Tipo":"Vivienda","Aream2":12.490607641087081,"lenght":14.637924307575233,"Ubicacion":"Poligono general construciones"}},{"type":"Feature","id":1028,"geometry":{"type":"Polygon","coordinates":[[[-75.538308799999982,6.2801631120000252],[-75.538329678999958,6.2801917960000537],[-75.538351690999946,6.2801783010000349],[-75.538337466999963,6.2801422200000729],[-75.538308799999982,6.2801631120000252]]]},"properties":{"OBJECTID":1028,"Año":2025,"Tipo":"Vivienda","Aream2":13.738949672804138,"lenght":14.99721133328487,"Ubicacion":"Poligono general construciones"}},{"type":"Feature","id":1029,"geometry":{"type":"Polygon","coordinates":[[[-75.538351690999946,6.2801783010000349],[-75.538329678999958,6.2801917960000537],[-75.538313173999938,6.2802159080000592],[-75.538324372999966,6.2802327590000573],[-75.538391288999946,6.2802042170000618],[-75.538376396999979,6.2801681400000575],[-75.538351690999946,6.2801783010000349]]]},"properties":{"OBJECTID":1029,"Año":2025,"Tipo":"Vivienda","Aream2":32.349723904792107,"lenght":23.652394604856777,"Ubicacion":"Poligono general construciones"}},{"type":"Feature","id":1030,"geometry":{"type":"Polygon","coordinates":[[[-75.538381437999988,6.2802084180000293],[-75.538324372999966,6.2802327590000573],[-75.538342048999937,6.2802593500000512],[-75.538392773999988,6.2802343350000456],[-75.538381437999988,6.2802084180000293]]]},"properties":{"OBJECTID":1030,"Año":2025,"Tipo":"Vivienda","Aream2":21.703377187486158,"lenght":19.785859864298281,"Ubicacion":"Poligono general construciones"}},{"type":"Feature","id":1031,"geometry":{"type":"Polygon","coordinates":[[[-75.538600839999958,6.2800960890000397],[-75.538618751999934,6.2802415490000385],[-75.538651047999963,6.2802404450000608],[-75.538663044999964,6.2802310150000267],[-75.538650589999975,6.2801460560000351],[-75.538626866999948,6.2800825740000619],[-75.538600839999958,6.2800960890000397]]]},"properties":{"OBJECTID":1031,"Año":2025,"Tipo":"Vivienda","Aream2":76.509769371927163,"lenght":41.714831930027913,"Ubicacion":"Poligono general construciones"}},{"type":"Feature","id":1032,"geometry":{"type":"Polygon","coordinates":[[[-75.538600839999958,6.2800960890000397],[-75.538562764999938,6.2801083250000715],[-75.538593549999973,6.2802461440000457],[-75.538618751999934,6.2802415490000385],[-75.538600839999958,6.2800960890000397]]]},"properties":{"OBJECTID":1032,"Año":2025,"Tipo":"Vivienda","Aream2":57.365603474550262,"lenght":39.091587543350599,"Ubicacion":"Poligono general construciones"}},{"type":"Feature","id":1033,"geometry":{"type":"Polygon","coordinates":[[[-75.538593549999973,6.2802461440000457],[-75.538562764999938,6.2801083250000715],[-75.538536065999949,6.2801211730000546],[-75.538560382999947,6.2802521910000451],[-75.538593549999973,6.2802461440000457]]]},"properties":{"OBJECTID":1033,"Año":2025,"Tipo":"Vivienda","Aream2":52.440495099295426,"lenght":37.369266079157484,"Ubicacion":"Poligono general construciones"}},{"type":"Feature","id":1034,"geometry":{"type":"Polygon","coordinates":[[[-75.538557634999961,6.2802373820000525],[-75.538525295999989,6.2802457410000443],[-75.538526674999957,6.2802583380000669],[-75.538560382999947,6.2802521910000451],[-75.538557634999961,6.2802373820000525]]]},"properties":{"OBJECTID":1034,"Año":2025,"Tipo":"Vivienda","Aream2":5.7227380490838282,"lenght":10.55634104377056,"Ubicacion":"Poligono general construciones"}},{"type":"Feature","id":1035,"geometry":{"type":"Polygon","coordinates":[[[-75.538557634999961,6.2802373820000525],[-75.538553668999953,6.2802160170000434],[-75.53852520199996,6.2802263280000261],[-75.538525295999989,6.2802457410000443],[-75.538557634999961,6.2802373820000525]]]},"properties":{"OBJECTID":1035,"Año":2025,"Tipo":"Vivienda","Aream2":7.8203057710651578,"lenght":11.598059032777812,"Ubicacion":"Poligono general construciones"}},{"type":"Feature","id":1036,"geometry":{"type":"Polygon","coordinates":[[[-75.538525295999989,6.2802457410000443],[-75.538489716999948,6.2802427280000757],[-75.538488467999969,6.2802653040000678],[-75.538526674999957,6.2802583380000669],[-75.538525295999989,6.2802457410000443]]]},"properties":{"OBJECTID":1036,"Año":2025,"Tipo":"Vivienda","Aream2":7.9440712581581838,"lenght":12.15253057607228,"Ubicacion":"Poligono general construciones"}},{"type":"Feature","id":1037,"geometry":{"type":"Polygon","coordinates":[[[-75.538525295999989,6.2802457410000443],[-75.53852520199996,6.2802263280000261],[-75.538492206999933,6.2802264350000314],[-75.538489716999948,6.2802427280000757],[-75.538525295999989,6.2802457410000443]]]},"properties":{"OBJECTID":1037,"Año":2025,"Tipo":"Vivienda","Aream2":7.514631882383112,"lenght":11.573858612280295,"Ubicacion":"Poligono general construciones"}},{"type":"Feature","id":1038,"geometry":{"type":"Polygon","coordinates":[[[-75.538663044999964,6.2802310150000267],[-75.538658578999957,6.2802758890000518],[-75.538704220999989,6.2803064620000555],[-75.538713288999986,6.2802448290000257],[-75.538663044999964,6.2802310150000267]]]},"properties":{"OBJECTID":1038,"Año":2025,"Tipo":"Vivienda","Aream2":33.092583789456988,"lenght":23.72416008057062,"Ubicacion":"Poligono general construciones"}},{"type":"Feature","id":1039,"geometry":{"type":"Polygon","coordinates":[[[-75.538650589999975,6.2801460560000351],[-75.538675816999955,6.2802345270000615],[-75.538713288999986,6.2802448290000257],[-75.538711073999934,6.2802019950000272],[-75.53863864799996,6.2801140980000696],[-75.538650589999975,6.2801460560000351]]]},"properties":{"OBJECTID":1039,"Año":2025,"Tipo":"Vivienda","Aream2":41.541995968827464,"lenght":35.595245260346182,"Ubicacion":"Poligono general construciones"}},{"type":"Feature","id":1040,"geometry":{"type":"Polygon","coordinates":[[[-75.538641881999979,6.2802698880000207],[-75.538655761999962,6.2803456570000549],[-75.538679558999945,6.2803253260000247],[-75.53867581999998,6.2802874370000268],[-75.538658578999957,6.2802758890000518],[-75.538641881999979,6.2802698880000207]]]},"properties":{"OBJECTID":1040,"Año":2025,"Tipo":"Vivienda","Aream2":20.779197961977776,"lenght":20.454281398745074,"Ubicacion":"Poligono general construciones"}},{"type":"Feature","id":1041,"geometry":{"type":"Polygon","coordinates":[[[-75.538545768999938,6.2801734480000277],[-75.538496229999964,6.280184294000037],[-75.538505800999985,6.2802263900000526],[-75.53852520199996,6.2802263280000261],[-75.538553668999953,6.2802160170000434],[-75.538545768999938,6.2801734480000277]]]},"properties":{"OBJECTID":1041,"Año":2025,"Tipo":"Vivienda","Aream2":27.586896954490751,"lenght":20.674351810138514,"Ubicacion":"Poligono general construciones"}},{"type":"Feature","id":1042,"geometry":{"type":"Polygon","coordinates":[[[-75.538434993999942,6.2801109530000758],[-75.538376230999972,6.2801339990000429],[-75.538412096999934,6.2802181740000265],[-75.538445417999981,6.2801912350000748],[-75.538434993999942,6.2801109530000758]]]},"properties":{"OBJECTID":1042,"Año":2025,"Tipo":"Vivienda","Aream2":53.426892587671539,"lenght":30.802061501898102,"Ubicacion":"Poligono general construciones"}},{"type":"Feature","id":1043,"geometry":{"type":"Polygon","coordinates":[[[-75.538618539999959,6.2800210270000321],[-75.538545782999961,6.2800555210000653],[-75.538555369999983,6.2801009960000442],[-75.538626866999948,6.2800825740000619],[-75.538618539999959,6.2800210270000321]]]},"properties":{"OBJECTID":1043,"Año":2025,"Tipo":"Vivienda","Aream2":50.148110623452474,"lenght":29.091812673224467,"Ubicacion":"Poligono general construciones"}},{"type":"Feature","id":1044,"geometry":{"type":"Polygon","coordinates":[[[-75.538618539999959,6.2800210270000321],[-75.538601548999964,6.2799662150000586],[-75.538528070999973,6.2799900020000337],[-75.538545782999961,6.2800555210000653],[-75.538618539999959,6.2800210270000321]]]},"properties":{"OBJECTID":1044,"Año":2025,"Tipo":"Vivienda","Aream2":60.041805028297205,"lenght":31.312614646325557,"Ubicacion":"Poligono general construciones"}},{"type":"Feature","id":1045,"geometry":{"type":"Polygon","coordinates":[[[-75.538593111999944,6.2799689460000536],[-75.538576736999971,6.2799542850000307],[-75.538555376999966,6.2799644310000531],[-75.538540698999952,6.2799859140000649],[-75.538593111999944,6.2799689460000536]]]},"properties":{"OBJECTID":1045,"Año":2025,"Tipo":"Vivienda","Aream2":8.301144897935016,"lenght":14.024035214279998,"Ubicacion":"Poligono general construciones"}},{"type":"Feature","id":1046,"geometry":{"type":"Polygon","coordinates":[[[-75.538609272999963,6.2799911330000668],[-75.538619475999951,6.280027948000054],[-75.538646641999946,6.2800215590000334],[-75.538645157999952,6.2799914420000391],[-75.538609272999963,6.2799911330000668]]]},"properties":{"OBJECTID":1046,"Año":2025,"Tipo":"Vivienda","Aream2":13.132621770669706,"lenght":14.621146738986324,"Ubicacion":"Poligono general construciones"}},{"type":"Feature","id":1047,"geometry":{"type":"Polygon","coordinates":[[[-75.538646641999946,6.2800215590000334],[-75.538619475999951,6.280027948000054],[-75.538626866999948,6.2800825740000619],[-75.538632524999969,6.2800977170000465],[-75.538658384999962,6.2800978190000478],[-75.538646641999946,6.2800215590000334]]]},"properties":{"OBJECTID":1047,"Año":2025,"Tipo":"Vivienda","Aream2":25.381197927447879,"lenght":22.370358029133538,"Ubicacion":"Poligono general construciones"}},{"type":"Feature","id":1048,"geometry":{"type":"Polygon","coordinates":[[[-75.53845924999996,6.2804139240000723],[-75.538376780999954,6.2804373360000341],[-75.538388664999957,6.2805167750000237],[-75.538480542999935,6.2804933170000368],[-75.53845924999996,6.2804139240000723]]]},"properties":{"OBJECTID":1048,"Año":2025,"Tipo":"Vivienda","Aream2":89.506218714502822,"lenght":37.958494009610995,"Ubicacion":"Poligono general construciones"}},{"type":"Feature","id":1049,"geometry":{"type":"Polygon","coordinates":[[[-75.538480542999935,6.2804933170000368],[-75.538402176999966,6.2805133250000722],[-75.538418258999968,6.2805835750000369],[-75.538497637999967,6.280569592000063],[-75.538480542999935,6.2804933170000368]]]},"properties":{"OBJECTID":1049,"Año":2025,"Tipo":"Vivienda","Aream2":74.18728835497491,"lenght":34.488952250768023,"Ubicacion":"Poligono general construciones"}},{"type":"Feature","id":1050,"geometry":{"type":"Polygon","coordinates":[[[-75.539135878999957,6.2802568780000456],[-75.539072220999969,6.2802791530000377],[-75.539072529999942,6.2803429580000625],[-75.539141476999987,6.2803332090000481],[-75.539135878999957,6.2802568780000456]]]},"properties":{"OBJECTID":1050,"Año":2025,"Tipo":"Vivienda","Aream2":57.448984554184989,"lenght":30.693115299747848,"Ubicacion":"Poligono general construciones"}},{"type":"Feature","id":1051,"geometry":{"type":"Polygon","coordinates":[[[-75.539103902999955,6.2803385220000223],[-75.539097023999943,6.2804359320000458],[-75.539158692999933,6.2804345870000589],[-75.539173977999951,6.2803529250000452],[-75.539127444999963,6.2803351930000417],[-75.539103902999955,6.2803385220000223]]]},"properties":{"OBJECTID":1051,"Año":2025,"Tipo":"Vivienda","Aream2":76.588199631544967,"lenght":34.959696424941569,"Ubicacion":"Poligono general construciones"}},{"type":"Feature","id":1052,"geometry":{"type":"Polygon","coordinates":[[[-75.539194315999964,6.2802356740000391],[-75.53920132899998,6.2803883570000494],[-75.539256701999989,6.2803818120000301],[-75.539242406999961,6.2802364870000247],[-75.539194315999964,6.2802356740000391]]]},"properties":{"OBJECTID":1052,"Año":2025,"Tipo":"Vivienda","Aream2":94.734535690981673,"lenght":44.551592591008209,"Ubicacion":"Poligono general construciones"}},{"type":"Feature","id":1053,"geometry":{"type":"Polygon","coordinates":[[[-75.539069779999977,6.2804224670000508],[-75.53901536099994,6.2804101790000573],[-75.539013666999949,6.2804917760000762],[-75.539065993999941,6.2805040730000314],[-75.539069779999977,6.2804224670000508]]]},"properties":{"OBJECTID":1053,"Año":2025,"Tipo":"Vivienda","Aream2":53.72783750340902,"lenght":30.18625607052234,"Ubicacion":"Poligono general construciones"}},{"type":"Feature","id":1054,"geometry":{"type":"Polygon","coordinates":[[[-75.539055257999962,6.2804191880000531],[-75.539059874999964,6.2803200070000571],[-75.53900865899999,6.2803213010000718],[-75.53901536099994,6.2804101790000573],[-75.539055257999962,6.2804191880000531]]]},"properties":{"OBJECTID":1054,"Año":2025,"Tipo":"Vivienda","Aream2":52.389058480995857,"lenght":31.037308874956032,"Ubicacion":"Poligono general construciones"}},{"type":"Feature","id":1055,"geometry":{"type":"Polygon","coordinates":[[[-75.539009986999986,6.2803389150000726],[-75.538982651999959,6.2803475780000326],[-75.53897447199995,6.2803852740000252],[-75.539013422999972,6.2803844740000727],[-75.539009986999986,6.2803389150000726]]]},"properties":{"OBJECTID":1055,"Año":2025,"Tipo":"Vivienda","Aream2":16.751698014557881,"lenght":16.805329311768904,"Ubicacion":"Poligono general construciones"}},{"type":"Feature","id":1056,"geometry":{"type":"Polygon","coordinates":[[[-75.53897447199995,6.2803852740000252],[-75.538926284999945,6.2803645870000651],[-75.538901683999939,6.2804651230000559],[-75.538955076999969,6.2804816000000301],[-75.538975775999972,6.280438613000058],[-75.53896528699994,6.2804313420000426],[-75.53897447199995,6.2803852740000252]]]},"properties":{"OBJECTID":1056,"Año":2025,"Tipo":"Vivienda","Aream2":69.937299313195538,"lenght":35.321526579790429,"Ubicacion":"Poligono general construciones"}},{"type":"Feature","id":1057,"geometry":{"type":"Polygon","coordinates":[[[-75.538919591999957,6.280391939000026],[-75.538853335999988,6.2804109650000441],[-75.538833061999981,6.2805418140000597],[-75.538881213999957,6.2805551780000428],[-75.538919591999957,6.280391939000026]]]},"properties":{"OBJECTID":1057,"Año":2025,"Tipo":"Vivienda","Aream2":101.95293482906619,"lenght":46.353335005815623,"Ubicacion":"Poligono general construciones"}},{"type":"Feature","id":1058,"geometry":{"type":"Polygon","coordinates":[[[-75.538845226999968,6.2804633050000689],[-75.538781481999933,6.2804677980000747],[-75.538781831999984,6.2805399710000529],[-75.538833061999981,6.2805418140000597],[-75.538845226999968,6.2804633050000689]]]},"properties":{"OBJECTID":1058,"Año":2025,"Tipo":"Vivienda","Aream2":52.924038483652197,"lenght":29.516385191078381,"Ubicacion":"Poligono general construciones"}},{"type":"Feature","id":1059,"geometry":{"type":"Polygon","coordinates":[[[-75.538845226999968,6.2804633050000689],[-75.538850520999972,6.2804291340000304],[-75.538813713999957,6.2804320780000467],[-75.538812969999981,6.2804655790000652],[-75.538845226999968,6.2804633050000689]]]},"properties":{"OBJECTID":1059,"Año":2025,"Tipo":"Vivienda","Aream2":14.206823645986612,"lenght":15.196587611793046,"Ubicacion":"Poligono general construciones"}},{"type":"Feature","id":1060,"geometry":{"type":"Polygon","coordinates":[[[-75.538955076999969,6.2804816000000301],[-75.538918970999987,6.2804704570000354],[-75.538908341999957,6.2805445870000653],[-75.538941822999959,6.2805507000000489],[-75.538955076999969,6.2804816000000301]]]},"properties":{"OBJECTID":1060,"Año":2025,"Tipo":"Vivienda","Aream2":31.763790543102242,"lenght":24.014204652230152,"Ubicacion":"Poligono general construciones"}},{"type":"Feature","id":1061,"geometry":{"type":"Polygon","coordinates":[[[-75.539013422999972,6.2803844740000727],[-75.53897447199995,6.2803852740000252],[-75.538975775999972,6.280438613000058],[-75.538967649999961,6.2804554900000653],[-75.538967656999944,6.2804888610000376],[-75.53900215699997,6.2804897400000641],[-75.539013422999972,6.2803844740000727]]]},"properties":{"OBJECTID":1061,"Año":2025,"Tipo":"Vivienda","Aream2":45.56066579287041,"lenght":31.505672586975919,"Ubicacion":"Poligono general construciones"}},{"type":"Feature","id":1062,"geometry":{"type":"Polygon","coordinates":[[[-75.538746787999969,6.280427173000021],[-75.538697611999964,6.2804179970000291],[-75.538675181999963,6.2805352580000431],[-75.538735836999933,6.2805401940000252],[-75.538746787999969,6.280427173000021]]]},"properties":{"OBJECTID":1062,"Año":2025,"Tipo":"Vivienda","Aream2":78.844807642247659,"lenght":38.036437456205363,"Ubicacion":"Poligono general construciones"}},{"type":"Feature","id":1063,"geometry":{"type":"Polygon","coordinates":[[[-75.538735836999933,6.2805401940000252],[-75.538675181999963,6.2805352580000431],[-75.538648018999936,6.2805385280000223],[-75.538640020999935,6.2806138800000326],[-75.538702826999952,6.2806313560000717],[-75.538735836999933,6.2805401940000252]]]},"properties":{"OBJECTID":1063,"Año":2025,"Tipo":"Vivienda","Aream2":81.194056799357625,"lenght":36.08391429562576,"Ubicacion":"Poligono general construciones"}},{"type":"Feature","id":1064,"geometry":{"type":"Polygon","coordinates":[[[-75.538702826999952,6.2806313560000717],[-75.538640020999935,6.2806138800000326],[-75.538578711999946,6.2806894890000535],[-75.538687638999988,6.28073289200006],[-75.538702826999952,6.2806313560000717]]]},"properties":{"OBJECTID":1064,"Año":2025,"Tipo":"Vivienda","Aream2":107.35370966019505,"lenght":42.316122482474299,"Ubicacion":"Poligono general construciones"}},{"type":"Feature","id":1065,"geometry":{"type":"Polygon","coordinates":[[[-75.538603891999969,6.2808180810000636],[-75.53865783699996,6.28083868300007],[-75.53868351899996,6.2807454640000628],[-75.538637452999978,6.2807310440000492],[-75.538603891999969,6.2808180810000636]]]},"properties":{"OBJECTID":1065,"Año":2025,"Tipo":"Vivienda","Aream2":61.520682214027644,"lenght":32.746390265602095,"Ubicacion":"Poligono general construciones"}},{"type":"Feature","id":1066,"geometry":{"type":"Polygon","coordinates":[[[-75.538551980999955,6.2808096830000295],[-75.538556946999961,6.2807282970000529],[-75.538515138999969,6.2807295460000319],[-75.538513382999952,6.2807985900000745],[-75.538551980999955,6.2808096830000295]]]},"properties":{"OBJECTID":1066,"Año":2025,"Tipo":"Vivienda","Aream2":37.219087416651739,"lenght":25.73158453366965,"Ubicacion":"Poligono general construciones"}},{"type":"Feature","id":1067,"geometry":{"type":"Polygon","coordinates":[[[-75.538513382999952,6.2807985900000745],[-75.538514391999968,6.2807589050000274],[-75.538481839999974,6.2807610870000303],[-75.538480632999949,6.2808128850000458],[-75.538513382999952,6.2807985900000745]]]},"properties":{"OBJECTID":1067,"Año":2025,"Tipo":"Vivienda","Aream2":18.170951517146719,"lenght":17.686882866327863,"Ubicacion":"Poligono general construciones"}},{"type":"Feature","id":1068,"geometry":{"type":"Polygon","coordinates":[[[-75.53868351899996,6.2807454640000628],[-75.53865783699996,6.28083868300007],[-75.53871431999994,6.2808457310000563],[-75.53874000199994,6.2807525120000491],[-75.53868351899996,6.2807454640000628]]]},"properties":{"OBJECTID":1068,"Año":2025,"Tipo":"Vivienda","Aream2":66.670643069047372,"lenght":33.989953493806127,"Ubicacion":"Poligono general construciones"}},{"type":"Feature","id":1069,"geometry":{"type":"Polygon","coordinates":[[[-75.538714410999944,6.2808645580000757],[-75.538687480999954,6.280915943000025],[-75.53873979399998,6.2809251030000723],[-75.538760425999953,6.2808685190000233],[-75.538714410999944,6.2808645580000757]]]},"properties":{"OBJECTID":1069,"Año":2025,"Tipo":"Vivienda","Aream2":34.39985232154288,"lenght":24.069033546892332,"Ubicacion":"Poligono general construciones"}},{"type":"Feature","id":1070,"geometry":{"type":"Polygon","coordinates":[[[-75.538756767999985,6.2807607990000633],[-75.53874037199995,6.2808288690000609],[-75.538774913999987,6.2808381150000514],[-75.538795505999985,6.280773163000049],[-75.538756767999985,6.2807607990000633]]]},"properties":{"OBJECTID":1070,"Año":2025,"Tipo":"Vivienda","Aream2":32.27818784783102,"lenght":23.739120828218702,"Ubicacion":"Poligono general construciones"}},{"type":"Feature","id":1071,"geometry":{"type":"Polygon","coordinates":[[[-75.538795505999985,6.280773163000049],[-75.538781104999941,6.2808185860000663],[-75.538827190999939,6.2808399530000543],[-75.53883949599998,6.2807907310000246],[-75.538795505999985,6.280773163000049]]]},"properties":{"OBJECTID":1071,"Año":2025,"Tipo":"Vivienda","Aream2":29.272536755719116,"lenght":21.746463250643252,"Ubicacion":"Poligono general construciones"}},{"type":"Feature","id":1072,"geometry":{"type":"Polygon","coordinates":[[[-75.538827190999939,6.2808399530000543],[-75.538798259999965,6.2808265400000209],[-75.538769005999939,6.2809134550000749],[-75.53879309499996,6.2809227530000271],[-75.538827190999939,6.2808399530000543]]]},"properties":{"OBJECTID":1072,"Año":2025,"Tipo":"Vivienda","Aream2":31.941141543907325,"lenght":26.435702482065093,"Ubicacion":"Poligono general construciones"}},{"type":"Feature","id":1073,"geometry":{"type":"Polygon","coordinates":[[[-75.538798259999965,6.2808265400000209],[-75.538781104999941,6.2808185860000663],[-75.538774913999987,6.2808381150000514],[-75.538760425999953,6.2808685190000233],[-75.53873979399998,6.2809251030000723],[-75.538759689999949,6.2809323290000521],[-75.538769005999939,6.2809134550000749],[-75.538798259999965,6.2808265400000209]]]},"properties":{"OBJECTID":1073,"Año":2025,"Tipo":"Vivienda","Aream2":29.637259785375225,"lenght":29.561298461936786,"Ubicacion":"Poligono general construciones"}},{"type":"Feature","id":1074,"geometry":{"type":"Polygon","coordinates":[[[-75.538774913999987,6.2808381150000514],[-75.53874037199995,6.2808288690000609],[-75.538730897999983,6.2808659770000759],[-75.538760425999953,6.2808685190000233],[-75.538774913999987,6.2808381150000514]]]},"properties":{"OBJECTID":1074,"Año":2025,"Tipo":"Vivienda","Aream2":14.102040022982564,"lenght":15.199294075182369,"Ubicacion":"Poligono general construciones"}},{"type":"Feature","id":1075,"geometry":{"type":"Polygon","coordinates":[[[-75.538692669999989,6.2809168520000753],[-75.538641375999987,6.2810056630000304],[-75.538676931999987,6.2810255730000222],[-75.538728043999981,6.2809230460000549],[-75.538692669999989,6.2809168520000753]]]},"properties":{"OBJECTID":1075,"Año":2025,"Tipo":"Vivienda","Aream2":49.715058254952261,"lenght":32.502345602176725,"Ubicacion":"Poligono general construciones"}},{"type":"Feature","id":1076,"geometry":{"type":"Polygon","coordinates":[[[-75.538674148999974,6.2809489210000606],[-75.538646387999961,6.2809353480000709],[-75.538597286999959,6.2810192650000545],[-75.538623420999954,6.2810278410000251],[-75.538641375999987,6.2810056630000304],[-75.538674148999974,6.2809489210000606]]]},"properties":{"OBJECTID":1076,"Año":2025,"Tipo":"Vivienda","Aream2":35.411909561795625,"lenght":27.624945775940482,"Ubicacion":"Poligono general construciones"}},{"type":"Feature","id":1077,"geometry":{"type":"Polygon","coordinates":[[[-75.538651872999935,6.2810115410000549],[-75.538636185999962,6.2810391600000344],[-75.538660342999947,6.2810537700000282],[-75.538676931999987,6.2810255730000222],[-75.538651872999935,6.2810115410000549]]]},"properties":{"OBJECTID":1077,"Año":2025,"Tipo":"Vivienda","Aream2":11.236097874846601,"lenght":13.434970468652331,"Ubicacion":"Poligono general construciones"}},{"type":"Feature","id":1078,"geometry":{"type":"Polygon","coordinates":[[[-75.538724912999953,6.280986513000073],[-75.538693740999975,6.2810428980000665],[-75.538721260999978,6.2810615080000503],[-75.538757096999973,6.2810010840000245],[-75.538724912999953,6.280986513000073]]]},"properties":{"OBJECTID":1078,"Año":2025,"Tipo":"Vivienda","Aream2":28.14727313246237,"lenght":22.484502088373237,"Ubicacion":"Poligono general construciones"}},{"type":"Feature","id":1079,"geometry":{"type":"Polygon","coordinates":[[[-75.538759689999949,6.2809323290000521],[-75.538724912999953,6.280986513000073],[-75.538757096999973,6.2810010840000245],[-75.53879309499996,6.2809227530000271],[-75.538769005999939,6.2809134550000749],[-75.538759689999949,6.2809323290000521]]]},"properties":{"OBJECTID":1079,"Año":2025,"Tipo":"Vivienda","Aream2":30.994160344676573,"lenght":25.754226969793656,"Ubicacion":"Poligono general construciones"}},{"type":"Feature","id":1080,"geometry":{"type":"Polygon","coordinates":[[[-75.538759689999949,6.2809323290000521],[-75.538728043999981,6.2809230460000549],[-75.538703507999969,6.28097226400007],[-75.538724912999953,6.280986513000073],[-75.538759689999949,6.2809323290000521]]]},"properties":{"OBJECTID":1080,"Año":2025,"Tipo":"Vivienda","Aream2":21.059396498566333,"lenght":19.701394957703918,"Ubicacion":"Poligono general construciones"}},{"type":"Feature","id":1081,"geometry":{"type":"Polygon","coordinates":[[[-75.538824445999978,6.2808466170000656],[-75.538807429999963,6.2808879400000706],[-75.538835565999989,6.2809029650000525],[-75.538858094999966,6.2808580030000485],[-75.538824445999978,6.2808466170000656]]]},"properties":{"OBJECTID":1081,"Año":2025,"Tipo":"Vivienda","Aream2":19.511495975615674,"lenght":17.967529252652355,"Ubicacion":"Poligono general construciones"}},{"type":"Feature","id":1082,"geometry":{"type":"Polygon","coordinates":[[[-75.538807429999963,6.2808879400000706],[-75.53879309499996,6.2809227530000271],[-75.538814985999977,6.2809358670000393],[-75.538838371999987,6.2808973660000333],[-75.538807429999963,6.2808879400000706]]]},"properties":{"OBJECTID":1082,"Año":2025,"Tipo":"Vivienda","Aream2":14.456038568682596,"lenght":15.551455554486861,"Ubicacion":"Poligono general construciones"}},{"type":"Feature","id":1083,"geometry":{"type":"Polygon","coordinates":[[[-75.538814985999977,6.2809358670000393],[-75.53878836399997,6.2809647830000586],[-75.53882592399998,6.2809840140000688],[-75.538855700999989,6.2809162560000686],[-75.538835565999989,6.2809029650000525],[-75.538814985999977,6.2809358670000393]]]},"properties":{"OBJECTID":1083,"Año":2025,"Tipo":"Vivienda","Aream2":28.82175545631463,"lenght":24.168149383127485,"Ubicacion":"Poligono general construciones"}},{"type":"Feature","id":1084,"geometry":{"type":"Polygon","coordinates":[[[-75.538798507999957,6.2809699760000512],[-75.538773282999955,6.2810277840000595],[-75.538792040999965,6.2810330480000403],[-75.53882592399998,6.2809840140000688],[-75.538798507999957,6.2809699760000512]]]},"properties":{"OBJECTID":1084,"Año":2025,"Tipo":"Vivienda","Aream2":18.589351256609689,"lenght":19.135215287512242,"Ubicacion":"Poligono general construciones"}},{"type":"Feature","id":1085,"geometry":{"type":"Polygon","coordinates":[[[-75.538855700999989,6.2809162560000686],[-75.538834426999983,6.2809646660000453],[-75.538853320999976,6.2809771870000759],[-75.53887855499994,6.2809382370000435],[-75.538855700999989,6.2809162560000686]]]},"properties":{"OBJECTID":1085,"Año":2025,"Tipo":"Vivienda","Aream2":16.072200746767908,"lenght":16.999967161652627,"Ubicacion":"Poligono general construciones"}},{"type":"Feature","id":1086,"geometry":{"type":"Polygon","coordinates":[[[-75.53887855499994,6.2809382370000435],[-75.538902999999948,6.2808745210000438],[-75.538858094999966,6.2808580030000485],[-75.538835565999989,6.2809029650000525],[-75.538855700999989,6.2809162560000686],[-75.53887855499994,6.2809382370000435]]]},"properties":{"OBJECTID":1086,"Año":2025,"Tipo":"Vivienda","Aream2":35.828503086795834,"lenght":24.585174593927025,"Ubicacion":"Poligono general construciones"}},{"type":"Feature","id":1087,"geometry":{"type":"Polygon","coordinates":[[[-75.538902999999948,6.2808745210000438],[-75.538929484999983,6.2808174910000503],[-75.538912037999978,6.2808068640000556],[-75.538901414999941,6.2808236520000378],[-75.538874608999947,6.2808144090000724],[-75.538858094999966,6.2808580030000485],[-75.538902999999948,6.2808745210000438]]]},"properties":{"OBJECTID":1087,"Año":2025,"Tipo":"Vivienda","Aream2":33.191274095363895,"lenght":25.003672446411919,"Ubicacion":"Poligono general construciones"}},{"type":"Feature","id":1088,"geometry":{"type":"Polygon","coordinates":[[[-75.538858094999966,6.2808580030000485],[-75.538874608999947,6.2808144090000724],[-75.538862524999956,6.2808057650000251],[-75.538839870999936,6.280851837000057],[-75.538858094999966,6.2808580030000485]]]},"properties":{"OBJECTID":1088,"Año":2025,"Tipo":"Vivienda","Aream2":10.092096714112346,"lenght":14.608997140852628,"Ubicacion":"Poligono general construciones"}},{"type":"Feature","id":1089,"geometry":{"type":"Polygon","coordinates":[[[-75.53887855499994,6.2809382370000435],[-75.53892394899998,6.280960819000029],[-75.538978768999982,6.2808402630000728],[-75.538923184999987,6.2808310550000215],[-75.538894613999958,6.2808996710000429],[-75.53887855499994,6.2809382370000435]]]},"properties":{"OBJECTID":1089,"Año":2025,"Tipo":"Vivienda","Aream2":80.053001258331079,"lenght":39.3388598907462,"Ubicacion":"Poligono general construciones"}},{"type":"Feature","id":1090,"geometry":{"type":"Polygon","coordinates":[[[-75.538978768999982,6.2808402630000728],[-75.538982371999964,6.2808245980000379],[-75.538934121999944,6.2808080950000544],[-75.538926197999956,6.2808245660000352],[-75.538923184999987,6.2808310550000215],[-75.538978768999982,6.2808402630000728]]]},"properties":{"OBJECTID":1090,"Año":2025,"Tipo":"Vivienda","Aream2":13.42892253867085,"lenght":16.470221795180279,"Ubicacion":"Poligono general construciones"}},{"type":"Feature","id":1091,"geometry":{"type":"Polygon","coordinates":[[[-75.538991088999978,6.2808285720000754],[-75.538981251999985,6.2808694550000723],[-75.539040890999956,6.2808892490000403],[-75.539059412999961,6.2808456460000457],[-75.538991088999978,6.2808285720000754]]]},"properties":{"OBJECTID":1091,"Año":2025,"Tipo":"Vivienda","Aream2":36.285622052236512,"lenght":24.639765640989349,"Ubicacion":"Poligono general construciones"}},{"type":"Feature","id":1092,"geometry":{"type":"Polygon","coordinates":[[[-75.539040890999956,6.2808892490000403],[-75.538981251999985,6.2808694550000723],[-75.538960044999953,6.2809110640000654],[-75.539019030999953,6.2809342080000761],[-75.539040890999956,6.2808892490000403]]]},"properties":{"OBJECTID":1092,"Año":2025,"Tipo":"Vivienda","Aream2":37.086572187659471,"lenght":24.662716624634374,"Ubicacion":"Poligono general construciones"}},{"type":"Feature","id":1093,"geometry":{"type":"Polygon","coordinates":[[[-75.539019030999953,6.2809342080000761],[-75.538960044999953,6.2809110640000654],[-75.538927889999968,6.2809521540000333],[-75.539000564999981,6.2809891920000496],[-75.539031131999934,6.2809461990000273],[-75.539019030999953,6.2809342080000761]]]},"properties":{"OBJECTID":1093,"Año":2025,"Tipo":"Vivienda","Aream2":53.462306114220546,"lenght":29.531915783471689,"Ubicacion":"Poligono general construciones"}},{"type":"Feature","id":1094,"geometry":{"type":"Polygon","coordinates":[[[-75.539031131999934,6.2809461990000273],[-75.539000564999981,6.2809891920000496],[-75.539043537999987,6.2810211160000335],[-75.539080786999989,6.2809667650000733],[-75.539031131999934,6.2809461990000273]]]},"properties":{"OBJECTID":1094,"Año":2025,"Tipo":"Vivienda","Aream2":38.488529380341127,"lenght":24.996559351439558,"Ubicacion":"Poligono general construciones"}},{"type":"Feature","id":1095,"geometry":{"type":"Polygon","coordinates":[[[-75.538903404999985,6.2810012430000484],[-75.538922622999962,6.2810121070000378],[-75.538948582999978,6.2810309490000691],[-75.538975180999955,6.2809973480000281],[-75.53892394899998,6.280960819000029],[-75.538903404999985,6.2810012430000484]]]},"properties":{"OBJECTID":1095,"Año":2025,"Tipo":"Vivienda","Aream2":30.906789379091776,"lenght":22.711892842121344,"Ubicacion":"Poligono general construciones"}},{"type":"Feature","id":1096,"geometry":{"type":"Polygon","coordinates":[[[-75.539031131999934,6.2809461990000273],[-75.539080786999989,6.2809667650000733],[-75.539117121999936,6.2808894980000218],[-75.539066221999974,6.2808703810000566],[-75.539031131999934,6.2809461990000273]]]},"properties":{"OBJECTID":1096,"Año":2025,"Tipo":"Vivienda","Aream2":55.783831945108673,"lenght":30.651636966274729,"Ubicacion":"Poligono general construciones"}},{"type":"Feature","id":1097,"geometry":{"type":"Polygon","coordinates":[[[-75.53914466699996,6.2807669070000429],[-75.539138154999989,6.2808037580000473],[-75.539165677999961,6.280804900000021],[-75.539164748999951,6.2807694870000432],[-75.53914466699996,6.2807669070000429]]]},"properties":{"OBJECTID":1097,"Año":2025,"Tipo":"Vivienda","Aream2":10.591653648070944,"lenght":13.347049982917788,"Ubicacion":"Poligono general construciones"}},{"type":"Feature","id":1098,"geometry":{"type":"Polygon","coordinates":[[[-75.539164748999951,6.2807694870000432],[-75.539164658999937,6.280750744000045],[-75.539148595999961,6.2807494830000223],[-75.53914466699996,6.2807669070000429],[-75.539164748999951,6.2807694870000432]]]},"properties":{"OBJECTID":1098,"Año":2025,"Tipo":"Vivienda","Aream2":4.0458132923963772,"lenght":8.0728663289172005,"Ubicacion":"Poligono general construciones"}},{"type":"Feature","id":1099,"geometry":{"type":"Polygon","coordinates":[[[-75.539112287999956,6.2807121700000721],[-75.539052004999974,6.2806977350000466],[-75.539024444999939,6.2808089960000757],[-75.539075380999975,6.2808274930000607],[-75.539112287999956,6.2807121700000721]]]},"properties":{"OBJECTID":1099,"Año":2025,"Tipo":"Vivienda","Aream2":83.619897240786969,"lenght":38.929579541254142,"Ubicacion":"Poligono general construciones"}},{"type":"Feature","id":1100,"geometry":{"type":"Polygon","coordinates":[[[-75.539036653999972,6.280705173000058],[-75.538978312999973,6.2806773400000679],[-75.53894003299996,6.2807853060000411],[-75.539008398999954,6.2808110820000707],[-75.539036653999972,6.280705173000058]]]},"properties":{"OBJECTID":1100,"Año":2025,"Tipo":"Vivienda","Aream2":93.850275686836767,"lenght":40.034547068866125,"Ubicacion":"Poligono general construciones"}},{"type":"Feature","id":1101,"geometry":{"type":"Polygon","coordinates":[[[-75.538940951999962,6.2806989440000507],[-75.538892045999944,6.2806851230000689],[-75.538877573999969,6.2807360700000459],[-75.53893048499998,6.280747864000034],[-75.538940951999962,6.2806989440000507]]]},"properties":{"OBJECTID":1101,"Año":2025,"Tipo":"Vivienda","Aream2":33.073307965097328,"lenght":23.015723225607729,"Ubicacion":"Poligono general construciones"}},{"type":"Feature","id":1102,"geometry":{"type":"Polygon","coordinates":[[[-75.538917025999979,6.2807448640000416],[-75.538877573999969,6.2807360700000459],[-75.538866418999987,6.2807809770000631],[-75.538911284999983,6.2807894620000297],[-75.538917025999979,6.2807448640000416]]]},"properties":{"OBJECTID":1102,"Año":2025,"Tipo":"Vivienda","Aream2":23.989697630657293,"lenght":19.618630075894391,"Ubicacion":"Poligono general construciones"}},{"type":"Feature","id":1103,"geometry":{"type":"Polygon","coordinates":[[[-75.538926000999936,6.2806947190000528],[-75.538940951999962,6.2806989440000507],[-75.538950340999975,6.2807035840000367],[-75.538952922999954,6.2806841580000423],[-75.538930169999958,6.2806829290000223],[-75.538926000999936,6.2806947190000528]]]},"properties":{"OBJECTID":1103,"Año":2025,"Tipo":"Vivienda","Aream2":4.5256465014653555,"lenght":8.951100697050089,"Ubicacion":"Poligono general construciones"}},{"type":"Feature","id":1104,"geometry":{"type":"Polygon","coordinates":[[[-75.538926000999936,6.2806947190000528],[-75.538926746999948,6.2806668790000231],[-75.538905316999944,6.280662297000049],[-75.538903454999968,6.280688347000023],[-75.538926000999936,6.2806947190000528]]]},"properties":{"OBJECTID":1104,"Año":2025,"Tipo":"Vivienda","Aream2":7.3400933725042199,"lenght":10.987305780978661,"Ubicacion":"Poligono general construciones"}},{"type":"Feature","id":1105,"geometry":{"type":"Polygon","coordinates":[[[-75.538903454999968,6.280688347000023],[-75.538904543999934,6.2806731030000265],[-75.538894660999972,6.2806723910000528],[-75.538892045999944,6.2806851230000689],[-75.538903454999968,6.280688347000023]]]},"properties":{"OBJECTID":1105,"Año":2025,"Tipo":"Vivienda","Aream2":1.8675711263466805,"lenght":5.536795422146958,"Ubicacion":"Poligono general construciones"}},{"type":"Feature","id":1106,"geometry":{"type":"Polygon","coordinates":[[[-75.538926746999948,6.2806668790000231],[-75.538930507999964,6.2806146450000711],[-75.538910456999986,6.2806187590000491],[-75.538905316999944,6.280662297000049],[-75.538926746999948,6.2806668790000231]]]},"properties":{"OBJECTID":1106,"Año":2025,"Tipo":"Vivienda","Aream2":12.170730480088487,"lenght":15.332159077513491,"Ubicacion":"Poligono general construciones"}},{"type":"Feature","id":1107,"geometry":{"type":"Polygon","coordinates":[[[-75.538930507999964,6.2806146450000711],[-75.538926746999948,6.2806668790000231],[-75.538946154999962,6.2806681240000444],[-75.538949918999947,6.280616559000066],[-75.538930507999964,6.2806146450000711]]]},"properties":{"OBJECTID":1107,"Año":2025,"Tipo":"Vivienda","Aream2":12.404117221751658,"lenght":15.822194292072645,"Ubicacion":"Poligono general construciones"}},{"type":"Feature","id":1108,"geometry":{"type":"Polygon","coordinates":[[[-75.538926262999951,6.2806849590000411],[-75.538945052999964,6.2806837330000462],[-75.538952922999954,6.2806841580000423],[-75.538966401999971,6.2806852910000543],[-75.538968530999966,6.2806721190000303],[-75.538946154999962,6.2806681240000444],[-75.538926746999948,6.2806668790000231],[-75.538926262999951,6.2806849590000411]]]},"properties":{"OBJECTID":1108,"Año":2025,"Tipo":"Vivienda","Aream2":7.8250476265559552,"lenght":12.597655446336109,"Ubicacion":"Poligono general construciones"}},{"type":"Feature","id":1109,"geometry":{"type":"Polygon","coordinates":[[[-75.538968530999966,6.2806721190000303],[-75.538983924999968,6.2806257040000446],[-75.538966883999933,6.2806150930000513],[-75.538949402999947,6.2806236360000298],[-75.538946154999962,6.2806681240000444],[-75.538968530999966,6.2806721190000303]]]},"properties":{"OBJECTID":1109,"Año":2025,"Tipo":"Vivienda","Aream2":18.201144002499401,"lenght":17.233048744703272,"Ubicacion":"Poligono general construciones"}},{"type":"Feature","id":1110,"geometry":{"type":"Polygon","coordinates":[[[-75.538949918999947,6.280616559000066],[-75.538959763999969,6.2805772020000745],[-75.538903227999981,6.280573620000041],[-75.538910456999986,6.2806187590000491],[-75.538949918999947,6.280616559000066]]]},"properties":{"OBJECTID":1110,"Año":2025,"Tipo":"Vivienda","Aream2":24.835083596880281,"lenght":20.187761483699003,"Ubicacion":"Poligono general construciones"}},{"type":"Feature","id":1111,"geometry":{"type":"Polygon","coordinates":[[[-75.53886214399995,6.2805781040000284],[-75.538851817999955,6.2806561310000575],[-75.538883919999989,6.2806538330000308],[-75.538894703999972,6.2805818020000288],[-75.53886214399995,6.2805781040000284]]]},"properties":{"OBJECTID":1111,"Año":2025,"Tipo":"Vivienda","Aream2":29.78535525731413,"lenght":23.950424577665117,"Ubicacion":"Poligono general construciones"}},{"type":"Feature","id":1112,"geometry":{"type":"Polygon","coordinates":[[[-75.538851817999955,6.2806561310000575],[-75.53886214399995,6.2805781040000284],[-75.538858227999981,6.2805652690000215],[-75.538807254999938,6.280561232000025],[-75.538796581999975,6.2806559700000548],[-75.538851817999955,6.2806561310000575]]]},"properties":{"OBJECTID":1112,"Año":2025,"Tipo":"Vivienda","Aream2":63.228067647090306,"lenght":32.507448470884647,"Ubicacion":"Poligono general construciones"}},{"type":"Feature","id":1113,"geometry":{"type":"Polygon","coordinates":[[[-75.538806374999979,6.2805690430000709],[-75.538782431999948,6.280563495000024],[-75.538775907999934,6.2806307920000677],[-75.538799430999973,6.2806306750000545],[-75.538806374999979,6.2805690430000709]]]},"properties":{"OBJECTID":1113,"Año":2025,"Tipo":"Vivienda","Aream2":18.952519140385661,"lenght":19.662053716933183,"Ubicacion":"Poligono general construciones"}},{"type":"Feature","id":1114,"geometry":{"type":"Polygon","coordinates":[[[-75.538782431999948,6.280563495000024],[-75.538769569999943,6.2805601310000725],[-75.538760484999955,6.2806291540000529],[-75.538775907999934,6.2806307920000677],[-75.538782431999948,6.280563495000024]]]},"properties":{"OBJECTID":1114,"Año":2025,"Tipo":"Vivienda","Aream2":12.039143398453598,"lenght":18.366687173826666,"Ubicacion":"Poligono general construciones"}},{"type":"Feature","id":1115,"geometry":{"type":"Polygon","coordinates":[[[-75.538769569999943,6.2805601310000725],[-75.538742570999943,6.2805551200000309],[-75.538734366999961,6.2806292800000278],[-75.538760484999955,6.2806291540000529],[-75.538769569999943,6.2805601310000725]]]},"properties":{"OBJECTID":1115,"Año":2025,"Tipo":"Vivienda","Aream2":23.533948885906351,"lenght":21.882823940689601,"Ubicacion":"Poligono general construciones"}},{"type":"Feature","id":1116,"geometry":{"type":"Polygon","coordinates":[[[-75.538858227999981,6.2805652690000215],[-75.538861768999936,6.2805497810000475],[-75.538833061999981,6.2805418140000597],[-75.53882703499994,6.2805627990000517],[-75.538858227999981,6.2805652690000215]]]},"properties":{"OBJECTID":1116,"Año":2025,"Tipo":"Vivienda","Aream2":6.9916995869226461,"lenght":10.932559991624334,"Ubicacion":"Poligono general construciones"}},{"type":"Feature","id":1117,"geometry":{"type":"Polygon","coordinates":[[[-75.538688128999979,6.2813866400000506],[-75.538619481999945,6.2813771670000733],[-75.538618450999934,6.2815013850000696],[-75.538680588999966,6.2815157930000396],[-75.538688128999979,6.2813866400000506]]]},"properties":{"OBJECTID":1117,"Año":2025,"Tipo":"Vivienda","Aream2":102.03803040044482,"lenght":42.778235746311893,"Ubicacion":"Poligono general construciones"}},{"type":"Feature","id":1118,"geometry":{"type":"Polygon","coordinates":[[[-75.538659074999941,6.2815108040000496],[-75.538618450999934,6.2815013850000696],[-75.538578148999989,6.2816110840000761],[-75.538633728999969,6.2816206200000693],[-75.538659074999941,6.2815108040000496]]]},"properties":{"OBJECTID":1118,"Año":2025,"Tipo":"Vivienda","Aream2":68.437581733573808,"lenght":36.249790330376712,"Ubicacion":"Poligono general construciones"}},{"type":"Feature","id":1119,"geometry":{"type":"Polygon","coordinates":[[[-75.538680588999966,6.2815157930000396],[-75.53867422999997,6.2815517800000293],[-75.538754381999979,6.2815759070000468],[-75.538760724999975,6.2815366500000209],[-75.538680588999966,6.2815157930000396]]]},"properties":{"OBJECTID":1119,"Año":2025,"Tipo":"Vivienda","Aream2":38.658794411275537,"lenght":26.868358822947602,"Ubicacion":"Poligono general construciones"}},{"type":"Feature","id":1120,"geometry":{"type":"Polygon","coordinates":[[[-75.538737472999969,6.2815708170000448],[-75.53867422999997,6.2815517800000293],[-75.538671105999981,6.2815812140000276],[-75.538728327999934,6.2815923770000381],[-75.538737472999969,6.2815708170000448]]]},"properties":{"OBJECTID":1120,"Año":2025,"Tipo":"Vivienda","Aream2":19.933717463145847,"lenght":19.626073730028629,"Ubicacion":"Poligono general construciones"}},{"type":"Feature","id":1121,"geometry":{"type":"Polygon","coordinates":[[[-75.538728327999934,6.2815923770000381],[-75.538671105999981,6.2815812140000276],[-75.538658244999965,6.2816237710000564],[-75.538723585999946,6.2816250870000658],[-75.538728327999934,6.2815923770000381]]]},"properties":{"OBJECTID":1121,"Año":2025,"Tipo":"Vivienda","Aream2":28.903946608575104,"lenght":22.258808119826227,"Ubicacion":"Poligono general construciones"}},{"type":"Feature","id":1122,"geometry":{"type":"Polygon","coordinates":[[[-75.538723585999946,6.2816250870000658],[-75.538658244999965,6.2816237710000564],[-75.538660028999971,6.281654814000035],[-75.538713968999957,6.2816627250000465],[-75.538723585999946,6.2816250870000658]]]},"properties":{"OBJECTID":1122,"Año":2025,"Tipo":"Vivienda","Aream2":25.292706109977804,"lenght":21.002870734684144,"Ubicacion":"Poligono general construciones"}},{"type":"Feature","id":1123,"geometry":{"type":"Polygon","coordinates":[[[-75.538505890999943,6.2814094910000335],[-75.538474489999942,6.2814012760000537],[-75.538462123999977,6.2814379450000501],[-75.538497715999938,6.2814482330000487],[-75.538505890999943,6.2814094910000335]]]},"properties":{"OBJECTID":1123,"Año":2025,"Tipo":"Vivienda","Aream2":16.624128672887778,"lenght":16.352497123984698,"Ubicacion":"Poligono general construciones"}},{"type":"Feature","id":1124,"geometry":{"type":"Polygon","coordinates":[[[-75.538505890999943,6.2814094910000335],[-75.538513080999962,6.2813833060000661],[-75.538493208999967,6.2813813110000751],[-75.538484000999972,6.2814037640000606],[-75.538505890999943,6.2814094910000335]]]},"properties":{"OBJECTID":1124,"Año":2025,"Tipo":"Vivienda","Aream2":6.6037888225104959,"lenght":10.402498514882264,"Ubicacion":"Poligono general construciones"}},{"type":"Feature","id":1125,"geometry":{"type":"Polygon","coordinates":[[[-75.538513080999962,6.2813833060000661],[-75.53851192999997,6.2813613460000397],[-75.538492037999958,6.2813551660000257],[-75.538493208999967,6.2813813110000751],[-75.538513080999962,6.2813833060000661]]]},"properties":{"OBJECTID":1125,"Año":2025,"Tipo":"Vivienda","Aream2":5.7959127627827751,"lenght":9.8425962466993582,"Ubicacion":"Poligono general construciones"}},{"type":"Feature","id":1126,"geometry":{"type":"Polygon","coordinates":[[[-75.539119738999943,6.2810166860000436],[-75.53916264999998,6.2810349730000326],[-75.539186509999979,6.2809972010000479],[-75.539151948999972,6.2809837710000238],[-75.539119738999943,6.2810166860000436]]]},"properties":{"OBJECTID":1126,"Año":2025,"Tipo":"Vivienda","Aream2":22.201850669875327,"lenght":19.303109793654041,"Ubicacion":"Poligono general construciones"}},{"type":"Feature","id":1127,"geometry":{"type":"Polygon","coordinates":[[[-75.539151948999972,6.2809837710000238],[-75.539116299999989,6.2809619770000609],[-75.539087725999934,6.2810051670000462],[-75.539119738999943,6.2810166860000436],[-75.539151948999972,6.2809837710000238]]]},"properties":{"OBJECTID":1127,"Año":2025,"Tipo":"Vivienda","Aream2":21.956036537424776,"lenght":19.213114688943847,"Ubicacion":"Poligono general construciones"}},{"type":"Feature","id":1128,"geometry":{"type":"Polygon","coordinates":[[[-75.539268040999957,6.2809957590000636],[-75.539296036999986,6.2809485530000302],[-75.539307210999937,6.2808815550000645],[-75.539295665999987,6.2808721970000647],[-75.539241836999963,6.2809812420000526],[-75.539268040999957,6.2809957590000636]]]},"properties":{"OBJECTID":1128,"Año":2025,"Tipo":"Vivienda","Aream2":40.838075756642773,"lenght":31.996023331525073,"Ubicacion":"Poligono general construciones"}},{"type":"Feature","id":1129,"geometry":{"type":"Polygon","coordinates":[[[-75.539295665999987,6.2808721970000647],[-75.539239101999954,6.2808484140000473],[-75.539222492999954,6.2808725520000621],[-75.539182770999957,6.2808727450000674],[-75.539170601999956,6.2809502080000357],[-75.539241836999963,6.2809812420000526],[-75.539295665999987,6.2808721970000647]]]},"properties":{"OBJECTID":1129,"Año":2025,"Tipo":"Vivienda","Aream2":122.03060873714226,"lenght":45.152455851184634,"Ubicacion":"Poligono general construciones"}},{"type":"Feature","id":1130,"geometry":{"type":"Polygon","coordinates":[[[-75.539267152999969,6.2808127130000457],[-75.539217920999988,6.2807920330000684],[-75.539162817999966,6.2808540140000559],[-75.539182770999957,6.2808727450000674],[-75.539222492999954,6.2808725520000621],[-75.539239101999954,6.2808484140000473],[-75.53925417399995,6.2808547510000494],[-75.539267152999969,6.2808127130000457]]]},"properties":{"OBJECTID":1130,"Año":2025,"Tipo":"Vivienda","Aream2":61.019892203899438,"lenght":32.426620232056827,"Ubicacion":"Poligono general construciones"}},{"type":"Feature","id":1131,"geometry":{"type":"Polygon","coordinates":[[[-75.539267152999969,6.2808127130000457],[-75.539287018999971,6.2808136630000604],[-75.539306474999989,6.2807298880000531],[-75.539277180999989,6.28072480000003],[-75.539248188999977,6.2808047470000474],[-75.539267152999969,6.2808127130000457]]]},"properties":{"OBJECTID":1131,"Año":2025,"Tipo":"Vivienda","Aream2":37.068225365854083,"lenght":26.687965613726604,"Ubicacion":"Poligono general construciones"}},{"type":"Feature","id":1132,"geometry":{"type":"Polygon","coordinates":[[[-75.539287018999971,6.2808136630000604],[-75.539317409999967,6.2808292050000318],[-75.539338966999935,6.2807475120000618],[-75.539315923999936,6.2807382110000276],[-75.539299379999989,6.2807813980000446],[-75.539287018999971,6.2808136630000604]]]},"properties":{"OBJECTID":1132,"Año":2025,"Tipo":"Vivienda","Aream2":29.533878185531691,"lenght":24.810502985133773,"Ubicacion":"Poligono general construciones"}},{"type":"Feature","id":1133,"geometry":{"type":"Polygon","coordinates":[[[-75.539317409999967,6.2808292050000318],[-75.539287018999971,6.2808136630000604],[-75.539274534999947,6.280863312000065],[-75.539307210999937,6.2808815550000645],[-75.539317409999967,6.2808292050000318]]]},"properties":{"OBJECTID":1133,"Año":2025,"Tipo":"Vivienda","Aream2":22.031952419657159,"lenght":19.480593954720224,"Ubicacion":"Poligono general construciones"}},{"type":"Feature","id":1134,"geometry":{"type":"Polygon","coordinates":[[[-75.539226679999956,6.2806581020000749],[-75.539197780999984,6.2807346000000734],[-75.539231358999984,6.2807605870000316],[-75.539291581999976,6.2806766140000718],[-75.539226679999956,6.2806581020000749]]]},"properties":{"OBJECTID":1134,"Año":2025,"Tipo":"Vivienda","Aream2":60.500521447119013,"lenght":32.644933548650926,"Ubicacion":"Poligono general construciones"}},{"type":"Feature","id":1135,"geometry":{"type":"Polygon","coordinates":[[[-75.539198415999977,6.2806498700000475],[-75.53913665999994,6.2806334340000376],[-75.539124485999935,6.2807098520000295],[-75.539181030999941,6.2807294510000702],[-75.539198415999977,6.2806498700000475]]]},"properties":{"OBJECTID":1135,"Año":2025,"Tipo":"Vivienda","Aream2":59.738399656299379,"lenght":31.264614938935424,"Ubicacion":"Poligono general construciones"}},{"type":"Feature","id":1136,"geometry":{"type":"Polygon","coordinates":[[[-75.539117802999954,6.2806251580000207],[-75.539070681999988,6.2806086510000227],[-75.539061638999954,6.2806840070000476],[-75.539109764999978,6.2806921410000314],[-75.539117802999954,6.2806251580000207]]]},"properties":{"OBJECTID":1136,"Año":2025,"Tipo":"Vivienda","Aream2":42.778623683174622,"lenght":26.784102591795826,"Ubicacion":"Poligono general construciones"}},{"type":"Feature","id":1137,"geometry":{"type":"Polygon","coordinates":[[[-75.539058128999955,6.2806066200000714],[-75.539003683999965,6.2805891020000217],[-75.538989379999975,6.2806571610000219],[-75.539040707999959,6.2806788780000602],[-75.539058128999955,6.2806066200000714]]]},"properties":{"OBJECTID":1137,"Año":2025,"Tipo":"Vivienda","Aream2":49.230566705991194,"lenght":28.411295316864379,"Ubicacion":"Poligono general construciones"}},{"type":"Feature","id":1138,"geometry":{"type":"Polygon","coordinates":[[[-75.539296082999954,6.2807280840000317],[-75.539324895999982,6.2807418320000465],[-75.53935052199995,6.2807589630000393],[-75.539352428999962,6.2807212970000705],[-75.539314680999951,6.2806974220000598],[-75.539296082999954,6.2807280840000317]]]},"properties":{"OBJECTID":1138,"Año":2025,"Tipo":"Vivienda","Aream2":21.848303992804773,"lenght":20.024837171525867,"Ubicacion":"Poligono general construciones"}},{"type":"Feature","id":1139,"geometry":{"type":"Polygon","coordinates":[[[-75.539365008999937,6.2807285580000212],[-75.539367306999964,6.2807714330000408],[-75.539425860999984,6.2807742870000425],[-75.539434041999982,6.2807365910000499],[-75.539365008999937,6.2807285580000212]]]},"properties":{"OBJECTID":1139,"Año":2025,"Tipo":"Vivienda","Aream2":31.656041114358668,"lenght":23.195628794784472,"Ubicacion":"Poligono general construciones"}},{"type":"Feature","id":1140,"geometry":{"type":"Polygon","coordinates":[[[-75.539425860999984,6.2807742870000425],[-75.539367306999964,6.2807714330000408],[-75.539368560999947,6.2808143130000644],[-75.539439687999959,6.280823382000051],[-75.539440515999956,6.2807784000000311],[-75.539425860999984,6.2807742870000425]]]},"properties":{"OBJECTID":1140,"Año":2025,"Tipo":"Vivienda","Aream2":40.007704278091211,"lenght":25.829399322173778,"Ubicacion":"Poligono general construciones"}},{"type":"Feature","id":1141,"geometry":{"type":"Polygon","coordinates":[[[-75.539368560999947,6.2808143130000644],[-75.539362567999945,6.2808718720000343],[-75.539453536999986,6.2808766610000362],[-75.539455363999934,6.2808222600000363],[-75.539439687999959,6.280823382000051],[-75.539368560999947,6.2808143130000644]]]},"properties":{"OBJECTID":1141,"Año":2025,"Tipo":"Vivienda","Aream2":59.857795902352791,"lenght":32.178410458288624,"Ubicacion":"Poligono general construciones"}},{"type":"Feature","id":1142,"geometry":{"type":"Polygon","coordinates":[[[-75.539453536999986,6.2808766610000362],[-75.539409704999969,6.2808743530000584],[-75.53940053499997,6.280940724000061],[-75.539444463999985,6.2809457400000497],[-75.539453536999986,6.2808766610000362]]]},"properties":{"OBJECTID":1142,"Año":2025,"Tipo":"Vivienda","Aream2":36.788207888309827,"lenght":24.868499920528624,"Ubicacion":"Poligono general construciones"}},{"type":"Feature","id":1143,"geometry":{"type":"Polygon","coordinates":[[[-75.539405291999969,6.2809062900000754],[-75.539409704999969,6.2808743530000584],[-75.539362567999945,6.2808718720000343],[-75.539366905999941,6.2809042770000474],[-75.539405291999969,6.2809062900000754]]]},"properties":{"OBJECTID":1143,"Año":2025,"Tipo":"Vivienda","Aream2":16.84138936525234,"lenght":16.660627749751768,"Ubicacion":"Poligono general construciones"}},{"type":"Feature","id":1144,"geometry":{"type":"Polygon","coordinates":[[[-75.539405291999969,6.2809062900000754],[-75.539366905999941,6.2809042770000474],[-75.53935783299994,6.2809733570000503],[-75.539394444999971,6.2809784090000562],[-75.53940053499997,6.280940724000061],[-75.539405291999969,6.2809062900000754]]]},"properties":{"OBJECTID":1144,"Año":2025,"Tipo":"Vivienda","Aream2":33.025201867480412,"lenght":24.118280217168472,"Ubicacion":"Poligono general construciones"}},{"type":"Feature","id":1145,"geometry":{"type":"Polygon","coordinates":[[[-75.53940053499997,6.280940724000061],[-75.539394444999971,6.2809784090000562],[-75.539438358999973,6.2809802890000697],[-75.539444463999985,6.2809457400000497],[-75.53940053499997,6.280940724000061]]]},"properties":{"OBJECTID":1145,"Año":2025,"Tipo":"Vivienda","Aream2":19.676177392594518,"lenght":17.861061953720608,"Ubicacion":"Poligono general construciones"}},{"type":"Feature","id":1146,"geometry":{"type":"Polygon","coordinates":[[[-75.539373942999987,6.2809755800000744],[-75.539321240999982,6.2809724890000211],[-75.539311071999975,6.2810311140000294],[-75.53936444499999,6.2810434070000269],[-75.539373942999987,6.2809755800000744]]]},"properties":{"OBJECTID":1146,"Año":2025,"Tipo":"Vivienda","Aream2":41.975869324103542,"lenght":26.061084233801438,"Ubicacion":"Poligono general construciones"}},{"type":"Feature","id":1147,"geometry":{"type":"Polygon","coordinates":[[[-75.539395560999935,6.2809930480000276],[-75.53937910999997,6.2810706040000355],[-75.539453550999951,6.2810874510000758],[-75.539462436999941,6.2809874930000547],[-75.539395560999935,6.2809930480000276]]]},"properties":{"OBJECTID":1147,"Año":2025,"Tipo":"Vivienda","Aream2":77.64721749640681,"lenght":35.742916861771931,"Ubicacion":"Poligono general construciones"}},{"type":"Feature","id":1148,"geometry":{"type":"Polygon","coordinates":[[[-75.539460505999955,6.2810092130000612],[-75.539453550999951,6.2810874510000758],[-75.539529890999972,6.2811047290000488],[-75.539523202999987,6.2810154400000329],[-75.539460505999955,6.2810092130000612]]]},"properties":{"OBJECTID":1148,"Año":2025,"Tipo":"Vivienda","Aream2":71.302698782898432,"lenght":34.227041670029905,"Ubicacion":"Poligono general construciones"}},{"type":"Feature","id":1149,"geometry":{"type":"Polygon","coordinates":[[[-75.53947464099997,6.2810106160000601],[-75.539473813999962,6.2809623340000371],[-75.539459178999948,6.2809624050000252],[-75.539460505999955,6.2810092130000612],[-75.53947464099997,6.2810106160000601]]]},"properties":{"OBJECTID":1149,"Año":2025,"Tipo":"Vivienda","Aream2":8.3635914551211208,"lenght":13.712324333502398,"Ubicacion":"Poligono general construciones"}},{"type":"Feature","id":1150,"geometry":{"type":"Polygon","coordinates":[[[-75.539523202999987,6.2810154400000329],[-75.539523045999942,6.2809830150000607],[-75.539474350999967,6.2809937320000699],[-75.53947464099997,6.2810106160000601],[-75.539523202999987,6.2810154400000329]]]},"properties":{"OBJECTID":1150,"Año":2025,"Tipo":"Vivienda","Aream2":14.684506945417898,"lenght":16.373433343797501,"Ubicacion":"Poligono general construciones"}},{"type":"Feature","id":1151,"geometry":{"type":"Polygon","coordinates":[[[-75.539523045999942,6.2809830150000607],[-75.539509106999958,6.2809109090000561],[-75.539487205999933,6.2809214750000706],[-75.539493100999948,6.2809896050000589],[-75.539523045999942,6.2809830150000607]]]},"properties":{"OBJECTID":1151,"Año":2025,"Tipo":"Vivienda","Aream2":23.292311940560669,"lenght":21.77143496800764,"Ubicacion":"Poligono general construciones"}},{"type":"Feature","id":1152,"geometry":{"type":"Polygon","coordinates":[[[-75.539228115999947,6.2809752650000519],[-75.539205135999964,6.2809652530000335],[-75.539202158999956,6.2809908490000339],[-75.539228297999955,6.2809917680000353],[-75.539228115999947,6.2809752650000519]]]},"properties":{"OBJECTID":1152,"Año":2025,"Tipo":"Vivienda","Aream2":6.4219156545056473,"lenght":10.344343310537933,"Ubicacion":"Poligono general construciones"}},{"type":"Feature","id":1153,"geometry":{"type":"Polygon","coordinates":[[[-75.539173070999936,6.2808636390000743],[-75.539162817999966,6.2808540140000559],[-75.539131650999934,6.2808939130000567],[-75.539152602999934,6.2809032260000208],[-75.539173070999936,6.2808636390000743]]]},"properties":{"OBJECTID":1153,"Año":2025,"Tipo":"Vivienda","Aream2":10.583439594201206,"lenght":14.624467906375882,"Ubicacion":"Poligono general construciones"}},{"type":"Feature","id":1154,"geometry":{"type":"Polygon","coordinates":[[[-75.539336791999972,6.2805888340000706],[-75.539336510999988,6.28067221200007],[-75.539391928999976,6.2806750810000267],[-75.539377927999965,6.2805904230000351],[-75.539336791999972,6.2805888340000706]]]},"properties":{"OBJECTID":1154,"Año":2025,"Tipo":"Vivienda","Aream2":49.46594597543519,"lenght":29.411122894476939,"Ubicacion":"Poligono general construciones"}},{"type":"Feature","id":1155,"geometry":{"type":"Polygon","coordinates":[[[-75.539250082999956,6.2805261920000248],[-75.539206128999979,6.2805159450000474],[-75.539202134999982,6.2805546660000573],[-75.539250245999938,6.2805596630000764],[-75.539250082999956,6.2805261920000248]]]},"properties":{"OBJECTID":1155,"Año":2025,"Tipo":"Vivienda","Aream2":20.519038500003617,"lenght":18.355967106205888,"Ubicacion":"Zonas verdes"}},{"type":"Feature","id":1156,"geometry":{"type":"Polygon","coordinates":[[[-75.538944328999946,6.2805376310000725],[-75.538941822999959,6.2805507000000489],[-75.538934921999953,6.2805756280000651],[-75.538949712999965,6.2805765650000467],[-75.53895231599995,6.2805589760000657],[-75.538971054999934,6.2805602230000659],[-75.538972957999988,6.2805387920000726],[-75.538944328999946,6.2805376310000725]]]},"properties":{"OBJECTID":1156,"Año":2025,"Tipo":"Vivienda","Aream2":10.680286903243246,"lenght":15.569304756240586,"Ubicacion":"Poligono general construciones"}},{"type":"Feature","id":1157,"geometry":{"type":"Polygon","coordinates":[[[-75.538851817999955,6.2806561310000575],[-75.538796581999975,6.2806559700000548],[-75.538777187999983,6.280660284000021],[-75.538757746999977,6.2807471960000498],[-75.538824759999954,6.2807698830000618],[-75.538851817999955,6.2806561310000575]]]},"properties":{"OBJECTID":1157,"Año":2025,"Tipo":"Vivienda","Aream2":91.098833098782322,"lenght":38.925993736223191,"Ubicacion":"Poligono general construciones"}},{"type":"Feature","id":1158,"geometry":{"type":"Polygon","coordinates":[[[-75.538775907999934,6.2806307920000677],[-75.538734366999961,6.2806292800000278],[-75.538731466999934,6.2807169890000409],[-75.538761943999987,6.2807284350000714],[-75.538775907999934,6.2806307920000677]]]},"properties":{"OBJECTID":1158,"Año":2025,"Tipo":"Vivienda","Aream2":41.520630859678533,"lenght":28.81998165490289,"Ubicacion":"Poligono general construciones"}},{"type":"Feature","id":1159,"geometry":{"type":"Polygon","coordinates":[[[-75.538781481999933,6.2804677980000747],[-75.538812969999981,6.2804655790000652],[-75.538813713999957,6.2804320780000467],[-75.53878967199995,6.2804321950000599],[-75.538781481999933,6.2804677980000747]]]},"properties":{"OBJECTID":1159,"Año":2025,"Tipo":"Vivienda","Aream2":11.679822846321438,"lenght":13.901745817042208,"Ubicacion":"Poligono general construciones"}},{"type":"Feature","id":1160,"geometry":{"type":"Polygon","coordinates":[[[-75.538475889999972,6.2814744880000717],[-75.538455155999941,6.2815101540000455],[-75.538484490999963,6.2815236090000326],[-75.538502059999985,6.2814816840000276],[-75.538475889999972,6.2814744880000717]]]},"properties":{"OBJECTID":1160,"Año":2025,"Tipo":"Vivienda","Aream2":15.600755024622883,"lenght":16.167387883544226,"Ubicacion":"Poligono general construciones"}},{"type":"Feature","id":1161,"geometry":{"type":"Polygon","coordinates":[[[-75.538513080999962,6.2813833060000661],[-75.538505890999943,6.2814094910000335],[-75.538547835999964,6.28143648300005],[-75.538562303999981,6.2814018950000445],[-75.538513080999962,6.2813833060000661]]]},"properties":{"OBJECTID":1161,"Año":2025,"Tipo":"Vivienda","Aream2":19.9772681461891,"lenght":18.493096823775339,"Ubicacion":"Poligono general construciones"}},{"type":"Feature","id":1162,"geometry":{"type":"Polygon","coordinates":[[[-75.538547835999964,6.28143648300005],[-75.538505890999943,6.2814094910000335],[-75.538499962999936,6.2814375810000342],[-75.538554224999984,6.2814605100000449],[-75.538559384999985,6.2814468870000724],[-75.538547835999964,6.28143648300005]]]},"properties":{"OBJECTID":1162,"Año":2025,"Tipo":"Vivienda","Aream2":16.565862482391129,"lenght":18.545150101073702,"Ubicacion":"Poligono general construciones"}},{"type":"Feature","id":1163,"geometry":{"type":"Polygon","coordinates":[[[-75.538543348999951,6.2814559150000377],[-75.53851919799996,6.2814457090000246],[-75.538510350999957,6.2814670000000206],[-75.538536509999972,6.2814721030000555],[-75.538543348999951,6.2814559150000377]]]},"properties":{"OBJECTID":1163,"Año":2025,"Tipo":"Vivienda","Aream2":6.5054281156051754,"lenght":10.345470755866661,"Ubicacion":"Poligono general construciones"}},{"type":"Feature","id":1164,"geometry":{"type":"Polygon","coordinates":[[[-75.538597596999978,6.2813504700000635],[-75.538620334999962,6.2812970140000743],[-75.538557442999945,6.2812617550000596],[-75.538537859999963,6.2813193800000704],[-75.538597596999978,6.2813504700000635]]]},"properties":{"OBJECTID":1164,"Año":2025,"Tipo":"Vivienda","Aream2":50.280871462743285,"lenght":28.588913555771743,"Ubicacion":"Poligono general construciones"}},{"type":"Feature","id":1165,"geometry":{"type":"Polygon","coordinates":[[[-75.538615720999985,6.2813078600000267],[-75.538600507999945,6.2813436250000336],[-75.53862165399994,6.2813534910000612],[-75.53864552899995,6.2813188570000307],[-75.538615720999985,6.2813078600000267]]]},"properties":{"OBJECTID":1165,"Año":2025,"Tipo":"Vivienda","Aream2":13.473565772216093,"lenght":15.051303860368902,"Ubicacion":"Poligono general construciones"}},{"type":"Feature","id":1166,"geometry":{"type":"Polygon","coordinates":[[[-75.539333272999954,6.2810862090000228],[-75.539393152999935,6.2811052560000462],[-75.539402763999988,6.2810759570000414],[-75.53937910999997,6.2810706040000355],[-75.539374123999949,6.281069475000038],[-75.539345726999954,6.2810547540000243],[-75.539333272999954,6.2810862090000228]]]},"properties":{"OBJECTID":1166,"Año":2025,"Tipo":"Vivienda","Aream2":23.00228057213916,"lenght":20.896447612574615,"Ubicacion":"Poligono general construciones"}},{"type":"Feature","id":1167,"geometry":{"type":"Polygon","coordinates":[[[-75.53867041999996,6.2810624660000371],[-75.538627490999943,6.2810480310000685],[-75.538585006999938,6.2811256410000738],[-75.538625855999953,6.2811421780000387],[-75.53867041999996,6.2810624660000371]]]},"properties":{"OBJECTID":1167,"Año":2025,"Tipo":"Vivienda","Aream2":48.586877237847467,"lenght":29.779311440111954,"Ubicacion":"Poligono general construciones"}},{"type":"Feature","id":1168,"geometry":{"type":"Polygon","coordinates":[[[-75.538499272999957,6.2811397030000649],[-75.538512535999985,6.2811190220000412],[-75.538502866999977,6.2811118390000615],[-75.538485812999966,6.2811340670000391],[-75.538499272999957,6.2811397030000649]]]},"properties":{"OBJECTID":1168,"Año":2025,"Tipo":"Vivienda","Aream2":4.2265945536609006,"lenght":8.7651288140054842,"Ubicacion":"Poligono general construciones"}},{"type":"Feature","id":1169,"geometry":{"type":"Polygon","coordinates":[[[-75.538374499999975,6.279970128000059],[-75.538326852999944,6.2799952630000462],[-75.538371321999989,6.2800597150000499],[-75.538408498999956,6.2800278030000527],[-75.538374499999975,6.279970128000059]]]},"properties":{"OBJECTID":1169,"Año":2025,"Tipo":"Vivienda","Aream2":45.402616343990573,"lenght":27.451502260833152,"Ubicacion":"Poligono general construciones"}},{"type":"Feature","id":1170,"geometry":{"type":"Polygon","coordinates":[[[-75.538433583999961,6.280648253000038],[-75.538411928999949,6.280659594000042],[-75.538387136999972,6.2806725780000647],[-75.538376374999984,6.2806882950000613],[-75.538448251999966,6.2806931680000275],[-75.538433583999961,6.280648253000038]]]},"properties":{"OBJECTID":1170,"Año":2025,"Tipo":"Vivienda","Aream2":22.18828145356899,"lenght":21.109050672187355,"Ubicacion":"Poligono general construciones"}},{"type":"Feature","id":1171,"geometry":{"type":"Polygon","coordinates":[[[-75.538401441999952,6.2806423840000321],[-75.538362175999964,6.2806574350000233],[-75.538367490999974,6.2806774930000415],[-75.538407832999951,6.2806617390000383],[-75.538401441999952,6.2806423840000321]]]},"properties":{"OBJECTID":1171,"Año":2025,"Tipo":"Vivienda","Aream2":10.705751838472342,"lenght":13.996402672434396,"Ubicacion":"Poligono general construciones"}},{"type":"Feature","id":1172,"geometry":{"type":"Polygon","coordinates":[[[-75.53826799899997,6.2800999320000415],[-75.538247255999977,6.2801136580000616],[-75.538257623999982,6.2801326310000718],[-75.538281457999972,6.2801204320000465],[-75.53826799899997,6.2800999320000415]]]},"properties":{"OBJECTID":1172,"Año":2025,"Tipo":"Vivienda","Aream2":7.2754227339263959,"lenght":10.819972160175103,"Ubicacion":"Poligono general construciones"}},{"type":"Feature","id":1173,"geometry":{"type":"Polygon","coordinates":[[[-75.539264076999984,6.2803092330000254],[-75.539272026999981,6.2803758710000466],[-75.539288076999981,6.2803745890000755],[-75.539277700999946,6.2803043470000262],[-75.539264076999984,6.2803092330000254]]]},"properties":{"OBJECTID":1173,"Año":2025,"Tipo":"Vivienda","Aream2":12.776476900776064,"lenght":18.660399210090144,"Ubicacion":"Poligono general construciones"}},{"type":"Feature","id":1174,"geometry":{"type":"Polygon","coordinates":[[[-75.539199959999962,6.2803585370000405],[-75.539196674999971,6.2802870290000214],[-75.539180470999952,6.2802863430000571],[-75.53918446199998,6.2803642470000227],[-75.539199959999962,6.2803585370000405]]]},"properties":{"OBJECTID":1174,"Año":2025,"Tipo":"Vivienda","Aream2":14.607808231743981,"lenght":20.168510030754508,"Ubicacion":"Poligono general construciones"}},{"type":"Feature","id":1175,"geometry":{"type":"Polygon","coordinates":[[[-75.539424108999981,6.2806956610000384],[-75.539360631999955,6.2806847230000358],[-75.539360833999979,6.2807264940000209],[-75.539427619999969,6.2807358440000485],[-75.539424108999981,6.2806956610000384]]]},"properties":{"OBJECTID":1175,"Año":2025,"Tipo":"Vivienda","Aream2":32.440674072081691,"lenght":23.674012902001152,"Ubicacion":"Poligono general construciones"}},{"type":"Feature","id":1176,"geometry":{"type":"Polygon","coordinates":[[[-75.539425082999969,6.2807068230000596],[-75.539440867999986,6.2807578380000564],[-75.539473375999989,6.2807564750000324],[-75.539457868999989,6.2807043330000738],[-75.539425082999969,6.2807068230000596]]]},"properties":{"OBJECTID":1176,"Año":2025,"Tipo":"Vivienda","Aream2":20.982209849805347,"lenght":19.164133254891695,"Ubicacion":"Poligono general construciones"}},{"type":"Feature","id":1177,"geometry":{"type":"Polygon","coordinates":[[[-75.539328185999977,6.2806989380000573],[-75.539328115999979,6.2806844790000582],[-75.539310457999989,6.2806853680000359],[-75.539309705999983,6.2806958150000582],[-75.539328185999977,6.2806989380000573]]]},"properties":{"OBJECTID":1177,"Año":2025,"Tipo":"Vivienda","Aream2":2.7591581238847227,"lenght":6.7888149379566753,"Ubicacion":"Poligono general construciones"}},{"type":"Feature","id":1178,"geometry":{"type":"Polygon","coordinates":[[[-75.538274240999954,6.2815172460000213],[-75.538281186999939,6.2815057430000252],[-75.538260613999967,6.2814849560000425],[-75.538254526999935,6.2814983620000362],[-75.538274240999954,6.2815172460000213]]]},"properties":{"OBJECTID":1178,"Año":2025,"Tipo":"Vivienda","Aream2":4.6534036691918184,"lenght":9.37147305043354,"Ubicacion":"Poligono general construciones"}},{"type":"Feature","id":1179,"geometry":{"type":"MultiPolygon","coordinates":[[[[-75.539030568999976,6.2796292580000568],[-75.539033324999934,6.2796370880000723],[-75.539045634999979,6.2796525570000767],[-75.53903476399995,6.2796300840000754],[-75.539020133999941,6.2796138170000404],[-75.539030568999976,6.2796292580000568]]],[[[-75.538080144999981,6.2813613770000529],[-75.538087230999963,6.281363552000073],[-75.53809301299998,6.2813658810000561],[-75.538097474999972,6.2813683320000564],[-75.538102765999952,6.2813711370000647],[-75.538115222999977,6.2813773720000654],[-75.538117333999935,6.2813736560000279],[-75.538124987999936,6.2813786790000563],[-75.538125808999951,6.2813870800000586],[-75.538174595999976,6.2814247750000618],[-75.538183663999973,6.2814133980000406],[-75.538192230999982,6.2814220580000324],[-75.538195762999976,6.2814261560000659],[-75.538250157999983,6.2814694230000327],[-75.538288094999984,6.2814145670000698],[-75.538294829999984,6.2814052580000634],[-75.538324193999983,6.2813614060000305],[-75.538307639999971,6.2813476160000619],[-75.538294192999956,6.2813379420000501],[-75.538309663999939,6.2813169340000741],[-75.538327323999965,6.2812875620000455],[-75.538298583999961,6.2812702410000725],[-75.538289058999965,6.2812847680000345],[-75.538285691999988,6.2812818480000487],[-75.538292603999935,6.2812697980000394],[-75.538284965999935,6.2812648080000599],[-75.538283299999989,6.2812648070000705],[-75.538288828999953,6.2812372360000381],[-75.538257504999933,6.2812378220000369],[-75.538258015999986,6.2812590010000235],[-75.538250619999985,6.281271299000025],[-75.538217015999976,6.2812547400000653],[-75.538209746999939,6.2812642530000744],[-75.53820591799996,6.2812659370000574],[-75.538199868999982,6.2812705450000408],[-75.538195425999959,6.28127640200006],[-75.538190737999969,6.2812809010000592],[-75.538188515999934,6.2812838290000741],[-75.538185183999985,6.2812882230000469],[-75.53818025399994,6.2812913600000684],[-75.53817827499995,6.2812956490000715],[-75.538173830999938,6.2813015080000696],[-75.538170259999958,6.2813045450000686],[-75.538154867999936,6.2812946890000489],[-75.538153696999984,6.2812879360000693],[-75.53815521599995,6.2812809920000632],[-75.538148957999965,6.28127610100006],[-75.538142942999968,6.2812725550000437],[-75.538139365999939,6.2812674350000748],[-75.538133117999962,6.2812625180000623],[-75.538127395999936,6.2812603830000739],[-75.538122836999946,6.2812569090000352],[-75.538086498999974,6.2812313140000242],[-75.538054958999965,6.2812848260000465],[-75.538015117999976,6.2813341210000431],[-75.538014143999987,6.2813351680000551],[-75.538009099999954,6.2813431400000468],[-75.538012311999978,6.2813449830000536],[-75.538002482999957,6.2813537670000414],[-75.537987356999963,6.281377151000072],[-75.537968819999946,6.2814057840000714],[-75.537994623999964,6.2814314690000401],[-75.538012495999965,6.2814492560000303],[-75.538011870999981,6.2814474090000658],[-75.538023443999975,6.2814405910000346],[-75.538040083999988,6.28142097500006],[-75.538060536999978,6.2813977210000758],[-75.538063784999963,6.2813929440000607],[-75.538068147999979,6.2813867160000427],[-75.538068560999989,6.2813809650000394],[-75.538070068999957,6.2813736980000385],[-75.538071573999957,6.2813664460000496],[-75.538074625999968,6.2813604790000568],[-75.538080144999981,6.2813613770000529]]],[[[-75.538632088999975,6.2817458190000366],[-75.538639976999946,6.2817518340000333],[-75.538653253999939,6.2817624890000729],[-75.538656755999966,6.2817646280000758],[-75.538659054999982,6.2817660320000641],[-75.538658905999966,6.2817662670000232],[-75.538658357999964,6.2817671310000378],[-75.538656923999952,6.2817693860000645],[-75.538668662999953,6.2817792900000313],[-75.538671749999935,6.2817805810000209],[-75.538675798999975,6.2817829160000542],[-75.538707742999975,6.2817126880000274],[-75.538696193999954,6.2817057400000635],[-75.538700848999952,6.2816878690000522],[-75.538694800999963,6.2816827170000238],[-75.538704134999989,6.2816670670000576],[-75.538715206999939,6.2816685950000419],[-75.538719580999953,6.2816631360000201],[-75.538739144999965,6.2815762960000256],[-75.538758480999945,6.2815814810000461],[-75.538764912999966,6.2815351920000353],[-75.53874435299997,6.2815261350000355],[-75.538736954999933,6.2815219360000469],[-75.538689984999962,6.2815124990000299],[-75.538689690999945,6.2814518240000439],[-75.538693997999985,6.2813837580000609],[-75.538620877999961,6.2813738930000227],[-75.538615608999976,6.2813859410000532],[-75.538614025999948,6.2814134250000393],[-75.538613744999964,6.2815009760000748],[-75.538600156999962,6.2815363450000632],[-75.538571594999951,6.2816123840000273],[-75.538566751999952,6.2816467220000618],[-75.538565259999984,6.281665030000056],[-75.538533110999936,6.2816473370000381],[-75.538545383999974,6.2816172280000728],[-75.538481001999969,6.2815896200000338],[-75.538463992999937,6.2815786490000391],[-75.53845008899998,6.2815722900000424],[-75.538444863999985,6.2815543210000442],[-75.538468845999944,6.2815197580000586],[-75.538486309999939,6.2815262770000686],[-75.538494174999983,6.2815037470000448],[-75.538510484999961,6.2814709700000435],[-75.538536713999974,6.2814759840000534],[-75.538544180999963,6.2814583250000737],[-75.538554881999971,6.2814627010000663],[-75.538563787999976,6.2814434630000733],[-75.538565447999986,6.2814409930000465],[-75.538551354999981,6.2814335310000615],[-75.538566414999934,6.2814023190000512],[-75.538601868999933,6.2813494490000608],[-75.538625152999941,6.2813575380000657],[-75.538640094999948,6.2813299530000677],[-75.538648470999988,6.2813176040000371],[-75.538621184999954,6.2813064250000252],[-75.538626842999975,6.2812959220000266],[-75.538555182999971,6.2812581600000499],[-75.538531580999972,6.2813181710000663],[-75.538589627999954,6.2813531720000242],[-75.53856265099995,6.2813996850000535],[-75.538516525999967,6.2813816470000461],[-75.538513868999985,6.2813601740000422],[-75.538490898999953,6.281352322000032],[-75.538490220999961,6.2813821030000554],[-75.538482577999957,6.2813995800000271],[-75.538473842999963,6.2813973150000493],[-75.538464018999946,6.2814204170000494],[-75.538465290999966,6.2814263080000501],[-75.538459918999934,6.2814398330000358],[-75.538474291999989,6.2814439440000456],[-75.538470508999978,6.2814512270000478],[-75.538470808999989,6.2814526890000479],[-75.538466619999951,6.281461805000049],[-75.538465721999955,6.2814648180000745],[-75.53846152999995,6.2814739430000373],[-75.538461527999971,6.2814813670000262],[-75.538462424999977,6.2814857800000254],[-75.538461783999935,6.2814902260000736],[-75.538460197999939,6.2814976500000625],[-75.53845806299995,6.2815021860000684],[-75.538455926999973,6.2815067230000636],[-75.538453132999962,6.281515703000025],[-75.538449243999935,6.2815188900000294],[-75.538445900999989,6.2815249750000248],[-75.538440808999951,6.2815297050000254],[-75.538437193999982,6.2815343390000749],[-75.538434393999978,6.2815433280000548],[-75.538429302999987,6.2815480550000302],[-75.538425958999937,6.2815541420000613],[-75.538442616999987,6.2815676990000497],[-75.538417899999956,6.2815567650000617],[-75.538389858999949,6.2816018880000684],[-75.538340095999956,6.2815645980000454],[-75.538307952999958,6.2816115400000285],[-75.53828959599997,6.2815874650000296],[-75.538317997999968,6.2815639340000757],[-75.538287018999938,6.281532979000076],[-75.538271175999967,6.2815505370000437],[-75.538260600999934,6.2815418480000744],[-75.538290103999941,6.2815045020000753],[-75.538256959999956,6.2814796560000445],[-75.538253225999938,6.2814907790000234],[-75.538247885999965,6.2814871910000534],[-75.53824285099995,6.2814830820000225],[-75.538237830999947,6.2814789860000246],[-75.538230287999966,6.2814723830000503],[-75.53822615699994,6.2814769710000746],[-75.538218382999958,6.2814806380000618],[-75.53821166299997,6.2814825720000727],[-75.538207717999967,6.281484272000057],[-75.538204600999961,6.2814904400000273],[-75.538201753999942,6.2814981090000401],[-75.538197222999941,6.2815043590000528],[-75.538192687999981,6.2815106140000694],[-75.53818393499995,6.2815170640000701],[-75.538179723999974,6.2815172570000755],[-75.538171321999982,6.2815176510000583],[-75.538164294999945,6.2815178760000663],[-75.53815958399997,6.2815150790000303],[-75.538152735999972,6.2815079500000479],[-75.538138370999945,6.2815007960000457],[-75.538162357999965,6.2814672610000457],[-75.53810946599998,6.281424917000038],[-75.538081708999982,6.281464594000056],[-75.538061243999948,6.281498215000056],[-75.538102948999949,6.2815401210000346],[-75.538133038999945,6.281505419000041],[-75.538166365999984,6.2815289480000729],[-75.538144048999982,6.2815718320000542],[-75.538141695999968,6.2815728070000318],[-75.538154117999966,6.2815812750000646],[-75.538163391999944,6.2815875990000336],[-75.538174025999979,6.281594349000045],[-75.53820172099995,6.2815636550000704],[-75.538222871999949,6.2815834580000569],[-75.538244135999946,6.281562627000028],[-75.538256011999977,6.2815703010000448],[-75.538220534999937,6.2816120980000392],[-75.53823553999996,6.2816333970000642],[-75.538243278999971,6.2816383100000621],[-75.538294807999989,6.2816026880000209],[-75.538299472999938,6.2816153340000369],[-75.538268714999958,6.2816544560000693],[-75.538277452999978,6.28166000300007],[-75.538285132999988,6.2816636990000347],[-75.538317972999948,6.2816791580000313],[-75.538324768999985,6.28168207300007],[-75.53835950399997,6.2816465070000618],[-75.53833534499995,6.2816866120000441],[-75.538398833999963,6.281713858000046],[-75.538413394999964,6.2817201080000586],[-75.53841482699994,6.2817207220000455],[-75.538466043999961,6.2817436320000297],[-75.538471697999967,6.281734990000075],[-75.538490551999985,6.2817439420000483],[-75.538513222999939,6.2817537600000719],[-75.538527230999989,6.2817386430000397],[-75.538554907999981,6.2816981930000679],[-75.538557879999985,6.2816853090000677],[-75.538572916999954,6.2816869720000454],[-75.538607458999934,6.2816878160000442],[-75.538600890999987,6.2817041880000488],[-75.538592191999953,6.2817280890000688],[-75.538614389999964,6.2817371970000409],[-75.53861802199998,6.2817350940000551],[-75.538620277999939,6.2817368140000553],[-75.538635239999962,6.2817248430000632],[-75.538632088999975,6.2817458190000366]]],[[[-75.539053151999951,6.2819300970000427],[-75.539056100999971,6.281942066000056],[-75.539058236999949,6.2819506580000279],[-75.539059092999935,6.2819540990000746],[-75.539063194999983,6.2819711550000648],[-75.539068587999964,6.2819781380000563],[-75.539072487999988,6.2819867390000468],[-75.539078838999956,6.2819972960000428],[-75.539080027999944,6.2820032420000302],[-75.539371427999981,6.2820871060000627],[-75.539371551999977,6.2820871310000257],[-75.539372774999947,6.2820872830000667],[-75.539313135999976,6.2819105520000562],[-75.539212418999966,6.2819166510000741],[-75.539155025999946,6.281920125000056],[-75.539148750999971,6.281783330000053],[-75.539157306999982,6.2817262960000448],[-75.539162054999963,6.2816923690000408],[-75.539174503999959,6.2816637380000202],[-75.539196853999954,6.2816123370000696],[-75.539145988999962,6.2815894610000669],[-75.539136747999976,6.2815853030000426],[-75.539139147999947,6.2815786910000497],[-75.539100143999974,6.2815597710000475],[-75.53910340799996,6.2815513100000544],[-75.539141808999943,6.2815713680000727],[-75.539216645999943,6.2816043330000753],[-75.539178818999972,6.2816937180000423],[-75.539162333999968,6.2817840970000702],[-75.539167291999945,6.2818985610000482],[-75.539309055999979,6.2818947870000557],[-75.539315815999942,6.2817392190000305],[-75.539353118999941,6.281672813000057],[-75.539433841999937,6.2815784880000365],[-75.53937898099997,6.281545478000055],[-75.539254053999969,6.2815481530000739],[-75.539247838999984,6.2815305640000361],[-75.539210469999944,6.281433254000035],[-75.539221062999957,6.2814200810000216],[-75.539262462999943,6.2815334360000747],[-75.539390029999936,6.2815301890000228],[-75.53944256699998,6.2815675290000286],[-75.539472499999988,6.281518596000069],[-75.539530368999976,6.2814220810000734],[-75.539549305999969,6.2813265700000329],[-75.539564807999966,6.2812079030000518],[-75.539554062999969,6.281110199000068],[-75.539430467999978,6.2807024520000709],[-75.539429311999982,6.2807025120000617],[-75.539428160999989,6.28069484100007],[-75.539427300999989,6.2806920040000591],[-75.539399943999967,6.2806859460000624],[-75.539382559999979,6.2805884160000574],[-75.539333690999968,6.2805860120000716],[-75.539332633999948,6.28063280300006],[-75.539332578999961,6.2806744480000702],[-75.539356746999943,6.2806784430000562],[-75.539358277999952,6.2807206250000718],[-75.539331282999967,6.2807044170000381],[-75.539329150999947,6.2806817750000619],[-75.539310076999982,6.2806813740000393],[-75.539294504999987,6.2807252130000393],[-75.539266036999948,6.2807204150000757],[-75.53929458999994,6.2806748690000518],[-75.539112290999981,6.2806181110000239],[-75.539095452999959,6.2806142550000459],[-75.539038029999972,6.2805967830000213],[-75.539003134999973,6.2805861260000597],[-75.538994432999971,6.2806225270000482],[-75.538986057999978,6.2806247070000722],[-75.53896784799997,6.280613370000026],[-75.538952654999946,6.2806194390000201],[-75.538955545999954,6.2806051120000461],[-75.538961652999944,6.2805761270000744],[-75.538954400999955,6.2805725420000726],[-75.538954186999945,6.2805614260000766],[-75.538971950999951,6.2805637370000227],[-75.53897675099995,6.280536239000071],[-75.538948749999975,6.2805341700000668],[-75.538948424999944,6.2805225370000244],[-75.538950826999951,6.2805136610000432],[-75.538954571999966,6.2804983090000519],[-75.538956549999966,6.280493727000021],[-75.53896113899998,6.2804920120000247],[-75.53899688599995,6.2804909470000325],[-75.539011138999967,6.2804942090000395],[-75.539068447999966,6.280509152000036],[-75.539072989999966,6.2804392080000753],[-75.539123693999954,6.2804402390000291],[-75.539125465999973,6.2804401550000648],[-75.53913433799994,6.2804397300000687],[-75.539163417999987,6.2804385120000461],[-75.539175164999961,6.2803708470000288],[-75.539195177999943,6.2803656080000678],[-75.539199166999936,6.2803936090000434],[-75.53921914099999,6.2803931180000632],[-75.539231445999974,6.2803923250000366],[-75.539240255999971,6.2803917570000749],[-75.539253299999984,6.2803878380000242],[-75.539260077999984,6.2803872930000466],[-75.539264854999942,6.2803854460000252],[-75.539267347999953,6.2803803430000471],[-75.539290845999972,6.2803775960000507],[-75.539280830999985,6.2803005500000495],[-75.539258089999976,6.2803064350000568],[-75.539247319999959,6.2802311320000399],[-75.539235273999964,6.2802272350000408],[-75.539223862999961,6.2802339220000363],[-75.539223978999985,6.2802323790000401],[-75.539225804999944,6.2802243690000523],[-75.539227210999968,6.2802156120000632],[-75.539227638999989,6.2802129430000377],[-75.539227751999988,6.2802126260000364],[-75.539224235999939,6.2802057980000541],[-75.539231260999941,6.2802027540000722],[-75.539231298999937,6.2802026470000669],[-75.539233579999973,6.2801957520000542],[-75.539236783999968,6.2801860670000451],[-75.539237919999948,6.280180721000022],[-75.539239214999952,6.2801746310000226],[-75.539244992999954,6.2801628130000609],[-75.539209245999984,6.2800879100000202],[-75.539198991999967,6.2800323700000718],[-75.539176449999957,6.2800127490000364],[-75.53906436799997,6.2800384850000341],[-75.539022087999967,6.2800610550000329],[-75.539008423999974,6.2800281570000607],[-75.539030870999966,6.2800180830000727],[-75.539115165999988,6.2799711450000473],[-75.539135143999943,6.2799587090000273],[-75.539000860999977,6.2797100070000624],[-75.539021912999942,6.2796992810000347],[-75.538962878999939,6.2795957730000396],[-75.538949498999955,6.2795992220000585],[-75.538898269999947,6.2796206740000571],[-75.538852625999937,6.2796570000000429],[-75.538853005999954,6.2796652980000545],[-75.538826840999945,6.2796905440000614],[-75.538812376999942,6.2796744190000595],[-75.538770109999973,6.2796998160000612],[-75.538778179999952,6.2797216280000612],[-75.538759429999971,6.2797261800000683],[-75.53875170799995,6.2797194420000437],[-75.538688156999967,6.279752912000049],[-75.538690474999953,6.2797707140000512],[-75.538658242999986,6.2797826200000486],[-75.538628819999985,6.2797225550000348],[-75.538594817999979,6.279682929000046],[-75.53853909999998,6.2797423250000293],[-75.538497501999984,6.2796934270000406],[-75.538438644999985,6.2797307200000319],[-75.538449097999944,6.2797502470000381],[-75.53842975799995,6.2797628450000502],[-75.538420824999946,6.2797517010000661],[-75.538377274999959,6.2797900810000442],[-75.538359252999953,6.279803166000022],[-75.538348129999974,6.2797869740000465],[-75.538341773999946,6.2797917960000404],[-75.538338025999963,6.2797949390000554],[-75.538334146999944,6.2797968000000424],[-75.538283640999964,6.2798289100000488],[-75.538301801999978,6.2798569140000495],[-75.538324650999982,6.2798897070000521],[-75.538314813999989,6.2798956780000594],[-75.538290833999952,6.2798668380000322],[-75.538271707999968,6.2798898000000349],[-75.538285950999978,6.2799111190000758],[-75.538267647999987,6.2799215310000704],[-75.538280511999972,6.2799424040000531],[-75.538297891999946,6.2799664970000322],[-75.538294504999953,6.2799699820000683],[-75.538238942999953,6.2800161470000262],[-75.538246016999949,6.2800304290000213],[-75.538242800999967,6.2800319220000347],[-75.538232066999967,6.2800412490000213],[-75.538213975999952,6.2800237850000258],[-75.538160429999948,6.2800624090000383],[-75.538229456999943,6.2801283970000554],[-75.53823351799997,6.2801139310000735],[-75.538238732999957,6.280108609000024],[-75.538245012999937,6.2801151600000367],[-75.538257109999961,6.2801346790000707],[-75.538278952999974,6.2801258680000274],[-75.538280304999944,6.2801256920000696],[-75.538287069999967,6.2801248140000325],[-75.538295625999979,6.2801263260000724],[-75.538300557999946,6.2801309340000557],[-75.538301425999975,6.2801360710000722],[-75.538302934999933,6.2801450600000521],[-75.538303692999989,6.2801501630000303],[-75.538304622999988,6.2801565360000495],[-75.538304016999973,6.2801618100000383],[-75.538295937999976,6.2801731870000594],[-75.538289425999949,6.280176554000036],[-75.538285862999942,6.2801808670000696],[-75.538276988999939,6.2801871000000347],[-75.538272039999981,6.2801972660000729],[-75.538260101999981,6.280209138000032],[-75.538227202999963,6.2801595710000697],[-75.538217928999984,6.2801320360000545],[-75.538173311999969,6.2801754520000372],[-75.538125782999941,6.2802021310000669],[-75.538166640999975,6.2802626220000661],[-75.538136816999952,6.2802789730000654],[-75.538100913999983,6.2802371110000763],[-75.538088885999969,6.2802471770000352],[-75.538081511999962,6.2802370410000208],[-75.538030810999942,6.280292566000071],[-75.538040784999964,6.2803069880000635],[-75.538028360999988,6.2803234570000654],[-75.538098679999962,6.2803868370000373],[-75.538120764999974,6.2803638610000689],[-75.538124794999987,6.2803811170000472],[-75.538100893999967,6.2803940550000448],[-75.538113402999954,6.2804307550000544],[-75.538126292999948,6.2804285510000568],[-75.538162678999981,6.28042049000004],[-75.538143576999971,6.2803486040000394],[-75.538186487999951,6.2802972400000385],[-75.538219106999975,6.2803484950000552],[-75.538283115999945,6.280303712000034],[-75.538361751999958,6.2802552590000573],[-75.538365371999987,6.2802721150000593],[-75.538377110999988,6.2802968290000649],[-75.538346910999962,6.2803070670000238],[-75.538312554999948,6.2803143470000578],[-75.538348181999936,6.2804364640000472],[-75.538373460999935,6.2804279500000462],[-75.53837740299997,6.2804631490000702],[-75.538387384999965,6.2805190280000716],[-75.538400851999938,6.2805182200000331],[-75.538416316999985,6.2805856830000266],[-75.538398092999955,6.2805910360000325],[-75.538388417999954,6.2805626210000582],[-75.538328389999947,6.2805936850000421],[-75.538317891999952,6.2805986650000705],[-75.538317445999951,6.2806083740000531],[-75.538336424999954,6.280656815000043],[-75.538357259999941,6.2806473360000723],[-75.538366628999938,6.280679803000055],[-75.538382544999934,6.2806738660000292],[-75.538374337999983,6.2806902930000206],[-75.538441911999939,6.2806949990000476],[-75.538450302999934,6.2806952260000344],[-75.538448052999968,6.280685811000069],[-75.538448064999955,6.2806777130000455],[-75.538438321999934,6.2806483460000209],[-75.538434034999966,6.2806427900000585],[-75.538410963999979,6.2806557850000218],[-75.53840030899994,6.2806306450000307],[-75.538410122999949,6.2806242020000695],[-75.538400382999953,6.2805928560000552],[-75.538503054999978,6.2805707960000632],[-75.538468196999986,6.2804187340000226],[-75.538485028999958,6.2804063300000621],[-75.53866538799997,6.2803785730000641],[-75.538661338999987,6.2803483090000327],[-75.538684066999963,6.2803316020000466],[-75.538681541999949,6.2802961230000278],[-75.538705512999968,6.2803124590000721],[-75.538724555999977,6.2801969510000504],[-75.538637442999971,6.2801025100000629],[-75.538664480999955,6.2800983400000518],[-75.538653583999974,6.2800404790000357],[-75.538645620999944,6.2799875620000307],[-75.538611955999954,6.2799854120000305],[-75.538604137999982,6.2799625710000555],[-75.538593799999944,6.2799616080000646],[-75.538577877999955,6.2799511310000753],[-75.538557619999949,6.2799589410000749],[-75.538510640999959,6.2799661100000321],[-75.538552856999956,6.2799390780000408],[-75.538522855999986,6.2798891880000269],[-75.538537295999959,6.2798715800000764],[-75.538573243999963,6.2799215700000559],[-75.538636274999988,6.2798593940000274],[-75.538627327999961,6.2798517150000635],[-75.538673099999983,6.2798265060000631],[-75.538729545999956,6.2798113220000573],[-75.538719061999984,6.2798216560000242],[-75.538740360999952,6.2798674540000547],[-75.538744011999938,6.2798779690000401],[-75.538722399999983,6.2798932070000433],[-75.538754360999974,6.2799402690000647],[-75.538758118999965,6.2799375020000525],[-75.538763133999964,6.2799408570000423],[-75.538739204999956,6.2799490620000711],[-75.538753450999934,6.2800238510000668],[-75.538756197999987,6.2800727260000713],[-75.538765110999975,6.2800714050000579],[-75.53876656999995,6.2800846600000568],[-75.538770592999981,6.2801005990000363],[-75.538751543999979,6.2801054630000408],[-75.538750977999939,6.2801243850000219],[-75.538750181999944,6.2801397180000436],[-75.53874818099996,6.2801530650000359],[-75.538749442999972,6.2801607160000685],[-75.53875007399995,6.2801645420000227],[-75.538750704999984,6.2801683690000232],[-75.538750835999963,6.2801774940000428],[-75.538751177999984,6.2801878990000546],[-75.538748987999952,6.2802078250000477],[-75.538749134999989,6.2802169600000752],[-75.538750464999964,6.2802548240000533],[-75.538747935999936,6.2802643610000359],[-75.538750858999947,6.2802848240000344],[-75.538751375999936,6.2802952610000489],[-75.538751225999988,6.2803018580000298],[-75.538755211999955,6.2803448450000587],[-75.538787071999934,6.2803454920000377],[-75.538786094999978,6.2803815270000314],[-75.538785276999988,6.2804162450000263],[-75.538850219999972,6.2804156010000725],[-75.538848302999952,6.2804271270000527],[-75.538786492999975,6.2804295650000768],[-75.538778197999989,6.280467374000068],[-75.538777858999936,6.2805412480000768],[-75.538830099999984,6.2805442460000336],[-75.538829443999987,6.2805520240000305],[-75.538828383999942,6.2805535540000506],[-75.538825601999974,6.2805604990000461],[-75.538806191999981,6.2805587840000499],[-75.538804251999977,6.2805655390000652],[-75.538741702999971,6.2805513640000754],[-75.538737885999979,6.2805590530000472],[-75.538733480999952,6.280552746000069],[-75.538739351999936,6.2805440650000719],[-75.538740939999968,6.2805189670000345],[-75.538749358999951,6.2804346810000311],[-75.538748325999961,6.2804251440000485],[-75.538695336999979,6.2804156940000553],[-75.538684956999987,6.2804687920000219],[-75.538674650999951,6.2805238860000259],[-75.538674022999942,6.280532580000056],[-75.538645938999935,6.2805366930000446],[-75.538642853999988,6.2805535630000691],[-75.538641646999963,6.2805749690000425],[-75.538640258999976,6.2805859130000385],[-75.538637594999955,6.2806129070000338],[-75.53862658099996,6.2806279950000317],[-75.538599378999947,6.2806591420000473],[-75.538573672999973,6.2806885680000732],[-75.538638918999936,6.280716549000033],[-75.538602892999961,6.2808146150000539],[-75.538554351999949,6.2808069530000239],[-75.538555718999987,6.2807771840000441],[-75.538556748999952,6.2807687340000484],[-75.538558078999984,6.2807616540000595],[-75.538558291999948,6.2807560800000601],[-75.538557903999958,6.2807256620000658],[-75.538512701999935,6.2807285140000317],[-75.538511850999953,6.2807563220000588],[-75.538490974999945,6.2807575750000524],[-75.538479995999978,6.2807583940000313],[-75.538477910999973,6.2807760650000546],[-75.538466062999987,6.2807739840000636],[-75.538466552999978,6.2807394320000753],[-75.538453328999935,6.2807372440000222],[-75.538438410999959,6.2807339750000324],[-75.538432654999951,6.2807338380000601],[-75.538427719999959,6.2807332040000574],[-75.538409196999964,6.2807317730000705],[-75.538391446999981,6.2807295630000226],[-75.538389640999981,6.2807470440000657],[-75.538372871999968,6.2807472900000221],[-75.538378124999952,6.2807167600000753],[-75.538341018999972,6.2807226020000257],[-75.538337461999959,6.2807000080000535],[-75.538313784999957,6.2807010170000694],[-75.538310220999961,6.2807120570000734],[-75.538288662999946,6.2807080490000544],[-75.538288251999973,6.2806872310000585],[-75.538286898999957,6.2806795300000431],[-75.538287335999939,6.2806742510000504],[-75.538288655999963,6.2806662580000534],[-75.538288131999934,6.2806547000000705],[-75.53829178999996,6.2806399750000423],[-75.53824078699995,6.2806342460000337],[-75.538235104999956,6.2806153540000764],[-75.538211958999966,6.2806228700000588],[-75.538200425999946,6.2806179900000529],[-75.53824162799998,6.2805918880000604],[-75.538239279999971,6.2805880340000613],[-75.538184267999952,6.2805223900000442],[-75.538155372999938,6.2805497680000713],[-75.538148901999989,6.2805327880000732],[-75.538132060999942,6.2805418010000267],[-75.538133864999963,6.2805497060000448],[-75.538141789999941,6.2805629950000252],[-75.538137248999988,6.2805645350000532],[-75.538164397999935,6.2806835180000462],[-75.538165795999987,6.2806896360000337],[-75.53817715699995,6.280737873000021],[-75.538184735999948,6.2807709160000513],[-75.538210999999933,6.2808854140000676],[-75.538218210999958,6.2809176170000569],[-75.538227361999986,6.2809183170000438],[-75.538257641999962,6.2809208480000507],[-75.538257634999979,6.2809221430000548],[-75.538257571999964,6.2809330120000482],[-75.538263596999968,6.2809343520000311],[-75.53826283899997,6.2809394850000331],[-75.538259640999968,6.2809526620000611],[-75.538258091999978,6.2809615360000635],[-75.538252367999974,6.2809935520000408],[-75.538271018999978,6.2809989370000494],[-75.538268354999957,6.2810137960000247],[-75.538266259999943,6.2810283730000265],[-75.538317207999967,6.2810408300000518],[-75.53831159799995,6.2810697000000459],[-75.538284308999948,6.2810650820000546],[-75.538281360999974,6.281107564000024],[-75.53830832899996,6.2811088140000493],[-75.538312146999942,6.2810823400000686],[-75.538366302999975,6.2810978520000731],[-75.538374027999964,6.2810619290000318],[-75.538379636999935,6.2810452590000523],[-75.538388641999973,6.2810374300000262],[-75.538391015999935,6.281038077000062],[-75.53840050499997,6.2810430690000203],[-75.538400463999949,6.2810464210000418],[-75.53838714799997,6.2810807060000684],[-75.538367887999982,6.2811099200000626],[-75.53835586699995,6.2811275900000396],[-75.538362396999958,6.2811303470000439],[-75.538400661999958,6.2811550050000733],[-75.538409042999945,6.2811549200000627],[-75.538433471999952,6.2811058180000714],[-75.538447944999973,6.2811160760000462],[-75.538453219999951,6.2811197430000334],[-75.538457063999942,6.2811235460000603],[-75.538452951999943,6.281137693000062],[-75.53844634099994,6.2811478520000605],[-75.53844722499997,6.2811518980000756],[-75.53844811099998,6.2811559490000377],[-75.538449884999977,6.2811640650000413],[-75.538447761999976,6.2811705700000289],[-75.53846127199995,6.2811764270000481],[-75.538459988999989,6.2811897600000748],[-75.53843255399994,6.2811743090000505],[-75.538388812999983,6.2811527590000651],[-75.538374931999954,6.2811833280000542],[-75.538370655999984,6.2811912460000485],[-75.538359680999974,6.2811846660000583],[-75.538319514999955,6.2812407950000306],[-75.538329213999987,6.2812468350000472],[-75.538340783999956,6.2812543480000613],[-75.538345853999942,6.281258145000038],[-75.538350579999985,6.2812605000000303],[-75.538354277999986,6.2812644410000757],[-75.538381889999982,6.281282908000037],[-75.538396311999975,6.2812900360000299],[-75.538388651999981,6.2812998420000667],[-75.538373758999967,6.2813014570000405],[-75.538356237999949,6.2813343250000457],[-75.538366513999961,6.2813436510000429],[-75.538350369999989,6.2814051670000595],[-75.538347364999936,6.281421377000072],[-75.538366919999987,6.2814274520000595],[-75.538360363999971,6.2814529330000255],[-75.538349376999975,6.2814653260000455],[-75.538329835999946,6.2814593130000276],[-75.538325932999953,6.2815047700000264],[-75.538325011999973,6.281516239000041],[-75.53836720399994,6.2815257200000474],[-75.538399852999987,6.2814563580000708],[-75.538402652999935,6.2814321630000336],[-75.538434270999971,6.2813828190000436],[-75.538438246999988,6.281373694000024],[-75.538452935999942,6.2813281770000344],[-75.538464019999935,6.2812959900000465],[-75.538513424999962,6.2812295720000293],[-75.53851973899998,6.2811965440000677],[-75.538503752999986,6.2811888890000205],[-75.538510681999981,6.2811406400000465],[-75.538503306999985,6.2811373500000514],[-75.538516219999963,6.281117221000045],[-75.538504063999937,6.2811071860000425],[-75.53849717099996,6.2811160770000356],[-75.538492576999943,6.2811220040000535],[-75.538483901999939,6.2811279170000489],[-75.538476599999967,6.2811246330000472],[-75.538473647999979,6.2811248640000485],[-75.538465418999976,6.2811214270000733],[-75.538467824999941,6.2811129200000551],[-75.538471351999988,6.2811029450000433],[-75.538473605999968,6.2810999880000509],[-75.538477841999963,6.2810927530000527],[-75.538483234999944,6.2810840560000543],[-75.538485198999979,6.2810797730000445],[-75.538487695999947,6.2810713600000554],[-75.538489683999956,6.281067093000047],[-75.538492509999969,6.2810600310000382],[-75.538515794999967,6.281029563000061],[-75.538525014999948,6.2809984430000441],[-75.538539413999956,6.2809499250000727],[-75.538578647999941,6.2809515020000504],[-75.538582935999955,6.2809239270000603],[-75.538637677999986,6.2809327120000376],[-75.53859067999997,6.2810198600000717],[-75.538633493999953,6.2810332250000442],[-75.538614526999936,6.2810629150000636],[-75.538575705999961,6.2811215960000482],[-75.538629003999972,6.2811529190000215],[-75.538650659999973,6.2811155400000303],[-75.538680814999964,6.2810648370000308],[-75.538666475999946,6.2810509080000543],[-75.53868793099997,6.2810134930000459],[-75.538701397999944,6.2810216530000389],[-75.538690006999957,6.281046113000059],[-75.538723768999944,6.2810654250000653],[-75.538757246999978,6.2810104140000362],[-75.538774795999984,6.2810127970000735],[-75.538768576999985,6.2810301020000452],[-75.538793578999957,6.2810359080000353],[-75.538802688999965,6.2810325410000587],[-75.538813058999949,6.2810517710000227],[-75.53877549799995,6.2811168040000211],[-75.538764533999938,6.2811111310000456],[-75.538735033999956,6.2811766890000627],[-75.538717327999962,6.2811987110000587],[-75.538767980999978,6.2812461760000247],[-75.538772890999951,6.2812414910000598],[-75.538787720999949,6.2812482740000632],[-75.538811984999938,6.2812223810000205],[-75.538839204999988,6.2811846830000491],[-75.538832257999957,6.2811647000000335],[-75.538841252999987,6.2811547850000693],[-75.538821446999975,6.2811435280000296],[-75.538848775999952,6.2810960340000292],[-75.538873898999952,6.2811164410000515],[-75.538882118999936,6.2811145320000605],[-75.538892281999949,6.281108611000036],[-75.538893864999977,6.2811084580000625],[-75.538903896999955,6.2811135220000551],[-75.538908486999958,6.2811164090000489],[-75.538900866999938,6.2811289950000742],[-75.538884813999971,6.2811640070000294],[-75.538925920999986,6.2811778460000482],[-75.538902251999957,6.2812156910000567],[-75.538875336999979,6.2811988000000269],[-75.538860782999961,6.2811895450000748],[-75.53885752399998,6.2811897980000708],[-75.538845341999945,6.2812030330000539],[-75.538809694999941,6.2812588610000262],[-75.538847331999989,6.2812781470000232],[-75.538863039999967,6.2812542530000428],[-75.538891705999959,6.2812176070000305],[-75.538902151999935,6.2812244120000287],[-75.53891121099997,6.2812276580000344],[-75.53891865099996,6.2812319820000653],[-75.538926780999986,6.2812326260000759],[-75.538933222999958,6.2812371260000646],[-75.538943243999938,6.2812421670000731],[-75.53895099999994,6.2812473910000222],[-75.538965865999955,6.2812528940000334],[-75.538977762999934,6.2812452190000272],[-75.538989374999971,6.281246976000034],[-75.538996432999966,6.2812492780000753],[-75.53900092899994,6.2812487050000527],[-75.539006097999959,6.2812497180000264],[-75.539012801999945,6.2812505510000278],[-75.539020106999942,6.2812529400000585],[-75.53902930299995,6.2812518600000544],[-75.539031860999955,6.2812418180000691],[-75.539034070999946,6.2812350830000696],[-75.539038062999964,6.281232995000039],[-75.539038734999963,6.2812264600000276],[-75.539041464999968,6.281221275000064],[-75.539044145999981,6.2812160850000396],[-75.539049400999943,6.2812057030000688],[-75.539050274999965,6.2812039770000752],[-75.539054050999937,6.2811938430000396],[-75.539056154999969,6.2811872000000335],[-75.539056788999972,6.2811807720000274],[-75.539057105999973,6.2811775630000284],[-75.539059614999985,6.2811710820000712],[-75.539064370999938,6.281161356000041],[-75.539067043999978,6.2811549480000508],[-75.539072665999981,6.2811481610000328],[-75.539077691999978,6.2811431450000441],[-75.539088595999942,6.2811346690000391],[-75.539096506999954,6.2811324880000257],[-75.539104972999951,6.2811317790000203],[-75.539117272999988,6.2811322300000256],[-75.539126738999983,6.2811344450000206],[-75.539141892999965,6.2811377210000501],[-75.53915718099995,6.2811480420000407],[-75.539172852999968,6.2811586600000737],[-75.539185379999935,6.2811429770000586],[-75.539194368999972,6.2811314090000678],[-75.539204191999943,6.2811225870000271],[-75.539219141999979,6.2810975620000704],[-75.539222867999968,6.2810894450000205],[-75.53921625199996,6.2810853230000703],[-75.539208719999976,6.2810769610000534],[-75.539163026999972,6.2810536880000427],[-75.539172441999938,6.2810293140000226],[-75.539175415999978,6.2810230510000338],[-75.539177950999942,6.2810153690000448],[-75.539182052999934,6.2810075080000729],[-75.539183186999935,6.2810059000000251],[-75.539189108999949,6.2809992550000402],[-75.539194375999955,6.2809956440000292],[-75.53922825099994,6.2809979820000308],[-75.539233379999985,6.2809820540000487],[-75.539242883999975,6.2809842460000596],[-75.53926772899996,6.281001629000059],[-75.539281820999975,6.280985170000065],[-75.539295153999944,6.2809595930000341],[-75.539317009999934,6.2809703970000328],[-75.539305964999983,6.2810343990000206],[-75.539331654999955,6.2810374480000633],[-75.539340395999943,6.2810444940000707],[-75.539322118999962,6.2810759970000731],[-75.539283370999954,6.2811756720000744],[-75.539274392999971,6.2811945160000278],[-75.539260252999952,6.2811831050000251],[-75.539251984999964,6.281202148000034],[-75.539246855999977,6.2812180770000623],[-75.539259730999959,6.2812265730000263],[-75.539234618999956,6.2812512590000438],[-75.539220909999983,6.2812362270000222],[-75.539200973999982,6.2812501070000621],[-75.539229835999947,6.2812118530000589],[-75.539163809999934,6.2811587040000632],[-75.539144832999966,6.281201023000051],[-75.539121721999948,6.2812387010000634],[-75.539148065999939,6.281256714000051],[-75.539140232999955,6.2812695960000724],[-75.539131527999984,6.2812828000000422],[-75.539108198999941,6.2812755100000572],[-75.53908484699997,6.2812950920000503],[-75.539055512999937,6.2813385070000436],[-75.539067547999935,6.2813478740000619],[-75.539048837999985,6.2813809480000486],[-75.539048142999945,6.281407950000073],[-75.538988179999933,6.2813733490000345],[-75.53896300599996,6.2814225020000549],[-75.538941663999935,6.2814611310000714],[-75.53887853699996,6.2814405980000743],[-75.538864246999935,6.2814384080000423],[-75.538851325999985,6.2814393260000543],[-75.53883906599998,6.2814385960000436],[-75.538825648999989,6.2814406900000677],[-75.538822560999961,6.2814820000000395],[-75.538818396999943,6.2815275380000344],[-75.538817957999981,6.2815546200000654],[-75.538817280999979,6.2815680020000286],[-75.538818442999968,6.2815821700000356],[-75.538826889999939,6.2815837080000279],[-75.538845807999962,6.2815855360000228],[-75.538839831999951,6.2815965330000267],[-75.538858226999935,6.2816035730000408],[-75.538884551999956,6.2816072840000743],[-75.538884139999936,6.28159839500006],[-75.538888578999945,6.2815899900000431],[-75.538898492999976,6.2815899070000683],[-75.538902956999948,6.2815600320000726],[-75.538907118999987,6.2815142200000764],[-75.538928502999966,6.2815164690000529],[-75.538936455999988,6.2815173680000385],[-75.538940313999944,6.2814976870000692],[-75.538948578999964,6.2814742590000492],[-75.539001002999953,6.2815107690000218],[-75.53901634999994,6.2814917530000685],[-75.539046277999944,6.2815036730000315],[-75.539027875999977,6.2815355710000631],[-75.539024074999986,6.281558895000046],[-75.539018968999983,6.2815797600000565],[-75.539004618999968,6.281589274000055],[-75.539006538999956,6.2816160150000542],[-75.53905238699997,6.2816212450000535],[-75.539116760999946,6.281628367000053],[-75.539105607999943,6.2816454220000537],[-75.539092873999948,6.2816640850000454],[-75.539078094999979,6.2816687260000208],[-75.539056485999936,6.2816648980000309],[-75.539057337999964,6.281647342000042],[-75.539029390999985,6.2816514960000518],[-75.539019570999983,6.2816968590000215],[-75.538999215999979,6.2816962190000254],[-75.538986701999988,6.2817176100000438],[-75.538973246999944,6.2817579390000446],[-75.538936787999944,6.2817553740000562],[-75.538929020999944,6.2817924290000633],[-75.538954265999962,6.2817994360000284],[-75.538958868999941,6.2817806510000764],[-75.538970370999948,6.2817840970000702],[-75.538981492999937,6.2817913010000552],[-75.53899050299998,6.2817951130000438],[-75.539015611999957,6.2817951950000293],[-75.539025331999937,6.2817984200000296],[-75.539029303999939,6.2818000410000536],[-75.539041911999959,6.2818071260000465],[-75.539052690999938,6.2818091040000468],[-75.539072447999956,6.2818144920000236],[-75.539078598999936,6.2818045590000224],[-75.539081908999947,6.2818052060000582],[-75.539087644999938,6.2818067400000359],[-75.539095799999984,6.2818100770000456],[-75.539092998999934,6.2818141180000566],[-75.539094388999956,6.2818182240000624],[-75.539092506999964,6.281825637000054],[-75.539077419999956,6.2818226940000272],[-75.539075303999937,6.2818358280000552],[-75.539067827999986,6.2818356670000526],[-75.539062802999979,6.2818455380000273],[-75.539055347999977,6.2818483020000713],[-75.539056725999956,6.2818587130000765],[-75.539055437999934,6.281870002000062],[-75.539055775999941,6.2818716200000608],[-75.539056785999946,6.2818833670000345],[-75.539057380999964,6.2818934380000542],[-75.539053296999953,6.2818999100000497],[-75.53905029799995,6.2819030910000606],[-75.53904855199994,6.2819113660000312],[-75.539050221999958,6.2819181690000505],[-75.539053151999951,6.2819300970000427]],[[-75.538472135999939,6.2799982470000373],[-75.538470414999949,6.2799884120000229],[-75.538504252999985,6.2799691230000576],[-75.53852967499995,6.2799680990000297],[-75.538532394999947,6.2799677220000376],[-75.538552734999939,6.2799644450000756],[-75.538539672999946,6.2799834290000263],[-75.538523074999944,6.279987386000073],[-75.538553235999984,6.2801018180000483],[-75.53855557299994,6.2801090460000637],[-75.538530141999956,6.2801202540000531],[-75.538543716999982,6.2801715610000315],[-75.538493519999975,6.2801822090000314],[-75.538499761999958,6.2802122290000284],[-75.538503180999953,6.2802246460000219],[-75.538491893999947,6.2802253080000696],[-75.538489358999982,6.2802274800000646],[-75.538485099999946,6.280262116000074],[-75.538468421999937,6.2802663100000586],[-75.538467826999977,6.2802786560000641],[-75.538469074999966,6.2802852570000596],[-75.538471099999981,6.2802958410000542],[-75.538471353999967,6.2802971640000465],[-75.538472620999983,6.2803037860000472],[-75.538474096999948,6.2803117160000284],[-75.538475308999978,6.2803183210000384],[-75.538477005999937,6.2803275740000686],[-75.538478461999944,6.2803355100000431],[-75.538479676999941,6.2803421280000293],[-75.538481915999967,6.2803540770000268],[-75.538483264999968,6.2803607730000408],[-75.538484736999976,6.2803699420000498],[-75.538485787999946,6.2803764930000625],[-75.538486629999966,6.2803817340000592],[-75.538487681999982,6.2803882880000401],[-75.538462935999974,6.2804087440000558],[-75.538444484999957,6.2804128240000523],[-75.538439616999938,6.2804024050000749],[-75.538423823999949,6.2803408180000702],[-75.538411588999963,6.2802910500000735],[-75.538381733999984,6.2802965500000596],[-75.538365855999984,6.2802539540000453],[-75.538396859999978,6.2802370940000287],[-75.53838594299998,6.2802109270000415],[-75.538401316999966,6.2802026260000616],[-75.538411953999969,6.2802239110000642],[-75.538455038999984,6.2801892950000706],[-75.538438879999944,6.2801078440000424],[-75.538346052999941,6.2801395270000739],[-75.538328074999981,6.2801446280000732],[-75.538297339999986,6.2801111010000454],[-75.538355535999983,6.2800858830000266],[-75.538371666999979,6.2800747510000292],[-75.538368279999986,6.2800649990000466],[-75.538398993999976,6.2800412000000279],[-75.538418182999976,6.2800249120000444],[-75.538429230999952,6.2800272340000447],[-75.538437729999941,6.2800168280000435],[-75.538442363999934,6.2800230570000508],[-75.538472135999939,6.2799982470000373]]]]},"properties":{"OBJECTID":1179,"Año":2025,"Tipo":"Poligono construcciones ","Aream2":21494.552807262971,"lenght":3253.2147184595733,"Ubicacion":null}},{"type":"Feature","id":1180,"geometry":{"type":"MultiPolygon","coordinates":[[[[-75.538423823999949,6.2803408180000702],[-75.538439616999938,6.2804024050000749],[-75.538444484999957,6.2804128240000523],[-75.538462935999974,6.2804087440000558],[-75.538487680999935,6.2803882880000401],[-75.538486629999966,6.2803817340000592],[-75.538485786999956,6.2803764930000625],[-75.538484736999976,6.2803699420000498],[-75.538483264999968,6.2803607730000408],[-75.538481915999967,6.2803540770000268],[-75.538479675999952,6.2803421290000756],[-75.538478461999944,6.2803355100000431],[-75.538477005999937,6.2803275740000686],[-75.538475308999978,6.2803183210000384],[-75.538474096999948,6.2803117150000389],[-75.538472620999983,6.2803037860000472],[-75.538471353999967,6.280297163000057],[-75.538471099999981,6.2802958410000542],[-75.538469074999966,6.2802852570000596],[-75.538467826999977,6.2802786550000747],[-75.538468421999937,6.2802663100000586],[-75.538485098999956,6.280262116000074],[-75.538489358999982,6.2802274800000646],[-75.538491893999947,6.2802253080000696],[-75.538503179999964,6.2802246460000219],[-75.538499761999958,6.2802122300000747],[-75.538493519999975,6.2801822090000314],[-75.538543716999982,6.2801715610000315],[-75.538530141999956,6.2801202540000531],[-75.53855557299994,6.2801090460000637],[-75.538553235999984,6.2801018180000483],[-75.538523074999944,6.279987386000073],[-75.538539673999935,6.2799834290000263],[-75.538552735999986,6.279964446000065],[-75.538532394999947,6.2799677220000376],[-75.53852967499995,6.2799680990000297],[-75.538504251999939,6.2799691230000576],[-75.538470414999949,6.2799884130000692],[-75.538472135999939,6.2799982470000373],[-75.538442363999934,6.2800230560000614],[-75.538437729999941,6.2800168280000435],[-75.538429230999952,6.2800272340000447],[-75.538418182999976,6.2800249120000444],[-75.538398993999976,6.2800412000000279],[-75.53836827899994,6.2800649990000466],[-75.538371666999979,6.2800747510000292],[-75.538355535999983,6.2800858830000266],[-75.538297339999986,6.2801111010000454],[-75.538328074999981,6.2801446290000627],[-75.538346052999941,6.2801395270000739],[-75.538438879999944,6.2801078440000424],[-75.538455038999984,6.2801892950000706],[-75.538411953999969,6.2802239110000642],[-75.538401316999966,6.2802026260000616],[-75.53838594299998,6.2802109270000415],[-75.538396859999978,6.2802370930000393],[-75.538365855999984,6.2802539540000453],[-75.538381733999984,6.2802965500000596],[-75.538411589999953,6.2802910500000735],[-75.538423823999949,6.2803408180000702]]],[[[-75.539266035999958,6.2807204150000757],[-75.539294504999987,6.2807252130000393],[-75.539310075999936,6.2806813740000393],[-75.539329150999947,6.2806817750000619],[-75.539331281999978,6.2807044170000381],[-75.539358277999952,6.2807206250000718],[-75.539356747999989,6.2806784430000562],[-75.539332577999971,6.2806744480000702],[-75.539332633999948,6.28063280300006],[-75.539333691999957,6.2805860120000716],[-75.539382559999979,6.2805884160000574],[-75.539399943999967,6.2806859460000624],[-75.539427300999989,6.2806920040000591],[-75.53937978099998,6.2805352310000444],[-75.539275791999955,6.2802034880000406],[-75.539235272999974,6.2802272350000408],[-75.539247319999959,6.2802311330000293],[-75.539258089999976,6.2803064350000568],[-75.539280829999939,6.2803005500000495],[-75.539290845999972,6.2803775960000507],[-75.539267347999953,6.2803803430000471],[-75.539264854999942,6.2803854460000252],[-75.539260077999984,6.2803872930000466],[-75.539253299999984,6.2803878390000705],[-75.53924025699996,6.2803917570000749],[-75.539231445999974,6.2803923250000366],[-75.53921914099999,6.2803931180000632],[-75.539199166999936,6.2803936090000434],[-75.539195177999943,6.2803656080000678],[-75.539175164999961,6.2803708470000288],[-75.539163417999987,6.2804385120000461],[-75.53913433799994,6.2804397290000225],[-75.539125464999984,6.2804401550000648],[-75.539123694999944,6.2804402380000397],[-75.539072989999966,6.2804392090000647],[-75.539068447999966,6.280509152000036],[-75.539011138999967,6.2804942090000395],[-75.53899688599995,6.2804909470000325],[-75.53896113899998,6.2804920110000353],[-75.538956549999966,6.280493727000021],[-75.538954571999966,6.2804983090000519],[-75.538950826999951,6.2805136610000432],[-75.538948424999944,6.2805225370000244],[-75.538948749999975,6.2805341700000668],[-75.53897675099995,6.280536239000071],[-75.538971950999951,6.280563738000069],[-75.538954186999945,6.2805614260000766],[-75.538954400999955,6.2805725420000726],[-75.538961652999944,6.2805761270000744],[-75.538955545999954,6.2806051120000461],[-75.538952653999957,6.2806194390000201],[-75.53896784799997,6.280613370000026],[-75.538986058999967,6.2806247070000722],[-75.538994432999971,6.2806225270000482],[-75.539003134999973,6.2805861260000597],[-75.539038029999972,6.2805967830000213],[-75.539095452999959,6.2806142550000459],[-75.539112290999981,6.2806181110000239],[-75.53929458999994,6.2806748690000518],[-75.539266035999958,6.2807204150000757]]],[[[-75.538558291999948,6.2807560790000707],[-75.538558077999937,6.2807616530000701],[-75.538556748999952,6.2807687340000484],[-75.538555718999987,6.2807771850000336],[-75.538554352999938,6.2808069530000239],[-75.538602893999951,6.2808146150000539],[-75.538638918999936,6.2807165500000224],[-75.538573672999973,6.2806885680000732],[-75.538599378999947,6.2806591420000473],[-75.53862658099996,6.2806279940000422],[-75.538637594999955,6.2806129060000444],[-75.538640258999976,6.2805859130000385],[-75.538641646999963,6.2805749690000425],[-75.538642853999988,6.2805535630000691],[-75.538645938999935,6.2805366930000446],[-75.538674022999942,6.280532580000056],[-75.538674650999951,6.2805238860000259],[-75.538684957999976,6.2804687920000219],[-75.538695336999979,6.2804156930000659],[-75.538748325999961,6.2804251440000485],[-75.538749358999951,6.2804346810000311],[-75.538740939999968,6.2805189670000345],[-75.538739351999936,6.2805440640000256],[-75.538733480999952,6.280552746000069],[-75.538737885999979,6.2805590530000472],[-75.538741702999971,6.2805513640000754],[-75.538804251999977,6.2805655380000758],[-75.538806191999981,6.2805587830000604],[-75.538825601999974,6.2805604980000567],[-75.538828383999942,6.2805535540000506],[-75.538829443999987,6.2805520240000305],[-75.538830099999984,6.2805442460000336],[-75.538777857999946,6.2805412480000768],[-75.538778197999989,6.280467374000068],[-75.538786492999975,6.2804295650000768],[-75.538848302999952,6.2804271270000527],[-75.538850219999972,6.2804156010000725],[-75.538785276999988,6.2804162450000263],[-75.538786093999988,6.2803815270000314],[-75.538787071999934,6.2803454910000482],[-75.538755212999945,6.2803448460000482],[-75.538751225999988,6.2803018580000298],[-75.538751375999936,6.2802952610000489],[-75.538750858999947,6.2802848240000344],[-75.538747935999936,6.2802643620000254],[-75.538750464999964,6.2802548240000533],[-75.538749134999989,6.2802169600000752],[-75.538748986999963,6.2802078250000477],[-75.538751177999984,6.2801878990000546],[-75.538750835999963,6.2801774930000533],[-75.538750704999984,6.2801683690000232],[-75.53875007399995,6.2801645420000227],[-75.538749442999972,6.2801607160000685],[-75.53874818099996,6.2801530650000359],[-75.538750181999944,6.2801397170000541],[-75.538750977999939,6.2801243860000682],[-75.538751542999989,6.2801054630000408],[-75.538770593999971,6.2801005990000363],[-75.53876656999995,6.2800846600000568],[-75.538765110999975,6.2800714050000579],[-75.538756197999987,6.2800727260000713],[-75.53875345199998,6.2800238510000668],[-75.538739204999956,6.2799490620000711],[-75.538763133999964,6.2799408570000423],[-75.538758118999965,6.2799375020000525],[-75.538754360999974,6.2799402690000647],[-75.538722399999983,6.2798932070000433],[-75.538744011999938,6.2798779690000401],[-75.538740359999963,6.2798674540000547],[-75.538719062999974,6.2798216560000242],[-75.538729545999956,6.2798113220000573],[-75.538673099999983,6.2798265060000631],[-75.538627326999972,6.2798517150000635],[-75.538636274999988,6.2798593940000274],[-75.538573244999952,6.2799215700000559],[-75.538537295999959,6.2798715800000764],[-75.538522855999986,6.2798891890000732],[-75.538552856999956,6.2799390780000408],[-75.538510640999959,6.2799661100000321],[-75.538557620999939,6.2799589410000749],[-75.538577877999955,6.279951130000029],[-75.538593799999944,6.2799616080000646],[-75.538604136999936,6.2799625720000449],[-75.538611955999954,6.2799854120000305],[-75.538645619999954,6.2799875620000307],[-75.538653583999974,6.2800404790000357],[-75.538664480999955,6.2800983400000518],[-75.538637442999971,6.2801025100000629],[-75.538724555999977,6.2801969510000504],[-75.538705511999979,6.2803124590000721],[-75.538681541999949,6.2802961230000278],[-75.538684066999963,6.2803316020000466],[-75.538661338999987,6.2803483090000327],[-75.53866538799997,6.2803785740000535],[-75.538485027999968,6.2804063290000727],[-75.538468196999986,6.2804187350000689],[-75.538503054999978,6.2805707960000632],[-75.538400382999953,6.2805928560000552],[-75.538410122999949,6.2806242020000695],[-75.53840030899994,6.2806306450000307],[-75.538410963999979,6.2806557840000323],[-75.538434034999966,6.2806427900000585],[-75.538438320999944,6.2806483460000209],[-75.538448064999955,6.2806777130000455],[-75.538448052999968,6.280685811000069],[-75.538450302999934,6.2806952270000238],[-75.53844191099995,6.2806949980000581],[-75.538374337999983,6.2806902930000206],[-75.538382544999934,6.2806738650000398],[-75.538366628999938,6.280679803000055],[-75.538357259999941,6.2806473360000723],[-75.538336424999954,6.2806568160000324],[-75.538317445999951,6.2806083740000531],[-75.538317891999952,6.2805986650000705],[-75.538328390999936,6.2805936850000421],[-75.538388418999943,6.2805626210000582],[-75.538398092999955,6.2805910360000325],[-75.538416316999985,6.2805856830000266],[-75.538400851999938,6.2805182200000331],[-75.538387383999975,6.2805190280000716],[-75.53837740299997,6.2804631500000596],[-75.538373459999946,6.2804279500000462],[-75.538348181999936,6.2804364640000472],[-75.538312554999948,6.2803143470000578],[-75.538346910999962,6.2803070670000238],[-75.538377110999988,6.2802968290000649],[-75.538365371999987,6.2802721160000488],[-75.538361751999958,6.2802552600000467],[-75.538283114999956,6.2803037110000446],[-75.538219106999975,6.2803484950000552],[-75.538186487999951,6.2802972400000385],[-75.538143575999982,6.2803486040000394],[-75.538162678999981,6.28042049000004],[-75.538126292999948,6.2804285520000462],[-75.538113402999954,6.2804307550000544],[-75.538100893999967,6.2803940560000342],[-75.538124794999987,6.2803811170000472],[-75.538120763999984,6.2803638610000689],[-75.538098680999951,6.2803868370000373],[-75.538028360999988,6.2803234570000654],[-75.538040784999964,6.2803069880000635],[-75.538030809999952,6.280292566000071],[-75.538081511999962,6.2802370410000208],[-75.538088885999969,6.2802471770000352],[-75.538100913999983,6.2802371110000763],[-75.538136816999952,6.2802789730000654],[-75.538166639999986,6.2802626210000767],[-75.538125782999941,6.2802021300000206],[-75.538173312999959,6.2801754520000372],[-75.538217928999984,6.2801320360000545],[-75.538227202999963,6.2801595710000697],[-75.538260101999981,6.280209138000032],[-75.538272039999981,6.2801972660000729],[-75.538276988999939,6.2801871000000347],[-75.538285863999988,6.2801808670000696],[-75.538289425999949,6.280176554000036],[-75.538295937999976,6.2801731870000594],[-75.538304016999973,6.2801618100000383],[-75.538304622999988,6.2801565360000495],[-75.538303692999989,6.2801501630000303],[-75.538302934999933,6.2801450590000627],[-75.538301425999975,6.2801360710000722],[-75.538300557999946,6.2801309340000557],[-75.538295625999979,6.2801263260000724],[-75.538287069999967,6.2801248140000325],[-75.538280304999944,6.2801256920000696],[-75.538278952999974,6.2801258680000274],[-75.538257109999961,6.2801346780000245],[-75.538245013999983,6.2801151600000367],[-75.538238732999957,6.280108609000024],[-75.53823351799997,6.2801139300000273],[-75.538229456999943,6.2801283970000554],[-75.538160429999948,6.2800624090000383],[-75.538213975999952,6.2800237850000258],[-75.538232066999967,6.2800412490000213],[-75.538242800999967,6.2800319220000347],[-75.53824601599996,6.2800304280000319],[-75.538238942999953,6.2800161470000262],[-75.538294504999953,6.2799699820000683],[-75.538297891999946,6.2799664960000428],[-75.538280511999972,6.2799424040000531],[-75.538267647999987,6.2799215310000704],[-75.538285950999978,6.2799111190000758],[-75.538271707999968,6.2798898000000349],[-75.538290833999952,6.2798668380000322],[-75.538314813999989,6.27989567700007],[-75.538324650999982,6.2798897070000521],[-75.538301800999989,6.2798569140000495],[-75.538283639999975,6.2798289100000488],[-75.538334145999954,6.2797968000000424],[-75.538338024999973,6.2797949390000554],[-75.538341773999946,6.2797917970000299],[-75.538348129999974,6.2797869740000465],[-75.538359252999953,6.279803166000022],[-75.538377274999959,6.2797900810000442],[-75.538420824999946,6.2797517010000661],[-75.53842975799995,6.2797628450000502],[-75.538449097999944,6.2797502470000381],[-75.538438644999985,6.2797307200000319],[-75.538497501999984,6.2796934270000406],[-75.53853909999998,6.2797423250000293],[-75.538594817999979,6.279682929000046],[-75.538628819999985,6.2797225550000348],[-75.538658242999986,6.2797826200000486],[-75.538690474999953,6.2797707140000512],[-75.538688155999978,6.279752912000049],[-75.538751708999939,6.2797194420000437],[-75.538759429999971,6.2797261790000221],[-75.538778178999962,6.2797216280000612],[-75.538770109999973,6.2796998160000612],[-75.538812376999942,6.2796744190000595],[-75.538826840999945,6.2796905450000509],[-75.538853006999943,6.279665297000065],[-75.538852625999937,6.2796570000000429],[-75.538898269999947,6.2796206750000465],[-75.538949498999955,6.2795992220000585],[-75.538962879999985,6.2795957730000396],[-75.539021912999942,6.2796992810000347],[-75.539000860999977,6.2797100070000624],[-75.539135144999989,6.2799587090000273],[-75.539115164999941,6.2799711450000473],[-75.539030870999966,6.2800180830000727],[-75.539008423999974,6.2800281570000607],[-75.539022087999967,6.2800610550000329],[-75.53906436799997,6.2800384850000341],[-75.539176450999946,6.2800127490000364],[-75.539198991999967,6.2800323700000718],[-75.539209245999984,6.2800879100000202],[-75.539244992999954,6.2801628130000609],[-75.539245919999985,6.2801609170000461],[-75.539253825999936,6.2801506120000568],[-75.539260484999943,6.2801453230000561],[-75.539267582999969,6.2801447630000666],[-75.539267628999937,6.2801447590000521],[-75.53926998999998,6.2801445730000296],[-75.539274950999982,6.2801438540000731],[-75.539275983999971,6.2801437070000361],[-75.539280970999982,6.2801429860000439],[-75.539278228999933,6.2801341700000535],[-75.539274430999967,6.2801255550000405],[-75.539045634999979,6.2796525560000305],[-75.539033324999934,6.2796370880000723],[-75.539030569999966,6.2796292580000568],[-75.539020133999941,6.2796138170000404],[-75.538981998999986,6.2795714160000671],[-75.538978562999944,6.2795668790000718],[-75.538967747999948,6.2795555690000242],[-75.538914374999933,6.2794962310000528],[-75.538871480999944,6.2793693700000404],[-75.538871425999957,6.2793691720000311],[-75.538852549999945,6.2792790680000508],[-75.538812329999985,6.2792807630000311],[-75.537708812999938,6.2801251280000656],[-75.537723436999954,6.2801736750000714],[-75.538082279999969,6.2804119490000403],[-75.538096430999985,6.280476363000048],[-75.53811908299997,6.280484925000053],[-75.538122200999965,6.2804985920000718],[-75.538132061999988,6.2805418020000729],[-75.538148901999989,6.2805327880000732],[-75.538155372999938,6.2805497690000607],[-75.538184267999952,6.2805223900000442],[-75.538239279999971,6.2805880340000613],[-75.53824162799998,6.2805918880000604],[-75.538200424999957,6.2806179900000529],[-75.538211958999966,6.2806228700000588],[-75.538235104999956,6.2806153540000764],[-75.53824078699995,6.2806342460000337],[-75.53829178999996,6.2806399750000423],[-75.538288131999934,6.2806547000000705],[-75.538288655999963,6.2806662590000428],[-75.538287335999939,6.2806742510000504],[-75.538286898999957,6.2806795300000431],[-75.538288250999983,6.2806872310000585],[-75.538288662999946,6.2807080490000544],[-75.538310220999961,6.2807120580000628],[-75.538313784999957,6.2807010170000694],[-75.538337461999959,6.2807000080000535],[-75.538341018999972,6.2807226010000363],[-75.538378124999952,6.2807167600000753],[-75.538372871999968,6.2807472900000221],[-75.538389640999981,6.2807470440000657],[-75.538391446999981,6.2807295630000226],[-75.538409196999964,6.2807317730000705],[-75.538427719999959,6.280733203000068],[-75.538432654999951,6.2807338380000601],[-75.538438410999959,6.2807339750000324],[-75.538453327999946,6.2807372440000222],[-75.538466552999978,6.2807394320000753],[-75.538466062999987,6.2807739840000636],[-75.538477910999973,6.2807760650000546],[-75.538479995999978,6.2807583930000419],[-75.538490975999935,6.2807575750000524],[-75.538511851999942,6.2807563220000588],[-75.538512701999935,6.2807285140000317],[-75.538557903999958,6.2807256620000658],[-75.538558291999948,6.2807560790000707]]],[[[-75.538002482999957,6.2813537670000414],[-75.538012311999978,6.2813449830000536],[-75.538009099999954,6.2813431400000468],[-75.538002482999957,6.2813537670000414]]],[[[-75.538102948999949,6.2815401210000346],[-75.538122358999942,6.2815596250000567],[-75.538141695999968,6.2815728070000318],[-75.538144048999982,6.2815718320000542],[-75.538166365999984,6.2815289480000729],[-75.538133038999945,6.281505419000041],[-75.538102948999949,6.2815401210000346]]],[[[-75.538174025999979,6.281594349000045],[-75.53823553899997,6.2816333970000642],[-75.538220534999937,6.2816120980000392],[-75.538256011999977,6.2815703010000448],[-75.538244135999946,6.281562627000028],[-75.538222871999949,6.2815834580000569],[-75.53820172099995,6.2815636550000704],[-75.538174025999979,6.281594349000045]]],[[[-75.538243278999971,6.2816383100000621],[-75.538268713999969,6.2816544550000231],[-75.538299472999938,6.2816153340000369],[-75.538294806999943,6.2816026880000209],[-75.538243278999971,6.2816383100000621]]],[[[-75.538324768999985,6.28168207300007],[-75.53833534499995,6.2816866120000441],[-75.53835950399997,6.2816465070000618],[-75.538324768999985,6.28168207300007]]],[[[-75.538620277999939,6.2817368140000553],[-75.538632088999975,6.2817458190000366],[-75.538635239999962,6.2817248430000632],[-75.538620277999939,6.2817368140000553]]],[[[-75.538541987999963,6.2817776020000338],[-75.538542590999953,6.2817778720000206],[-75.538614389999964,6.2817371970000409],[-75.538592191999953,6.2817280890000688],[-75.538600890999987,6.2817041880000488],[-75.538607457999944,6.2816878160000442],[-75.538572916999954,6.2816869720000454],[-75.538557880999974,6.2816853090000677],[-75.538554906999934,6.2816981930000679],[-75.538527230999989,6.2817386440000291],[-75.538513222999939,6.2817537600000719],[-75.538490551999985,6.2817439420000483],[-75.538471697999967,6.281734990000075],[-75.538466043999961,6.2817436310000403],[-75.538541987999963,6.2817776020000338]]],[[[-75.538867244999949,6.2819105040000522],[-75.538948587999982,6.2819471220000764],[-75.539080027999944,6.2820032420000302],[-75.539078838999956,6.2819972960000428],[-75.539072487999988,6.2819867390000468],[-75.539068587999964,6.2819781380000563],[-75.539063194999983,6.2819711540000753],[-75.539059092999935,6.2819540990000746],[-75.539058236999949,6.2819506580000279],[-75.539056100999971,6.281942066000056],[-75.539053151999951,6.2819300970000427],[-75.539050221999958,6.2819181690000505],[-75.539048552999986,6.2819113670000206],[-75.53905029699996,6.2819030910000606],[-75.539053296999953,6.2818999100000497],[-75.539057379999974,6.2818934390000436],[-75.539056785999946,6.2818833670000345],[-75.539055775999941,6.2818716200000608],[-75.539055438999981,6.281870002000062],[-75.539056725999956,6.2818587130000765],[-75.539055348999966,6.2818483020000713],[-75.539062802999979,6.2818455390000736],[-75.539067827999986,6.2818356670000526],[-75.539075304999983,6.2818358280000552],[-75.539077419999956,6.2818226930000378],[-75.539092506999964,6.281825637000054],[-75.539094388999956,6.2818182240000624],[-75.539092998999934,6.2818141170000672],[-75.539095798999938,6.2818100770000456],[-75.539087644999938,6.2818067400000359],[-75.539081908999947,6.2818052060000582],[-75.539078598999936,6.2818045590000224],[-75.539072447999956,6.2818144920000236],[-75.539052689999949,6.2818091040000468],[-75.539041911999959,6.2818071260000465],[-75.539029303999939,6.2818000400000642],[-75.539025331999937,6.2817984200000296],[-75.539015611999957,6.2817951950000293],[-75.53899050299998,6.2817951130000438],[-75.538981492999937,6.2817913020000447],[-75.538970370999948,6.2817840970000702],[-75.538958868999941,6.2817806510000764],[-75.538954266999951,6.2817994360000284],[-75.538929020999944,6.2817924290000633],[-75.538936787999944,6.2817553740000562],[-75.538973246999944,6.2817579390000446],[-75.538986702999978,6.2817176100000438],[-75.538999215999979,6.2816962190000254],[-75.539019570999983,6.2816968590000215],[-75.539029390999985,6.2816514960000518],[-75.539057337999964,6.281647342000042],[-75.539056484999946,6.2816648970000415],[-75.539078093999933,6.2816687260000208],[-75.539092874999938,6.2816640840000559],[-75.539105607999943,6.2816454220000537],[-75.539116760999946,6.281628367000053],[-75.53905238699997,6.2816212450000535],[-75.539006538999956,6.2816160160000436],[-75.539004618999968,6.2815892730000655],[-75.539018968999983,6.281579759000067],[-75.539024075999976,6.281558895000046],[-75.539027875999977,6.2815355700000737],[-75.539046277999944,6.2815036720000421],[-75.53901634999994,6.2814917530000685],[-75.539001002999953,6.2815107690000218],[-75.538948578999964,6.2814742590000492],[-75.538940314999934,6.2814976860000229],[-75.538936455999988,6.2815173680000385],[-75.538928502999966,6.2815164690000529],[-75.538907118999987,6.2815142210000658],[-75.538902957999937,6.2815600320000726],[-75.538898492999976,6.2815899070000683],[-75.538888577999955,6.2815899900000431],[-75.538884138999947,6.28159839500006],[-75.538884551999956,6.2816072840000743],[-75.538858226999935,6.2816035740000302],[-75.538839831999951,6.2815965330000267],[-75.538845807999962,6.2815855360000228],[-75.538826888999949,6.2815837080000279],[-75.538818442999968,6.2815821700000356],[-75.538817280999979,6.2815680020000286],[-75.538817957999981,6.2815546210000548],[-75.538818396999943,6.2815275390000238],[-75.538822560999961,6.2814820000000395],[-75.538825647999943,6.2814406900000677],[-75.53883906599998,6.281438597000033],[-75.538851325999985,6.2814393260000543],[-75.538864245999946,6.2814384080000423],[-75.53887853699996,6.2814405980000743],[-75.538941664999982,6.2814611320000608],[-75.538963004999971,6.2814225010000655],[-75.538988179999933,6.2813733490000345],[-75.539048142999945,6.281407950000073],[-75.539048838999975,6.2813809480000486],[-75.539067547999935,6.2813478740000619],[-75.539055512999937,6.2813385070000436],[-75.53908484699997,6.2812950930000397],[-75.539108198999941,6.2812755100000572],[-75.539131527999984,6.2812828010000317],[-75.539140232999955,6.2812695960000724],[-75.539148065999939,6.281256714000051],[-75.539121721999948,6.2812387010000634],[-75.539144832999966,6.281201023000051],[-75.539163809999934,6.2811587040000632],[-75.539229835999947,6.2812118530000589],[-75.539200973999982,6.2812501070000621],[-75.539220908999937,6.2812362270000222],[-75.539234619999945,6.2812512590000438],[-75.539259730999959,6.2812265730000263],[-75.539246855999977,6.2812180770000623],[-75.539251984999964,6.2812021490000234],[-75.539260252999952,6.2811831050000251],[-75.539274392999971,6.2811945160000278],[-75.539283370999954,6.2811756720000744],[-75.539322118999962,6.2810759970000731],[-75.539340395999943,6.2810444940000707],[-75.539331655999945,6.2810374490000527],[-75.539305964999983,6.2810343990000206],[-75.539317009999934,6.2809703970000328],[-75.539295154999934,6.2809595930000341],[-75.539281819999985,6.280985170000065],[-75.53926772899996,6.281001629000059],[-75.539242883999975,6.2809842460000596],[-75.539233378999938,6.2809820540000487],[-75.53922825099994,6.2809979820000308],[-75.539194375999955,6.2809956440000292],[-75.53918910799996,6.2809992550000402],[-75.539183186999935,6.2810059000000251],[-75.539182052999934,6.2810075080000729],[-75.539177950999942,6.2810153690000448],[-75.539175414999988,6.2810230510000338],[-75.539172441999938,6.2810293140000226],[-75.539163025999983,6.2810536880000427],[-75.539208719999976,6.2810769610000534],[-75.53921625199996,6.2810853230000703],[-75.539222867999968,6.2810894450000205],[-75.539219141999979,6.2810975620000704],[-75.539204192999989,6.2811225870000271],[-75.539194369999962,6.2811314090000678],[-75.539185379999935,6.2811429780000481],[-75.539172852999968,6.2811586600000737],[-75.53915718099995,6.2811480420000407],[-75.539141892999965,6.2811377210000501],[-75.539126739999972,6.2811344450000206],[-75.539117271999942,6.2811322300000256],[-75.539104972999951,6.2811317790000203],[-75.539096506999954,6.2811324880000257],[-75.539088595999942,6.2811346700000286],[-75.539077691999978,6.2811431450000441],[-75.539072665999981,6.2811481610000328],[-75.539067043999978,6.2811549490000402],[-75.539064370999938,6.281161356000041],[-75.539059614999985,6.2811710820000712],[-75.539057105999973,6.2811775630000284],[-75.539056788999972,6.2811807720000274],[-75.539056154999969,6.2811872000000335],[-75.539054050999937,6.2811938430000396],[-75.539050274999965,6.2812039780000646],[-75.539049400999943,6.2812057030000688],[-75.539044145999981,6.2812160850000396],[-75.539041464999968,6.281221275000064],[-75.539038734999963,6.2812264600000276],[-75.539038063999953,6.281232995000039],[-75.539034070999946,6.281235084000059],[-75.539031860999955,6.2812418180000691],[-75.53902930299995,6.281251859000065],[-75.539020106999942,6.2812529400000585],[-75.539012801999945,6.2812505510000278],[-75.539006097999959,6.2812497180000264],[-75.53900092899994,6.2812487050000527],[-75.538996432999966,6.2812492780000753],[-75.538989374999971,6.281246976000034],[-75.538977762999934,6.2812452190000272],[-75.538965865999955,6.2812528940000334],[-75.538950998999951,6.2812473910000222],[-75.538943244999984,6.2812421670000731],[-75.538933222999958,6.2812371260000646],[-75.538926780999986,6.2812326260000759],[-75.53891865099996,6.2812319820000653],[-75.53891121099997,6.2812276580000344],[-75.538902151999935,6.2812244120000287],[-75.538891704999969,6.2812176070000305],[-75.538863039999967,6.2812542530000428],[-75.538847331999989,6.2812781470000232],[-75.538809694999941,6.2812588620000724],[-75.538845342999934,6.2812030330000539],[-75.53885752399998,6.2811897980000708],[-75.538860782999961,6.2811895450000748],[-75.538875336999979,6.2811987990000375],[-75.538902251999957,6.2812156910000567],[-75.538925920999986,6.2811778450000588],[-75.538884813999971,6.2811640070000294],[-75.538900867999985,6.2811289950000742],[-75.538908486999958,6.2811164090000489],[-75.538903896999955,6.2811135220000551],[-75.538893864999977,6.2811084580000625],[-75.538892282999939,6.281108611000036],[-75.538882118999936,6.2811145320000605],[-75.538873898999952,6.2811164410000515],[-75.538848774999963,6.2810960340000292],[-75.538821446999975,6.2811435280000296],[-75.538841252999987,6.2811547850000693],[-75.538832257999957,6.2811647000000335],[-75.538839204999988,6.2811846830000491],[-75.538811984999938,6.2812223810000205],[-75.538787719999959,6.2812482740000632],[-75.538772890999951,6.2812414910000598],[-75.538767980999978,6.2812461760000247],[-75.538717328999951,6.2811987100000692],[-75.538735033999956,6.2811766890000627],[-75.538764533999938,6.2811111310000456],[-75.53877549799995,6.2811168040000211],[-75.538813058999949,6.2810517710000227],[-75.538802689999955,6.2810325410000587],[-75.538793578999957,6.2810359080000353],[-75.538768576999985,6.2810301020000452],[-75.538774794999938,6.2810127960000273],[-75.538757246999978,6.2810104140000362],[-75.538723768999944,6.2810654250000653],[-75.538690006999957,6.281046113000059],[-75.538701397999944,6.2810216540000283],[-75.538687931999959,6.2810134930000459],[-75.538666475999946,6.2810509080000543],[-75.538680814999964,6.2810648370000308],[-75.538650659999973,6.2811155400000303],[-75.538629003999972,6.2811529200000678],[-75.538575705999961,6.2811215950000587],[-75.538614525999947,6.2810629150000636],[-75.538633493999953,6.2810332240000548],[-75.53859067999997,6.2810198600000717],[-75.53863767699994,6.280932713000027],[-75.538582935999955,6.2809239270000603],[-75.538578647999941,6.2809515020000504],[-75.538539413999956,6.2809499260000621],[-75.538525014999948,6.2809984430000441],[-75.538515794999967,6.281029563000061],[-75.538492509999969,6.2810600300000488],[-75.538489682999966,6.281067093000047],[-75.538487695999947,6.2810713600000554],[-75.538485198999979,6.2810797730000445],[-75.538483234999944,6.2810840560000543],[-75.538477841999963,6.2810927530000527],[-75.538473605999968,6.2810999880000509],[-75.538471350999941,6.2811029450000433],[-75.538467823999952,6.2811129200000551],[-75.538465419999966,6.2811214270000733],[-75.538473647999979,6.2811248640000485],[-75.538476599999967,6.2811246330000472],[-75.538483901999939,6.2811279170000489],[-75.538492576999943,6.2811220050000429],[-75.53849717099996,6.2811160770000356],[-75.538504062999948,6.2811071860000425],[-75.538516219999963,6.281117221000045],[-75.538503306999985,6.2811373510000408],[-75.538510681999981,6.281140639000057],[-75.538503752999986,6.2811888890000205],[-75.53851973899998,6.2811965440000677],[-75.538513424999962,6.2812295720000293],[-75.538464019999935,6.2812959900000465],[-75.538452935999942,6.2813281770000344],[-75.538438246999988,6.2813736930000346],[-75.538434271999961,6.2813828190000436],[-75.538402652999935,6.2814321630000336],[-75.538399853999977,6.2814563570000246],[-75.538367204999986,6.2815257200000474],[-75.538325011999973,6.281516239000041],[-75.538325932999953,6.2815047700000264],[-75.538329835999946,6.2814593130000276],[-75.538349376999975,6.2814653260000455],[-75.538360363999971,6.2814529330000255],[-75.538366918999941,6.2814274520000595],[-75.538347365999982,6.281421377000072],[-75.538350369999989,6.2814051670000595],[-75.538366513999961,6.2813436510000429],[-75.538356237999949,6.2813343260000352],[-75.538373758999967,6.2813014570000405],[-75.53838865299997,6.2812998420000667],[-75.538396311999975,6.2812900370000762],[-75.538381890999972,6.281282908000037],[-75.538354278999975,6.2812644410000757],[-75.538350579999985,6.2812605000000303],[-75.538345853999942,6.2812581460000274],[-75.538340782999967,6.2812543480000613],[-75.538329214999976,6.2812468350000472],[-75.538319514999955,6.2812407950000306],[-75.538359680999974,6.2811846660000583],[-75.538370654999937,6.2811912460000485],[-75.538374931999954,6.2811833280000542],[-75.538388812999983,6.2811527590000651],[-75.53843255399994,6.2811743090000505],[-75.538459988999989,6.2811897600000748],[-75.53846127199995,6.2811764270000481],[-75.538447761999976,6.2811705710000751],[-75.538449884999977,6.2811640650000413],[-75.53844811099998,6.2811559490000377],[-75.538447223999981,6.2811518980000756],[-75.53844634099994,6.2811478520000605],[-75.538452951999943,6.281137693000062],[-75.538457063999942,6.2811235460000603],[-75.538453219999951,6.2811197430000334],[-75.538447944999973,6.2811160760000462],[-75.538433471999952,6.2811058190000608],[-75.538409042999945,6.2811549200000627],[-75.538400661999958,6.2811550050000733],[-75.538362397999947,6.2811303480000333],[-75.53835586699995,6.2811275900000396],[-75.538367887999982,6.2811099200000626],[-75.53838714799997,6.2810807070000578],[-75.538400463999949,6.2810464210000418],[-75.53840050499997,6.2810430690000203],[-75.538391015999935,6.281038077000062],[-75.538388641999973,6.2810374310000725],[-75.538379636999935,6.2810452590000523],[-75.538374027999964,6.2810619290000318],[-75.538366302999975,6.2810978510000268],[-75.538312146999942,6.2810823400000686],[-75.53830832899996,6.2811088140000493],[-75.538281360999974,6.281107564000024],[-75.538284309999938,6.2810650820000546],[-75.53831159899994,6.2810697000000459],[-75.538317207999967,6.2810408300000518],[-75.538266259999943,6.2810283730000265],[-75.538268354999957,6.2810137960000247],[-75.538271018999978,6.2809989370000494],[-75.538252367999974,6.2809935530000303],[-75.538258092999968,6.2809615360000635],[-75.538259640999968,6.2809526620000611],[-75.53826283899997,6.2809394850000331],[-75.538263596999968,6.2809343520000311],[-75.538257571999964,6.2809330120000482],[-75.53825754199994,6.2809380000000488],[-75.538219993999974,6.2810045070000342],[-75.538210126999957,6.2810219090000601],[-75.53813514899997,6.2811478720000764],[-75.538134843999956,6.2811491960000581],[-75.538134553999953,6.2811504270000569],[-75.538086498999974,6.2812313140000242],[-75.538122835999957,6.2812569080000458],[-75.538127395999936,6.2812603820000277],[-75.538133117999962,6.2812625170000729],[-75.538139365999939,6.2812674360000642],[-75.538142942999968,6.2812725560000331],[-75.538148957999965,6.28127610100006],[-75.538155214999961,6.2812809910000738],[-75.538153696999984,6.2812879370000587],[-75.538154867999936,6.2812946890000489],[-75.538170259999958,6.2813045440000224],[-75.538173830999938,6.2813015070000233],[-75.53817827499995,6.2812956490000715],[-75.53818025399994,6.2812913600000684],[-75.538185183999985,6.2812882230000469],[-75.538188515999934,6.2812838290000741],[-75.538190737999969,6.2812809000000698],[-75.538195425999959,6.28127640200006],[-75.538199869999971,6.2812705450000408],[-75.53820591799996,6.2812659370000574],[-75.538209747999986,6.2812642530000744],[-75.538217015999976,6.2812547400000653],[-75.538250619999985,6.281271299000025],[-75.538258572999951,6.281258249000075],[-75.538257504999933,6.2812378220000369],[-75.538288828999953,6.2812372360000381],[-75.538283299999989,6.2812648070000705],[-75.538292603999935,6.2812697980000394],[-75.538285691999988,6.2812818480000487],[-75.538289059999954,6.2812847670000451],[-75.53829858499995,6.2812702420000619],[-75.538327323999965,6.2812875620000455],[-75.53830966299995,6.2813169340000741],[-75.538294192999956,6.2813379420000501],[-75.538307639999971,6.2813476170000513],[-75.538324193999983,6.2813614060000305],[-75.538288094999984,6.2814145670000698],[-75.538250157999983,6.2814694230000327],[-75.538195761999987,6.2814261560000659],[-75.538183663999973,6.2814133980000406],[-75.538174595999976,6.2814247750000618],[-75.538125808999951,6.2813870800000586],[-75.538124987999936,6.2813786790000563],[-75.538117333999935,6.2813736560000279],[-75.538115222999977,6.2813773720000654],[-75.538103464999949,6.2813714870000581],[-75.538097474999972,6.2813683320000564],[-75.53809301299998,6.2813658810000561],[-75.538087230999963,6.2813635530000624],[-75.538080144999981,6.2813613770000529],[-75.538074625999968,6.2813604790000568],[-75.538071573999957,6.2813664460000496],[-75.538070068999957,6.281373699000028],[-75.538068560999989,6.2813809650000394],[-75.538068148999969,6.2813867160000427],[-75.538063784999963,6.2813929440000607],[-75.538060536999978,6.2813977210000758],[-75.538040082999942,6.28142097500006],[-75.538023443999975,6.2814405910000346],[-75.538011870999981,6.2814474090000658],[-75.538012494999975,6.2814492570000766],[-75.538013946999968,6.2814507010000398],[-75.538017689999947,6.2814544610000667],[-75.538040904999946,6.2814777770000205],[-75.538061243999948,6.281498215000056],[-75.538081708999982,6.281464594000056],[-75.53810946599998,6.281424917000038],[-75.538162357999965,6.2814672620000351],[-75.538138370999945,6.2815007960000457],[-75.538152735999972,6.2815079500000479],[-75.53815958399997,6.2815150780000408],[-75.538164294999945,6.28151787500002],[-75.538171321999982,6.2815176510000583],[-75.538179723999974,6.2815172580000649],[-75.53818393399996,6.2815170640000701],[-75.538192687999981,6.2815106140000694],[-75.538197222999941,6.2815043590000528],[-75.538201753999942,6.2814981090000401],[-75.538204600999961,6.2814904400000273],[-75.538207717999967,6.281484272000057],[-75.53821166299997,6.2814825720000727],[-75.538218382999958,6.2814806380000618],[-75.53822615699994,6.2814769710000746],[-75.538230287999966,6.2814723830000503],[-75.538237830999947,6.2814789860000246],[-75.53824285099995,6.2814830820000225],[-75.538247885999965,6.2814871910000534],[-75.538253224999949,6.2814907790000234],[-75.538256958999966,6.2814796560000445],[-75.538290103999941,6.2815045020000753],[-75.538260600999934,6.2815418490000638],[-75.538271176999956,6.2815505370000437],[-75.538287018999938,6.281532979000076],[-75.538317996999979,6.2815639340000757],[-75.538289596999959,6.2815874650000296],[-75.538307952999958,6.2816115400000285],[-75.538340095999956,6.2815645980000454],[-75.538389858999949,6.2816018870000221],[-75.538417899999956,6.2815567650000617],[-75.538442616999987,6.2815677000000392],[-75.538425957999948,6.2815541410000719],[-75.538429302999987,6.2815480560000765],[-75.538434393999978,6.2815433280000548],[-75.538437193999982,6.2815343380000286],[-75.53844080999994,6.2815297050000254],[-75.538445901999978,6.2815249750000248],[-75.538449243999935,6.2815188910000757],[-75.538453132999962,6.281515703000025],[-75.538455926999973,6.2815067230000636],[-75.53845806299995,6.2815021860000684],[-75.538460197999939,6.2814976500000625],[-75.538461783999935,6.2814902260000736],[-75.538462425999967,6.2814857800000254],[-75.538461526999981,6.2814813670000262],[-75.538461530999939,6.2814739430000373],[-75.538465721999955,6.2814648180000745],[-75.538466619999951,6.281461805000049],[-75.538470808999989,6.2814526890000479],[-75.538470508999978,6.2814512270000478],[-75.538474291999989,6.2814439440000456],[-75.538459918999934,6.2814398330000358],[-75.538465291999955,6.2814263080000501],[-75.538464017999956,6.2814204170000494],[-75.538473842999963,6.2813973150000493],[-75.538482577999957,6.2813995800000271],[-75.538490220999961,6.2813821030000554],[-75.538490898999953,6.281352322000032],[-75.538513868999985,6.2813601750000316],[-75.538516525999967,6.2813816470000461],[-75.53856265099995,6.2813996860000429],[-75.538589627999954,6.2813531730000705],[-75.538531580999972,6.2813181710000663],[-75.538555183999961,6.2812581600000499],[-75.538626842999975,6.2812959230000729],[-75.538621185999943,6.2813064250000252],[-75.538648470999988,6.2813176040000371],[-75.538640094999948,6.2813299530000677],[-75.538625153999988,6.2813575380000657],[-75.538601868999933,6.2813494490000608],[-75.538566414999934,6.2814023190000512],[-75.538551354999981,6.2814335320000509],[-75.538565447999986,6.2814409930000465],[-75.538563787999976,6.2814434630000733],[-75.538554881999971,6.2814627010000663],[-75.538544180999963,6.2814583250000737],[-75.538536713999974,6.2814759840000534],[-75.538510484999961,6.2814709700000435],[-75.538494174999983,6.2815037470000448],[-75.538486309999939,6.2815262770000686],[-75.538468845999944,6.281519759000048],[-75.538444863999985,6.2815543210000442],[-75.538450089999969,6.2815722910000318],[-75.538463992999937,6.2815786500000286],[-75.538481001999969,6.2815896210000233],[-75.538545383999974,6.2816172280000728],[-75.538533111999982,6.2816473370000381],[-75.538565259999984,6.2816650310000455],[-75.538566751999952,6.2816467220000618],[-75.538571594999951,6.2816123840000273],[-75.538600156999962,6.2815363450000632],[-75.538613745999953,6.2815009760000748],[-75.538614024999958,6.2814134250000393],[-75.538615608999976,6.2813859410000532],[-75.538620877999961,6.2813738930000227],[-75.538693997999985,6.2813837590000503],[-75.538689691999934,6.2814518250000333],[-75.538689984999962,6.2815124990000299],[-75.538736954999933,6.2815219360000469],[-75.538744351999981,6.2815261350000355],[-75.538764912999966,6.2815351920000353],[-75.538758480999945,6.2815814810000461],[-75.538739143999976,6.2815762950000362],[-75.538719580999953,6.2816631360000201],[-75.538715206999939,6.2816685950000419],[-75.538704134999989,6.2816670670000576],[-75.538694800999963,6.2816827170000238],[-75.538700848999952,6.2816878690000522],[-75.538696193999954,6.2817057400000635],[-75.538707743999964,6.2817126870000379],[-75.538675798999975,6.2817829150000648],[-75.538698575999945,6.281796049000036],[-75.538867244999949,6.2819105040000522]]]]},"properties":{"OBJECTID":1180,"Año":2025,"Tipo":"Zonas verdes","Aream2":14755.348830956989,"lenght":3255.6291631106046,"Ubicacion":null}}]}